102,pseudo,study
214,pseudo,study
235,pseudo,study
20,pseudo,study
213,pseudo,study
17,real,study
192,pseudo,study
132,real,study
162,pseudo,study
18,pseudo,study
128,real,study
3,pseudo,study
237,pseudo,study
209,real,study
84,pseudo,study
10,pseudo,study
209,real,study
113,real,study
70,pseudo,study
106,real,study
206,real,study
82,pseudo,study
236,pseudo,study
65,real,study
148,real,study
10,real,study
129,pseudo,study
49,pseudo,study
31,real,study
55,pseudo,study
235,pseudo,study
10,pseudo,study
174,pseudo,study
76,pseudo,study
178,real,study
113,real,study
112,pseudo,study
83,real,study
78,real,study
202,pseudo,study
144,real,study
39,real,study
48,real,study
43,real,study
30,pseudo,study
174,pseudo,study
102,pseudo,study
48,real,study
221,real,study
31,pseudo,study
221,real,study
236,pseudo,study
58,pseudo,study
150,real,study
109,real,study
18,pseudo,study
98,pseudo,study
55,pseudo,study
39,real,study
158,pseudo,study
82,pseudo,study
80,real,study
71,real,study
132,real,study
83,pseudo,study
124,real,study
162,pseudo,study
8,pseudo,study
20,pseudo,study
58,real,study
44,real,study
83,pseudo,study
182,real,study
109,real,study
81,pseudo,study
124,real,study
93,pseudo,study
150,pseudo,study
148,real,study
70,real,study
143,real,study
42,pseudo,study
133,real,study
79,real,study
228,pseudo,study
142,real,study
81,pseudo,study
58,pseudo,study
167,real,study
49,pseudo,study
128,real,study
150,real,study
167,real,study
45,real,study
55,real,study
66,real,study
158,pseudo,study
78,real,study
76,pseudo,study
129,pseudo,study
70,pseudo,study
65,real,study
213,pseudo,study
3,pseudo,study
182,real,study
139,real,study
192,pseudo,study
98,real,study
136,real,study
142,real,study
42,pseudo,study
84,pseudo,study
15,pseudo,study
1,pseudo,study
30,pseudo,study
143,pseudo,study
71,real,study
1,pseudo,study
58,real,study
83,real,study
136,real,study
70,real,study
10,real,study
98,pseudo,study
106,real,study
133,real,study
202,pseudo,study
189,pseudo,study
55,real,study
31,pseudo,study
206,real,study
120,real,study
143,real,study
45,real,study
80,real,study
120,real,study
31,real,study
150,pseudo,study
93,pseudo,study
56,pseudo,study
43,real,study
66,real,study
112,pseudo,study
98,real,study
178,real,study
139,real,study
237,pseudo,study
214,pseudo,study
44,real,study
143,pseudo,study
184,pseudo,study
56,pseudo,study
15,pseudo,study
8,pseudo,study
228,pseudo,study
79,real,study
189,pseudo,study
144,real,study
184,pseudo,study
17,real,study
