143,pseudo,study
140,pseudo,study
23,pseudo,study
71,pseudo,study
71,real,study
69,pseudo,study
189,real,study
12,pseudo,study
63,real,study
83,real,study
23,pseudo,study
124,real,study
176,pseudo,study
237,pseudo,study
150,pseudo,study
208,pseudo,study
150,pseudo,study
117,real,study
93,pseudo,study
35,pseudo,study
54,pseudo,study
17,real,study
166,pseudo,study
64,real,study
207,pseudo,study
93,pseudo,study
219,real,study
212,pseudo,study
160,real,study
202,pseudo,study
182,pseudo,study
44,real,study
175,real,study
232,pseudo,study
57,pseudo,study
178,pseudo,study
129,pseudo,study
194,pseudo,study
57,pseudo,study
225,pseudo,study
219,real,study
111,real,study
233,pseudo,study
81,pseudo,study
17,real,study
130,real,study
134,real,study
32,real,study
71,pseudo,study
175,pseudo,study
130,real,study
140,pseudo,study
81,pseudo,study
156,pseudo,study
180,real,study
115,real,study
236,pseudo,study
236,pseudo,study
147,real,study
1,real,study
198,real,study
182,real,study
134,real,study
179,real,study
166,pseudo,study
44,real,study
111,real,study
63,real,study
180,real,study
187,pseudo,study
64,real,study
198,real,study
71,real,study
12,pseudo,study
184,pseudo,study
178,pseudo,study
197,pseudo,study
175,pseudo,study
89,real,study
197,pseudo,study
137,real,study
146,pseudo,study
222,pseudo,study
176,pseudo,study
185,real,study
226,real,study
54,pseudo,study
212,pseudo,study
32,real,study
222,pseudo,study
38,pseudo,study
4,pseudo,study
137,real,study
158,pseudo,study
53,real,study
56,real,study
226,real,study
143,pseudo,study
185,real,study
208,pseudo,study
54,real,study
113,real,study
38,real,study
155,real,study
235,real,study
123,pseudo,study
43,real,study
35,pseudo,study
124,real,study
123,pseudo,study
89,real,study
160,real,study
237,pseudo,study
199,real,study
207,pseudo,study
194,pseudo,study
199,real,study
167,real,study
225,pseudo,study
54,real,study
158,pseudo,study
1,real,study
46,real,study
182,real,study
43,real,study
46,real,study
117,real,study
235,real,study
69,pseudo,study
6,real,study
155,real,study
147,real,study
156,pseudo,study
202,pseudo,study
182,pseudo,study
129,pseudo,study
239,real,study
189,real,study
175,real,study
187,pseudo,study
6,real,study
115,real,study
80,pseudo,study
80,pseudo,study
184,pseudo,study
39,pseudo,study
56,real,study
4,pseudo,study
167,real,study
146,pseudo,study
233,pseudo,study
38,real,study
39,pseudo,study
179,real,study
113,real,study
232,pseudo,study
53,real,study
239,real,study
38,pseudo,study
83,real,study
