shin,real,study
brer,pseudo,study
flind,pseudo,study
doll,real,study
spords,pseudo,study
doll,real,study
filtraneon,pseudo,study
director,real,study
poison,real,study
truce,real,study
language,real,study
flench,pseudo,study
stass,pseudo,study
level,real,study
froo,pseudo,study
base,real,study
yates,pseudo,study
page,real,study
skreets,pseudo,study
page,real,study
strope,pseudo,study
half,real,study
krey,pseudo,study
vorse,pseudo,study
mask,real,study
insurance,real,study
greal,pseudo,study
chorce,pseudo,study
strimes,pseudo,study
par,real,study
surgery,real,study
trecimen,pseudo,study
slen,pseudo,study
date,real,study
brots,pseudo,study
vorse,pseudo,study
respect,real,study
fear,real,study
prile,pseudo,study
crime,real,study
cable,real,study
student,real,study
half,real,study
pength,pseudo,study
fountain,real,study
hatch,real,study
blourig,pseudo,study
someone,real,study
ego,real,study
forge,real,study
spords,pseudo,study
poison,real,study
brots,pseudo,study
yates,pseudo,study
hospital,real,study
doe,real,study
clept,pseudo,study
skreets,pseudo,study
thite,pseudo,study
fren,pseudo,study
brinds,pseudo,study
trecimen,pseudo,study
emergency,real,study
krey,pseudo,study
stross,pseudo,study
diet,real,study
thich,pseudo,study
neast,pseudo,study
level,real,study
diet,real,study
blourig,pseudo,study
dagger,real,study
poker,real,study
thars,pseudo,study
mask,real,study
thairs,pseudo,study
fear,real,study
neast,pseudo,study
strimes,pseudo,study
shance,pseudo,study
stross,pseudo,study
emergency,real,study
hospital,real,study
thars,pseudo,study
glanslator,pseudo,study
dinner,real,study
froud,pseudo,study
filtraneon,pseudo,study
inniberal,pseudo,study
yesterday,real,study
flind,pseudo,study
greal,pseudo,study
student,real,study
centre,real,study
ginds,pseudo,study
inniberal,pseudo,study
language,real,study
stass,pseudo,study
fountain,real,study
dagger,real,study
dinner,real,study
froo,pseudo,study
director,real,study
thite,pseudo,study
chorce,pseudo,study
shance,pseudo,study
respect,real,study
par,real,study
thich,pseudo,study
husband,real,study
brinds,pseudo,study
poker,real,study
thairs,pseudo,study
audience,real,study
bleast,pseudo,study
wash,real,study
yesterday,real,study
centre,real,study
husband,real,study
someone,real,study
kreat,pseudo,study
crime,real,study
glanslator,pseudo,study
hatch,real,study
base,real,study
flench,pseudo,study
position,real,study
forge,real,study
kreat,pseudo,study
motel,real,study
ego,real,study
pength,pseudo,study
position,real,study
mint,real,study
prile,pseudo,study
mint,real,study
clept,pseudo,study
insurance,real,study
bleast,pseudo,study
audience,real,study
smeed,pseudo,study
froud,pseudo,study
wash,real,study
fren,pseudo,study
motel,real,study
brer,pseudo,study
plense,pseudo,study
strope,pseudo,study
ginds,pseudo,study
cable,real,study
slen,pseudo,study
date,real,study
doe,real,study
shin,real,study
abbunition,pseudo,study
abbunition,pseudo,study
truce,real,study
surgery,real,study
smeed,pseudo,study
plense,pseudo,study
