tomorrow,real,study
gomes,pseudo,study
phrass,pseudo,study
whope,pseudo,study
muck,real,study
staff,real,study
swest,pseudo,study
treleton,pseudo,study
slit,real,study
woice,pseudo,study
pork,real,study
frost,real,study
ginger,real,study
facks,pseudo,study
prunk,pseudo,study
pike,real,study
nurse,real,study
clief,pseudo,study
professor,real,study
crock,real,study
mule,real,study
rirls,pseudo,study
bolt,real,study
stomes,pseudo,study
percent,real,study
arrailig,pseudo,study
muck,real,study
thome,pseudo,study
accident,real,study
pork,real,study
program,real,study
bay,real,study
crock,real,study
crallest,pseudo,study
decision,real,study
swort,pseudo,study
tourse,pseudo,study
dorld,pseudo,study
prayer,real,study
twan,pseudo,study
whope,pseudo,study
crown,real,study
rush,real,study
thown,pseudo,study
chocolate,real,study
sire,real,study
cright,pseudo,study
percent,real,study
phream,pseudo,study
pange,pseudo,study
nont,pseudo,study
thome,pseudo,study
gnard,pseudo,study
smorth,pseudo,study
arrailig,pseudo,study
chocolate,real,study
tregs,pseudo,study
community,real,study
axe,real,study
slit,real,study
swest,pseudo,study
twan,pseudo,study
birch,real,study
tregs,pseudo,study
gnard,pseudo,study
sire,real,study
smorth,pseudo,study
troes,pseudo,study
clief,pseudo,study
swort,pseudo,study
kitchen,real,study
gown,real,study
pange,pseudo,study
shroad,pseudo,study
stent,pseudo,study
freeze,real,study
tith,pseudo,study
facks,pseudo,study
yeave,pseudo,study
crown,real,study
promise,real,study
breakfast,real,study
nont,pseudo,study
spraw,pseudo,study
bay,real,study
shirl,pseudo,study
greast,pseudo,study
chip,real,study
rirls,pseudo,study
troes,pseudo,study
gomes,pseudo,study
phrass,pseudo,study
frost,real,study
axe,real,study
concert,real,study
community,real,study
yared,pseudo,study
yeave,pseudo,study
tith,pseudo,study
stent,pseudo,study
treleton,pseudo,study
crallest,pseudo,study
brans,pseudo,study
accident,real,study
yared,pseudo,study
pike,real,study
freeze,real,study
dose,real,study
mule,real,study
decision,real,study
hole,real,study
zount,pseudo,study
nones,pseudo,study
gown,real,study
shroad,pseudo,study
process,real,study
shirl,pseudo,study
gath,pseudo,study
bolt,real,study
gath,pseudo,study
prunk,pseudo,study
nones,pseudo,study
birch,real,study
dorld,pseudo,study
ginger,real,study
thown,pseudo,study
bullet,real,study
hole,real,study
dose,real,study
greast,pseudo,study
woice,pseudo,study
load,real,study
seam,real,study
kitchen,real,study
chip,real,study
cright,pseudo,study
rush,real,study
bullet,real,study
theer,pseudo,study
theer,pseudo,study
program,real,study
load,real,study
promise,real,study
brans,pseudo,study
staff,real,study
phream,pseudo,study
concert,real,study
weather,real,study
weather,real,study
zount,pseudo,study
tomorrow,real,study
seam,real,study
tourse,pseudo,study
prayer,real,study
nurse,real,study
spraw,pseudo,study
breakfast,real,study
stomes,pseudo,study
professor,real,study
process,real,study
