92,pseudo,study
56,real,study
66,pseudo,study
207,pseudo,study
39,real,study
61,real,study
121,real,study
83,real,study
142,pseudo,study
49,real,study
237,pseudo,study
219,real,study
180,real,study
139,pseudo,study
160,pseudo,study
83,real,study
185,real,study
191,real,study
35,pseudo,study
191,real,study
141,pseudo,study
190,real,study
18,pseudo,study
81,real,study
31,real,study
186,real,study
87,pseudo,study
131,pseudo,study
70,real,study
135,pseudo,study
159,pseudo,study
136,real,study
212,real,study
198,pseudo,study
108,real,study
103,real,study
94,real,study
205,real,study
142,pseudo,study
23,real,study
1,pseudo,study
238,pseudo,study
97,pseudo,study
69,real,study
145,pseudo,study
198,pseudo,study
238,pseudo,study
190,real,study
67,pseudo,study
128,real,study
51,real,study
145,pseudo,study
214,pseudo,study
57,real,study
191,pseudo,study
154,pseudo,study
197,pseudo,study
162,pseudo,study
81,pseudo,study
25,pseudo,study
204,pseudo,study
25,pseudo,study
224,pseudo,study
71,real,study
17,real,study
162,pseudo,study
103,real,study
82,pseudo,study
214,pseudo,study
61,real,study
81,real,study
97,pseudo,study
178,pseudo,study
108,real,study
6,pseudo,study
81,pseudo,study
10,pseudo,study
26,pseudo,study
139,pseudo,study
116,real,study
187,pseudo,study
186,pseudo,study
115,real,study
71,real,study
198,real,study
131,pseudo,study
56,real,study
224,pseudo,study
141,pseudo,study
186,pseudo,study
46,pseudo,study
94,real,study
26,pseudo,study
128,real,study
159,pseudo,study
46,pseudo,study
212,real,study
233,real,study
118,real,study
207,pseudo,study
215,real,study
191,pseudo,study
147,real,study
67,pseudo,study
203,real,study
35,pseudo,study
152,real,study
197,pseudo,study
65,pseudo,study
66,pseudo,study
135,pseudo,study
39,real,study
237,pseudo,study
23,real,study
65,pseudo,study
154,pseudo,study
82,pseudo,study
18,real,study
51,real,study
147,real,study
185,real,study
186,real,study
18,real,study
1,pseudo,study
152,real,study
17,real,study
6,pseudo,study
118,real,study
160,pseudo,study
178,pseudo,study
86,real,study
70,real,study
137,pseudo,study
215,real,study
10,pseudo,study
121,real,study
136,real,study
192,real,study
18,pseudo,study
151,pseudo,study
87,pseudo,study
69,real,study
203,real,study
192,real,study
137,pseudo,study
57,real,study
187,pseudo,study
180,real,study
86,real,study
49,real,study
233,real,study
92,pseudo,study
205,real,study
151,pseudo,study
219,real,study
204,pseudo,study
31,real,study
198,real,study
116,real,study
115,real,study
