187,real,study
210,pseudo,study
219,real,study
110,pseudo,study
115,real,study
131,pseudo,study
208,real,study
205,real,study
187,real,study
122,pseudo,study
101,pseudo,study
215,pseudo,study
131,pseudo,study
142,real,study
118,real,study
13,pseudo,study
185,real,study
10,real,study
6,pseudo,study
95,pseudo,study
216,pseudo,study
104,real,study
29,pseudo,study
62,pseudo,study
128,real,study
167,real,study
23,pseudo,study
89,real,study
128,pseudo,study
143,pseudo,study
69,real,study
95,pseudo,study
124,real,study
6,real,study
1,pseudo,study
164,real,study
113,pseudo,study
204,pseudo,study
105,pseudo,study
142,real,study
209,pseudo,study
137,pseudo,study
104,pseudo,study
162,real,study
164,real,study
227,real,study
35,pseudo,study
104,real,study
139,real,study
24,real,study
154,pseudo,study
227,real,study
68,pseudo,study
23,pseudo,study
22,pseudo,study
118,real,study
225,pseudo,study
124,real,study
154,pseudo,study
238,real,study
54,real,study
105,pseudo,study
33,pseudo,study
54,pseudo,study
208,real,study
99,real,study
209,pseudo,study
129,real,study
63,pseudo,study
137,pseudo,study
119,real,study
18,real,study
58,real,study
202,real,study
24,real,study
109,pseudo,study
7,real,study
152,pseudo,study
205,real,study
6,pseudo,study
160,pseudo,study
69,real,study
68,pseudo,study
210,pseudo,study
108,pseudo,study
179,real,study
122,pseudo,study
29,pseudo,study
91,pseudo,study
129,real,study
161,real,study
139,real,study
215,pseudo,study
76,real,study
13,real,study
197,pseudo,study
128,real,study
66,real,study
22,pseudo,study
206,real,study
76,real,study
128,pseudo,study
155,real,study
138,real,study
192,real,study
160,pseudo,study
162,real,study
110,pseudo,study
18,real,study
214,real,study
155,real,study
89,real,study
152,pseudo,study
113,pseudo,study
214,real,study
35,pseudo,study
54,real,study
16,pseudo,study
89,pseudo,study
108,pseudo,study
101,pseudo,study
238,real,study
7,real,study
13,real,study
99,real,study
38,pseudo,study
33,pseudo,study
204,pseudo,study
115,real,study
16,pseudo,study
38,pseudo,study
167,real,study
143,pseudo,study
20,pseudo,study
119,real,study
192,real,study
6,real,study
197,pseudo,study
202,real,study
185,real,study
20,pseudo,study
13,pseudo,study
104,pseudo,study
219,real,study
225,pseudo,study
63,pseudo,study
58,real,study
179,real,study
89,pseudo,study
161,real,study
216,pseudo,study
91,pseudo,study
66,real,study
206,real,study
10,real,study
62,pseudo,study
138,real,study
1,pseudo,study
54,pseudo,study
109,pseudo,study
