health,real,study
kreen,pseudo,study
spept,pseudo,study
meat,real,study
surgery,real,study
kreat,pseudo,study
blass,pseudo,study
phank,pseudo,study
ruin,real,study
kitchen,real,study
pleasure,real,study
shore,real,study
tocks,pseudo,study
sheriff,real,study
accident,real,study
slit,real,study
wuite,pseudo,study
sheriff,real,study
flind,pseudo,study
pump,real,study
health,real,study
cise,pseudo,study
kreen,pseudo,study
splim,pseudo,study
nont,pseudo,study
mart,real,study
shroad,pseudo,study
drist,pseudo,study
shroad,pseudo,study
jouse,pseudo,study
borms,pseudo,study
release,real,study
police,real,study
stross,pseudo,study
mask,real,study
dreptical,pseudo,study
truce,real,study
neld,pseudo,study
feed,real,study
master,real,study
tocks,pseudo,study
doll,real,study
pup,real,study
congruoat,pseudo,study
jouse,pseudo,study
motel,real,study
splim,pseudo,study
load,real,study
himes,pseudo,study
seam,real,study
pup,real,study
pump,real,study
scruck,pseudo,study
daughter,real,study
truce,real,study
spept,pseudo,study
thite,pseudo,study
zount,pseudo,study
phank,pseudo,study
twan,pseudo,study
load,real,study
neld,pseudo,study
prave,pseudo,study
wuite,pseudo,study
cleep,pseudo,study
krey,pseudo,study
teacher,real,study
nont,pseudo,study
police,real,study
eye,real,study
firm,real,study
mart,real,study
camp,real,study
swest,pseudo,study
bunk,real,study
stinds,pseudo,study
twan,pseudo,study
feed,real,study
science,real,study
trings,pseudo,study
pope,real,study
snats,pseudo,study
firm,real,study
plales,pseudo,study
teacher,real,study
stinds,pseudo,study
wroke,pseudo,study
camp,real,study
glanslator,pseudo,study
thown,pseudo,study
blass,pseudo,study
krey,pseudo,study
mask,real,study
captain,real,study
slen,pseudo,study
slen,pseudo,study
bead,real,study
rush,real,study
dreptical,pseudo,study
wroke,pseudo,study
captain,real,study
shore,real,study
prave,pseudo,study
bolt,real,study
tranders,pseudo,study
pope,real,study
eye,real,study
drist,pseudo,study
zount,pseudo,study
motel,real,study
wall,real,study
thet,pseudo,study
snats,pseudo,study
plales,pseudo,study
ruin,real,study
trings,pseudo,study
seam,real,study
glanslator,pseudo,study
master,real,study
thet,pseudo,study
scruck,pseudo,study
surgery,real,study
rush,real,study
nurse,real,study
thown,pseudo,study
wax,real,study
congruoat,pseudo,study
kitchen,real,study
bead,real,study
cise,pseudo,study
ego,real,study
daughter,real,study
drong,pseudo,study
drong,pseudo,study
himes,pseudo,study
slit,real,study
smeed,pseudo,study
smeed,pseudo,study
accident,real,study
thite,pseudo,study
bolt,real,study
flind,pseudo,study
swest,pseudo,study
release,real,study
doll,real,study
dinner,real,study
tranders,pseudo,study
nurse,real,study
bunk,real,study
pleasure,real,study
dinner,real,study
cleep,pseudo,study
wall,real,study
science,real,study
kreat,pseudo,study
stross,pseudo,study
wax,real,study
ego,real,study
borms,pseudo,study
meat,real,study
