glam,pseudo,study
peach,real,study
meems,pseudo,study
mesh,real,study
dreril,pseudo,study
flight,real,study
doe,real,study
cleist,pseudo,study
nis,pseudo,study
president,real,study
peck,real,study
yoke,real,study
axe,real,study
rords,pseudo,study
gomes,pseudo,study
lust,real,study
plood,pseudo,study
strept,pseudo,study
gheet,pseudo,study
mood,real,study
peach,real,study
dorth,pseudo,study
zip,real,study
glow,real,study
froud,pseudo,study
pitch,real,study
frars,pseudo,study
plood,pseudo,study
thich,pseudo,study
dreril,pseudo,study
patient,real,study
greast,pseudo,study
glam,pseudo,study
percent,real,study
throuch,pseudo,study
chorce,pseudo,study
priend,pseudo,study
test,real,study
opinion,real,study
keaves,pseudo,study
level,real,study
director,real,study
spled,pseudo,study
gheet,pseudo,study
frince,pseudo,study
box,real,study
rink,real,study
choth,pseudo,study
bile,real,study
gentleman,real,study
today,real,study
zip,real,study
creer,pseudo,study
thich,pseudo,study
president,real,study
streer,pseudo,study
rink,real,study
base,real,study
corner,real,study
interview,real,study
treleton,pseudo,study
swars,pseudo,study
fass,pseudo,study
chorce,pseudo,study
jet,real,study
gentleman,real,study
crown,real,study
froud,pseudo,study
director,real,study
staff,real,study
hank,real,study
throuch,pseudo,study
treleton,pseudo,study
prayer,real,study
streer,pseudo,study
spled,pseudo,study
pot,real,study
today,real,study
brer,pseudo,study
dorld,pseudo,study
sap,real,study
nis,pseudo,study
plene,pseudo,study
tourse,pseudo,study
grix,pseudo,study
staff,real,study
test,real,study
whope,pseudo,study
stass,pseudo,study
ratio,real,study
nuse,pseudo,study
fass,pseudo,study
box,real,study
level,real,study
zalls,pseudo,study
peck,real,study
prayer,real,study
colour,real,study
yoke,real,study
grix,pseudo,study
lust,real,study
brer,pseudo,study
woice,pseudo,study
hank,real,study
picture,real,study
rords,pseudo,study
aim,real,study
bullet,real,study
stass,pseudo,study
base,real,study
keaves,pseudo,study
frince,pseudo,study
priend,pseudo,study
greast,pseudo,study
choth,pseudo,study
patient,real,study
jet,real,study
pould,pseudo,study
bullet,real,study
trail,real,study
zalls,pseudo,study
mood,real,study
bile,real,study
gomes,pseudo,study
doe,real,study
frars,pseudo,study
tourse,pseudo,study
otterings,pseudo,study
picture,real,study
cleist,pseudo,study
glow,real,study
crown,real,study
plene,pseudo,study
pitch,real,study
creer,pseudo,study
colour,real,study
corner,real,study
pot,real,study
flight,real,study
whope,pseudo,study
strept,pseudo,study
stry,pseudo,study
nuse,pseudo,study
opinion,real,study
otterings,pseudo,study
swars,pseudo,study
axe,real,study
percent,real,study
ratio,real,study
dorld,pseudo,study
stry,pseudo,study
dorth,pseudo,study
aim,real,study
mesh,real,study
pould,pseudo,study
sap,real,study
woice,pseudo,study
interview,real,study
meems,pseudo,study
trail,real,study
