143,real,study
228,real,study
96,pseudo,study
202,real,study
188,pseudo,study
217,real,study
108,real,study
58,pseudo,study
95,pseudo,study
185,pseudo,study
176,pseudo,study
156,real,study
133,real,study
51,pseudo,study
117,pseudo,study
25,pseudo,study
145,real,study
217,real,study
150,real,study
117,pseudo,study
22,real,study
2,real,study
51,real,study
11,real,study
23,real,study
94,real,study
226,real,study
17,real,study
68,pseudo,study
46,real,study
216,real,study
192,real,study
23,real,study
150,real,study
22,real,study
95,pseudo,study
207,pseudo,study
34,pseudo,study
40,pseudo,study
124,real,study
3,real,study
76,pseudo,study
201,pseudo,study
216,real,study
2,real,study
169,pseudo,study
55,real,study
39,real,study
93,pseudo,study
47,pseudo,study
39,real,study
11,real,study
133,real,study
143,real,study
83,pseudo,study
65,real,study
94,real,study
8,pseudo,study
17,real,study
160,real,study
161,real,study
192,real,study
179,pseudo,study
68,pseudo,study
6,real,study
54,pseudo,study
172,pseudo,study
158,real,study
83,real,study
186,real,study
108,real,study
55,pseudo,study
207,pseudo,study
228,real,study
230,pseudo,study
51,pseudo,study
186,real,study
34,pseudo,study
102,pseudo,study
46,real,study
124,real,study
148,real,study
158,real,study
24,pseudo,study
48,pseudo,study
58,pseudo,study
24,pseudo,study
118,real,study
230,pseudo,study
226,real,study
193,pseudo,study
129,pseudo,study
170,pseudo,study
188,pseudo,study
201,pseudo,study
238,real,study
102,pseudo,study
47,pseudo,study
160,real,study
48,pseudo,study
193,pseudo,study
118,real,study
55,real,study
134,pseudo,study
185,pseudo,study
49,real,study
5,pseudo,study
172,pseudo,study
5,pseudo,study
161,real,study
128,pseudo,study
228,pseudo,study
179,pseudo,study
74,real,study
225,real,study
228,pseudo,study
176,pseudo,study
240,real,study
182,pseudo,study
8,pseudo,study
51,real,study
76,pseudo,study
156,real,study
55,pseudo,study
187,pseudo,study
3,real,study
118,pseudo,study
40,pseudo,study
118,pseudo,study
238,real,study
145,real,study
74,real,study
129,pseudo,study
81,pseudo,study
170,pseudo,study
6,real,study
81,pseudo,study
83,pseudo,study
35,real,study
225,real,study
169,pseudo,study
148,real,study
35,real,study
96,pseudo,study
110,pseudo,study
240,real,study
202,real,study
54,pseudo,study
187,pseudo,study
65,real,study
182,pseudo,study
128,pseudo,study
166,real,study
93,pseudo,study
110,pseudo,study
49,real,study
83,real,study
134,pseudo,study
25,pseudo,study
166,real,study
