69,pseudo,study
128,real,study
216,real,study
238,pseudo,study
62,real,study
36,real,study
58,real,study
236,pseudo,study
225,pseudo,study
26,pseudo,study
49,pseudo,study
101,pseudo,study
208,pseudo,study
99,real,study
228,real,study
62,real,study
183,pseudo,study
58,real,study
118,real,study
101,real,study
39,pseudo,study
126,pseudo,study
24,real,study
157,real,study
194,pseudo,study
225,pseudo,study
192,pseudo,study
84,real,study
216,real,study
183,pseudo,study
120,pseudo,study
208,pseudo,study
228,real,study
189,pseudo,study
158,pseudo,study
120,pseudo,study
24,real,study
175,pseudo,study
223,pseudo,study
39,pseudo,study
230,pseudo,study
229,real,study
70,pseudo,study
59,real,study
44,real,study
101,pseudo,study
35,pseudo,study
126,pseudo,study
139,pseudo,study
151,pseudo,study
8,pseudo,study
192,pseudo,study
177,real,study
101,real,study
79,pseudo,study
189,pseudo,study
229,real,study
54,real,study
236,pseudo,study
153,pseudo,study
19,pseudo,study
44,real,study
79,pseudo,study
36,real,study
84,real,study
175,pseudo,study
170,real,study
81,real,study
49,pseudo,study
49,real,study
158,pseudo,study
223,pseudo,study
166,real,study
194,pseudo,study
170,real,study
180,real,study
132,real,study
93,pseudo,study
11,pseudo,study
63,pseudo,study
42,real,study
56,pseudo,study
59,real,study
37,real,study
28,pseudo,study
93,pseudo,study
12,pseudo,study
230,pseudo,study
183,real,study
2,pseudo,study
139,pseudo,study
52,real,study
87,pseudo,study
64,real,study
144,real,study
70,pseudo,study
99,real,study
34,pseudo,study
56,pseudo,study
81,real,study
144,real,study
118,real,study
190,real,study
224,real,study
198,real,study
54,real,study
34,pseudo,study
104,pseudo,study
19,pseudo,study
202,real,study
87,pseudo,study
26,pseudo,study
185,pseudo,study
156,real,study
87,real,study
12,pseudo,study
106,real,study
174,real,study
42,real,study
8,pseudo,study
154,pseudo,study
35,pseudo,study
104,pseudo,study
183,real,study
156,real,study
181,real,study
37,real,study
132,real,study
11,pseudo,study
128,real,study
106,real,study
208,real,study
28,pseudo,study
185,pseudo,study
38,real,study
190,real,study
181,real,study
208,real,study
174,real,study
52,real,study
157,real,study
198,real,study
180,real,study
63,pseudo,study
38,real,study
153,pseudo,study
49,real,study
140,pseudo,study
87,real,study
177,real,study
140,pseudo,study
64,real,study
238,pseudo,study
224,real,study
166,real,study
154,pseudo,study
2,pseudo,study
69,pseudo,study
151,pseudo,study
202,real,study
