cring,pseudo,study
skrong,pseudo,study
anybody,real,study
zands,pseudo,study
stould,pseudo,study
prounds,pseudo,study
dreptical,pseudo,study
greast,pseudo,study
bud,real,study
yoke,real,study
flinness,pseudo,study
shem,pseudo,study
bell,real,study
spled,pseudo,study
drong,pseudo,study
sire,real,study
clars,pseudo,study
crives,pseudo,study
target,real,study
strept,pseudo,study
flight,real,study
bud,real,study
poison,real,study
giles,pseudo,study
ginger,real,study
lace,real,study
telp,pseudo,study
princess,real,study
spled,pseudo,study
kitchen,real,study
death,real,study
kitchen,real,study
spones,pseudo,study
tith,pseudo,study
suspect,real,study
stould,pseudo,study
juns,pseudo,study
nuse,pseudo,study
drum,real,study
rhurch,pseudo,study
fratements,pseudo,study
shirl,pseudo,study
crives,pseudo,study
prunk,pseudo,study
flinness,pseudo,study
dune,real,study
soldier,real,study
wax,real,study
death,real,study
prounds,pseudo,study
box,real,study
splangle,pseudo,study
spones,pseudo,study
pights,pseudo,study
thome,pseudo,study
choud,pseudo,study
drum,real,study
strept,pseudo,study
shirl,pseudo,study
accident,real,study
clept,pseudo,study
greast,pseudo,study
centre,real,study
dreptical,pseudo,study
seam,real,study
princess,real,study
pope,real,study
peck,real,study
cring,pseudo,study
yoke,real,study
lust,real,study
target,real,study
stitch,real,study
mesh,real,study
cone,real,study
sap,real,study
prunk,pseudo,study
flight,real,study
bell,real,study
degs,pseudo,study
swort,pseudo,study
box,real,study
abbunition,pseudo,study
abbunition,pseudo,study
fratements,pseudo,study
whoss,pseudo,study
pope,real,study
shem,pseudo,study
ginger,real,study
seam,real,study
juns,pseudo,study
states,real,study
pights,pseudo,study
fight,real,study
nurse,real,study
smorth,pseudo,study
clept,pseudo,study
stitch,real,study
poison,real,study
choud,pseudo,study
tomorrow,real,study
anybody,real,study
fight,real,study
smorth,pseudo,study
trail,real,study
tith,pseudo,study
gween,pseudo,study
giles,pseudo,study
nurse,real,study
sire,real,study
filtraneon,pseudo,study
centre,real,study
spraw,pseudo,study
van,real,study
peck,real,study
nuse,pseudo,study
clars,pseudo,study
rhurch,pseudo,study
thome,pseudo,study
river,real,study
rush,real,study
gween,pseudo,study
dune,real,study
suspect,real,study
crop,real,study
whoss,pseudo,study
rush,real,study
sap,real,study
telp,pseudo,study
patient,real,study
tomorrow,real,study
states,real,study
bolt,real,study
yates,pseudo,study
skrong,pseudo,study
splangle,pseudo,study
yates,pseudo,study
mesh,real,study
soldier,real,study
filtraneon,pseudo,study
zands,pseudo,study
swort,pseudo,study
bolt,real,study
accident,real,study
degs,pseudo,study
van,real,study
spraw,pseudo,study
trail,real,study
cone,real,study
cleep,pseudo,study
patient,real,study
drong,pseudo,study
lust,real,study
troat,pseudo,study
cleep,pseudo,study
troat,pseudo,study
crop,real,study
wax,real,study
lace,real,study
river,real,study
