vallisit,pseudo,study
daughter,real,study
thairs,pseudo,study
borms,pseudo,study
coal,real,study
plate,real,study
flench,pseudo,study
miracle,real,study
phrise,pseudo,study
lore,real,study
machine,real,study
forge,real,study
priend,pseudo,study
wash,real,study
throuch,pseudo,study
trour,pseudo,study
freeze,real,study
eye,real,study
director,real,study
froo,pseudo,study
frince,pseudo,study
corner,real,study
crust,real,study
fault,real,study
toast,real,study
vord,pseudo,study
whilk,pseudo,study
cright,pseudo,study
stomes,pseudo,study
arrailig,pseudo,study
bullet,real,study
wresh,pseudo,study
marriage,real,study
weather,real,study
swean,pseudo,study
trings,pseudo,study
interview,real,study
miracle,real,study
greal,pseudo,study
spice,real,study
dralactite,pseudo,study
gheet,pseudo,study
torch,real,study
trour,pseudo,study
stim,pseudo,study
bay,real,study
wroke,pseudo,study
decision,real,study
bullet,real,study
ghare,pseudo,study
blark,pseudo,study
pitch,real,study
half,real,study
bastard,real,study
treleton,pseudo,study
season,real,study
gill,real,study
pruit,pseudo,study
jend,pseudo,study
creath,pseudo,study
trings,pseudo,study
freeze,real,study
froo,pseudo,study
pup,real,study
pitch,real,study
jend,pseudo,study
glow,real,study
whilk,pseudo,study
interview,real,study
bay,real,study
blark,pseudo,study
cright,pseudo,study
door,real,study
bastard,real,study
marriage,real,study
spept,pseudo,study
stim,pseudo,study
arrailig,pseudo,study
shandstand,pseudo,study
crust,real,study
tree,real,study
sign,real,study
pruit,pseudo,study
plales,pseudo,study
phream,pseudo,study
glow,real,study
plate,real,study
phream,pseudo,study
spice,real,study
vord,pseudo,study
thich,pseudo,study
wosts,pseudo,study
tract,real,study
kreen,pseudo,study
plales,pseudo,study
door,real,study
mule,real,study
spept,pseudo,study
priend,pseudo,study
shandstand,pseudo,study
tree,real,study
wroke,pseudo,study
weather,real,study
wash,real,study
demon,real,study
thines,pseudo,study
thines,pseudo,study
chelp,pseudo,study
pup,real,study
forge,real,study
dralactite,pseudo,study
eye,real,study
machine,real,study
director,real,study
daughter,real,study
trools,pseudo,study
corner,real,study
flench,pseudo,study
greal,pseudo,study
season,real,study
date,real,study
frince,pseudo,study
trools,pseudo,study
fault,real,study
pair,real,study
gheet,pseudo,study
date,real,study
trap,real,study
mule,real,study
throuch,pseudo,study
stomes,pseudo,study
wosts,pseudo,study
trap,real,study
demon,real,study
swean,pseudo,study
chelp,pseudo,study
half,real,study
phrise,pseudo,study
torch,real,study
sign,real,study
gill,real,study
kreen,pseudo,study
thich,pseudo,study
decision,real,study
pair,real,study
ghare,pseudo,study
creath,pseudo,study
coal,real,study
borms,pseudo,study
tract,real,study
lore,real,study
treleton,pseudo,study
thairs,pseudo,study
rent,real,study
prease,pseudo,study
prease,pseudo,study
wresh,pseudo,study
rent,real,study
toast,real,study
vallisit,pseudo,study
