60,real,study
117,real,study
52,real,study
84,pseudo,study
153,real,study
132,pseudo,study
148,real,study
8,pseudo,study
174,pseudo,study
14,pseudo,study
237,real,study
211,real,study
194,real,study
8,pseudo,study
143,pseudo,study
81,pseudo,study
81,pseudo,study
37,real,study
130,real,study
70,real,study
235,real,study
235,real,study
28,real,study
198,pseudo,study
226,pseudo,study
32,real,study
115,pseudo,study
110,pseudo,study
88,pseudo,study
119,pseudo,study
122,pseudo,study
12,real,study
102,pseudo,study
232,pseudo,study
173,real,study
232,real,study
187,pseudo,study
185,real,study
204,real,study
189,pseudo,study
48,real,study
7,real,study
200,real,study
237,real,study
126,pseudo,study
62,pseudo,study
104,real,study
122,pseudo,study
50,pseudo,study
140,pseudo,study
190,real,study
189,real,study
14,pseudo,study
211,real,study
103,real,study
12,real,study
145,pseudo,study
192,pseudo,study
148,real,study
140,pseudo,study
122,real,study
189,pseudo,study
229,pseudo,study
90,pseudo,study
128,pseudo,study
149,pseudo,study
149,pseudo,study
198,pseudo,study
156,pseudo,study
217,real,study
126,pseudo,study
78,real,study
169,pseudo,study
189,real,study
130,real,study
64,real,study
128,pseudo,study
37,real,study
50,pseudo,study
179,real,study
173,real,study
226,pseudo,study
118,real,study
4,pseudo,study
90,pseudo,study
80,pseudo,study
179,pseudo,study
210,real,study
93,pseudo,study
62,pseudo,study
118,real,study
184,pseudo,study
119,pseudo,study
53,real,study
192,real,study
132,pseudo,study
131,pseudo,study
179,pseudo,study
216,pseudo,study
88,pseudo,study
229,pseudo,study
54,real,study
179,real,study
200,real,study
174,pseudo,study
143,pseudo,study
169,pseudo,study
102,pseudo,study
204,real,study
194,real,study
52,real,study
184,pseudo,study
64,real,study
110,pseudo,study
144,real,study
217,pseudo,study
103,real,study
115,pseudo,study
70,real,study
64,pseudo,study
223,real,study
192,pseudo,study
78,real,study
122,real,study
48,real,study
234,real,study
49,pseudo,study
185,real,study
156,pseudo,study
4,pseudo,study
54,real,study
192,real,study
234,real,study
60,real,study
217,pseudo,study
144,real,study
53,real,study
28,real,study
216,pseudo,study
217,real,study
7,real,study
104,real,study
80,pseudo,study
32,real,study
93,pseudo,study
49,pseudo,study
190,real,study
232,pseudo,study
64,pseudo,study
153,real,study
84,pseudo,study
131,pseudo,study
117,real,study
232,real,study
127,real,study
127,real,study
210,real,study
223,real,study
145,pseudo,study
187,pseudo,study
