182,real,study
3,pseudo,study
154,pseudo,study
192,pseudo,study
100,pseudo,study
145,real,study
38,pseudo,study
44,pseudo,study
2,real,study
206,pseudo,study
74,real,study
83,real,study
157,pseudo,study
71,real,study
42,real,study
35,pseudo,study
134,real,study
167,pseudo,study
178,pseudo,study
56,real,study
234,pseudo,study
107,pseudo,study
199,real,study
63,real,study
8,real,study
217,pseudo,study
74,real,study
79,pseudo,study
40,real,study
79,pseudo,study
52,pseudo,study
154,real,study
159,real,study
50,real,study
102,real,study
99,pseudo,study
63,real,study
215,pseudo,study
217,pseudo,study
163,real,study
147,real,study
219,real,study
167,pseudo,study
84,pseudo,study
90,pseudo,study
149,pseudo,study
54,real,study
136,real,study
239,pseudo,study
112,real,study
11,pseudo,study
21,pseudo,study
196,pseudo,study
19,pseudo,study
120,pseudo,study
32,real,study
175,real,study
125,real,study
174,pseudo,study
178,pseudo,study
159,real,study
4,pseudo,study
131,pseudo,study
196,pseudo,study
115,real,study
149,pseudo,study
4,pseudo,study
206,pseudo,study
134,real,study
84,pseudo,study
179,pseudo,study
216,pseudo,study
215,pseudo,study
21,pseudo,study
152,real,study
219,real,study
19,pseudo,study
211,real,study
71,real,study
42,real,study
28,real,study
120,pseudo,study
163,real,study
115,real,study
131,pseudo,study
130,pseudo,study
208,pseudo,study
147,real,study
89,pseudo,study
68,real,study
40,real,study
100,pseudo,study
238,pseudo,study
16,real,study
130,pseudo,study
211,real,study
145,real,study
182,real,study
56,real,study
208,pseudo,study
179,pseudo,study
99,pseudo,study
101,real,study
54,pseudo,study
107,pseudo,study
232,real,study
157,pseudo,study
54,pseudo,study
50,real,study
2,real,study
238,pseudo,study
216,pseudo,study
222,pseudo,study
125,real,study
68,real,study
101,real,study
102,real,study
218,real,study
112,pseudo,study
175,real,study
3,pseudo,study
192,pseudo,study
149,real,study
239,pseudo,study
83,real,study
232,real,study
52,pseudo,study
224,real,study
16,real,study
112,pseudo,study
54,real,study
222,pseudo,study
128,real,study
149,real,study
222,real,study
112,real,study
174,pseudo,study
154,real,study
11,pseudo,study
136,real,study
146,real,study
128,real,study
28,real,study
32,real,study
89,pseudo,study
104,pseudo,study
234,pseudo,study
224,real,study
199,real,study
154,pseudo,study
218,real,study
90,pseudo,study
44,pseudo,study
222,real,study
35,pseudo,study
8,real,study
146,real,study
152,real,study
38,pseudo,study
104,pseudo,study
