keaves,pseudo,study
camp,real,study
bead,real,study
dune,real,study
company,real,study
gath,pseudo,study
cleist,pseudo,study
priend,pseudo,study
chould,pseudo,study
freeze,real,study
trial,real,study
cone,real,study
drong,pseudo,study
scruck,pseudo,study
shight,pseudo,study
shirl,pseudo,study
nones,pseudo,study
camp,real,study
cruth,pseudo,study
firm,real,study
shin,real,study
diet,real,study
drong,pseudo,study
drist,pseudo,study
skarts,pseudo,study
cruth,pseudo,study
smise,pseudo,study
bead,real,study
witness,real,study
forge,real,study
care,real,study
half,real,study
support,real,study
death,real,study
blark,pseudo,study
gars,pseudo,study
pair,real,study
birch,real,study
gheet,pseudo,study
anybody,real,study
daughter,real,study
priend,pseudo,study
sail,real,study
phote,pseudo,study
crown,real,study
shreet,pseudo,study
rords,pseudo,study
troes,pseudo,study
smise,pseudo,study
inniberal,pseudo,study
cleist,pseudo,study
prether,pseudo,study
witness,real,study
gath,pseudo,study
vorse,pseudo,study
hatch,real,study
stould,pseudo,study
twose,pseudo,study
bell,real,study
dune,real,study
scruck,pseudo,study
hatch,real,study
chess,real,study
whoss,pseudo,study
inniberal,pseudo,study
rords,pseudo,study
wind,real,study
wroke,pseudo,study
pair,real,study
surprise,real,study
care,real,study
audience,real,study
half,real,study
doe,real,study
freeze,real,study
audience,real,study
swars,pseudo,study
doe,real,study
cring,pseudo,study
shirl,pseudo,study
diet,real,study
wind,real,study
shance,pseudo,study
accident,real,study
history,real,study
shack,real,study
evidence,real,study
nonsense,real,study
history,real,study
birch,real,study
support,real,study
crown,real,study
shack,real,study
sap,real,study
anybody,real,study
forge,real,study
twose,pseudo,study
whoss,pseudo,study
van,real,study
gars,pseudo,study
blark,pseudo,study
company,real,study
gentleman,real,study
cring,pseudo,study
project,real,study
science,real,study
tregs,pseudo,study
daughter,real,study
sap,real,study
evidence,real,study
stould,pseudo,study
dreptical,pseudo,study
surprise,real,study
drist,pseudo,study
swars,pseudo,study
whope,pseudo,study
cone,real,study
phote,pseudo,study
shight,pseudo,study
gown,real,study
smorth,pseudo,study
arrailig,pseudo,study
nacts,pseudo,study
whope,pseudo,study
shreet,pseudo,study
nonsense,real,study
sail,real,study
bleast,pseudo,study
prether,pseudo,study
shees,pseudo,study
bleast,pseudo,study
chould,pseudo,study
firm,real,study
arrailig,pseudo,study
van,real,study
project,real,study
shin,real,study
chess,real,study
shees,pseudo,study
strat,pseudo,study
death,real,study
smorth,pseudo,study
vorse,pseudo,study
gentleman,real,study
troes,pseudo,study
shance,pseudo,study
wroke,pseudo,study
keaves,pseudo,study
bell,real,study
trial,real,study
dreptical,pseudo,study
strat,pseudo,study
skarts,pseudo,study
science,real,study
tregs,pseudo,study
nones,pseudo,study
gown,real,study
nacts,pseudo,study
accident,real,study
gheet,pseudo,study
