grive,pseudo,study
reectont,pseudo,study
press,real,study
eye,real,study
spept,pseudo,study
toast,real,study
lust,real,study
brinds,pseudo,study
facks,pseudo,study
picture,real,study
page,real,study
chip,real,study
thairs,pseudo,study
groys,pseudo,study
machine,real,study
director,real,study
patient,real,study
wames,pseudo,study
fren,pseudo,study
rhurch,pseudo,study
spice,real,study
pork,real,study
tomorrow,real,study
rirls,pseudo,study
guy,real,study
spept,pseudo,study
hospital,real,study
hospital,real,study
chain,real,study
grive,pseudo,study
felse,pseudo,study
staff,real,study
rirls,pseudo,study
brans,pseudo,study
tomorrow,real,study
wort,real,study
wig,real,study
dreril,pseudo,study
thairs,pseudo,study
patient,real,study
coal,real,study
borms,pseudo,study
trools,pseudo,study
bunk,real,study
box,real,study
feed,real,study
door,real,study
felse,pseudo,study
door,real,study
mood,real,study
fonths,pseudo,study
bullet,real,study
fren,pseudo,study
aim,real,study
pength,pseudo,study
feed,real,study
pength,pseudo,study
zalk,pseudo,study
yared,pseudo,study
vallisit,pseudo,study
nont,pseudo,study
nont,pseudo,study
tith,pseudo,study
fission,real,study
borms,pseudo,study
shandstand,pseudo,study
facks,pseudo,study
someone,real,study
nurse,real,study
cise,pseudo,study
zalk,pseudo,study
spones,pseudo,study
centre,real,study
staff,real,study
pork,real,study
mood,real,study
press,real,study
brinds,pseudo,study
coal,real,study
chain,real,study
stross,pseudo,study
zount,pseudo,study
eye,real,study
groys,pseudo,study
pives,pseudo,study
purpose,real,study
trings,pseudo,study
tith,pseudo,study
spice,real,study
degs,pseudo,study
lust,real,study
gnard,pseudo,study
dreril,pseudo,study
guy,real,study
test,real,study
rhurch,pseudo,study
bile,real,study
pot,real,study
account,real,study
spell,real,study
yared,pseudo,study
picture,real,study
level,real,study
vense,pseudo,study
dorth,pseudo,study
gween,pseudo,study
someone,real,study
bile,real,study
dorth,pseudo,study
vills,pseudo,study
mesh,real,study
release,real,study
spell,real,study
theer,pseudo,study
box,real,study
director,real,study
shem,pseudo,study
mesh,real,study
toast,real,study
phream,pseudo,study
vallisit,pseudo,study
fission,real,study
centre,real,study
trings,pseudo,study
phream,pseudo,study
pot,real,study
wig,real,study
gween,pseudo,study
shandstand,pseudo,study
spones,pseudo,study
wort,real,study
stross,pseudo,study
purpose,real,study
shem,pseudo,study
wames,pseudo,study
gnard,pseudo,study
wiece,pseudo,study
account,real,study
release,real,study
machine,real,study
reectont,pseudo,study
brans,pseudo,study
page,real,study
degs,pseudo,study
pives,pseudo,study
theer,pseudo,study
test,real,study
vense,pseudo,study
bunk,real,study
aim,real,study
bullet,real,study
chip,real,study
wiece,pseudo,study
cise,pseudo,study
zount,pseudo,study
vills,pseudo,study
level,real,study
nurse,real,study
trools,pseudo,study
fonths,pseudo,study
