34,real,study
128,pseudo,study
34,pseudo,study
127,pseudo,study
178,real,study
126,pseudo,study
212,real,study
38,pseudo,study
143,pseudo,study
149,real,study
50,real,study
119,real,study
99,pseudo,study
29,pseudo,study
57,real,study
170,real,study
41,real,study
228,real,study
132,real,study
113,pseudo,study
111,real,study
170,real,study
204,real,study
225,real,study
69,real,study
99,pseudo,study
51,pseudo,study
239,real,study
222,pseudo,study
84,pseudo,study
122,pseudo,study
171,real,study
36,real,study
111,real,study
149,real,study
20,pseudo,study
166,pseudo,study
8,real,study
34,pseudo,study
119,pseudo,study
185,pseudo,study
5,pseudo,study
124,pseudo,study
124,pseudo,study
195,pseudo,study
182,real,study
108,pseudo,study
129,real,study
71,pseudo,study
54,pseudo,study
214,pseudo,study
196,real,study
223,real,study
150,real,study
172,real,study
126,pseudo,study
185,pseudo,study
239,real,study
13,real,study
22,pseudo,study
223,real,study
128,pseudo,study
209,pseudo,study
191,real,study
22,pseudo,study
146,real,study
222,real,study
29,pseudo,study
8,real,study
51,pseudo,study
71,pseudo,study
111,pseudo,study
204,real,study
5,pseudo,study
93,real,study
44,real,study
201,real,study
190,pseudo,study
69,pseudo,study
213,pseudo,study
10,pseudo,study
104,pseudo,study
105,real,study
44,real,study
127,pseudo,study
57,real,study
34,real,study
182,real,study
13,real,study
41,real,study
69,real,study
137,pseudo,study
121,real,study
66,pseudo,study
195,pseudo,study
96,real,study
104,pseudo,study
39,real,study
50,real,study
111,pseudo,study
225,real,study
68,real,study
108,pseudo,study
143,pseudo,study
93,real,study
235,pseudo,study
39,real,study
150,real,study
146,real,study
129,real,study
206,real,study
212,real,study
37,real,study
157,pseudo,study
37,real,study
84,pseudo,study
96,real,study
235,pseudo,study
58,pseudo,study
222,pseudo,study
132,real,study
228,real,study
58,pseudo,study
172,real,study
178,real,study
157,pseudo,study
197,real,study
196,real,study
105,real,study
15,pseudo,study
171,real,study
197,real,study
36,real,study
213,pseudo,study
206,real,study
121,real,study
106,pseudo,study
113,pseudo,study
137,pseudo,study
119,real,study
190,pseudo,study
122,pseudo,study
54,pseudo,study
66,pseudo,study
166,pseudo,study
15,pseudo,study
10,pseudo,study
191,real,study
20,pseudo,study
119,pseudo,study
68,real,study
209,pseudo,study
69,pseudo,study
38,pseudo,study
214,pseudo,study
106,pseudo,study
107,pseudo,study
201,real,study
222,real,study
107,pseudo,study
