130,real,study
33,real,study
157,real,study
76,pseudo,study
66,real,study
238,real,study
141,real,study
92,real,study
142,real,study
4,pseudo,study
168,real,study
27,pseudo,study
219,pseudo,study
115,real,study
192,real,study
226,pseudo,study
10,real,study
177,real,study
65,pseudo,study
121,pseudo,study
76,pseudo,study
125,pseudo,study
9,pseudo,study
169,pseudo,study
17,pseudo,study
19,pseudo,study
148,real,study
34,pseudo,study
162,pseudo,study
31,pseudo,study
203,pseudo,study
9,real,study
39,real,study
179,real,study
38,pseudo,study
27,pseudo,study
92,pseudo,study
41,pseudo,study
7,pseudo,study
8,real,study
85,pseudo,study
183,pseudo,study
26,pseudo,study
49,real,study
92,pseudo,study
8,real,study
17,pseudo,study
152,pseudo,study
177,real,study
142,real,study
56,pseudo,study
221,pseudo,study
168,real,study
81,real,study
178,pseudo,study
200,real,study
169,pseudo,study
183,pseudo,study
69,pseudo,study
147,real,study
32,real,study
69,real,study
103,pseudo,study
223,pseudo,study
167,pseudo,study
69,real,study
152,pseudo,study
18,real,study
191,pseudo,study
220,real,study
15,real,study
114,real,study
147,real,study
69,pseudo,study
200,pseudo,study
9,pseudo,study
180,real,study
26,pseudo,study
92,real,study
46,real,study
59,pseudo,study
10,real,study
179,real,study
200,real,study
41,pseudo,study
103,pseudo,study
114,real,study
59,pseudo,study
49,real,study
39,pseudo,study
58,real,study
58,real,study
89,pseudo,study
25,pseudo,study
31,pseudo,study
9,real,study
25,pseudo,study
33,real,study
36,real,study
70,real,study
216,real,study
219,pseudo,study
19,real,study
115,real,study
75,real,study
148,real,study
38,pseudo,study
223,pseudo,study
81,real,study
192,real,study
178,pseudo,study
226,pseudo,study
154,pseudo,study
34,pseudo,study
207,real,study
157,real,study
191,pseudo,study
39,pseudo,study
167,pseudo,study
19,real,study
177,pseudo,study
66,real,study
32,real,study
177,pseudo,study
154,pseudo,study
112,real,study
203,pseudo,study
7,pseudo,study
18,real,study
200,pseudo,study
17,real,study
216,real,study
56,pseudo,study
221,pseudo,study
121,pseudo,study
39,real,study
89,pseudo,study
207,real,study
162,pseudo,study
141,real,study
70,real,study
46,real,study
19,pseudo,study
75,real,study
175,real,study
85,pseudo,study
78,pseudo,study
125,pseudo,study
130,real,study
112,real,study
4,pseudo,study
17,real,study
15,real,study
180,real,study
175,real,study
220,real,study
65,pseudo,study
238,real,study
78,pseudo,study
36,real,study
