shin,real,study
stass,pseudo,study
sire,real,study
slit,real,study
thich,pseudo,study
press,real,study
sap,real,study
prease,pseudo,study
thich,pseudo,study
cleep,pseudo,study
gheet,pseudo,study
gown,real,study
arrailig,pseudo,study
football,real,study
plales,pseudo,study
swars,pseudo,study
frawn,pseudo,study
base,real,study
rhurch,pseudo,study
fear,real,study
prile,pseudo,study
sap,real,study
bile,real,study
arrailig,pseudo,study
fear,real,study
twose,pseudo,study
pump,real,study
grectral,pseudo,study
chain,real,study
spords,pseudo,study
base,real,study
brots,pseudo,study
president,real,study
tourse,pseudo,study
truce,real,study
yates,pseudo,study
bastard,real,study
frawn,pseudo,study
mood,real,study
flench,pseudo,study
freeze,real,study
nuse,pseudo,study
dountian,pseudo,study
evidence,real,study
pork,real,study
chain,real,study
bead,real,study
prile,pseudo,study
swars,pseudo,study
prunk,pseudo,study
shreet,pseudo,study
vorse,pseudo,study
thown,pseudo,study
today,real,study
sich,pseudo,study
woice,pseudo,study
pork,real,study
gheet,pseudo,study
sergeant,real,study
release,real,study
peck,real,study
wash,real,study
vorse,pseudo,study
nuse,pseudo,study
kitchen,real,study
skarts,pseudo,study
rhurch,pseudo,study
mule,real,study
thome,pseudo,study
wiece,pseudo,study
cruth,pseudo,study
prunk,pseudo,study
kitchen,real,study
plales,pseudo,study
thown,pseudo,study
grectral,pseudo,study
wash,real,study
bile,real,study
dountian,pseudo,study
creer,pseudo,study
football,real,study
sich,pseudo,study
floth,pseudo,study
sergeant,real,study
prease,pseudo,study
plate,real,study
trail,real,study
cleep,pseudo,study
opinion,real,study
cruth,pseudo,study
thome,pseudo,study
eye,real,study
brots,pseudo,study
vallisit,pseudo,study
hatch,real,study
wiece,pseudo,study
gown,real,study
hatch,real,study
tourse,pseudo,study
evidence,real,study
mood,real,study
bastard,real,study
rink,real,study
woice,pseudo,study
pights,pseudo,study
promise,real,study
peck,real,study
pump,real,study
inniberal,pseudo,study
surprise,real,study
inniberal,pseudo,study
freeze,real,study
slit,real,study
tomorrow,real,study
test,real,study
wonder,real,study
promise,real,study
floth,pseudo,study
rink,real,study
surprise,real,study
eye,real,study
sire,real,study
skarts,pseudo,study
shreet,pseudo,study
shance,pseudo,study
today,real,study
police,real,study
flench,pseudo,study
opinion,real,study
trail,real,study
stass,pseudo,study
crallow,pseudo,study
dreptical,pseudo,study
shance,pseudo,study
mule,real,study
tomorrow,real,study
truce,real,study
crurch,pseudo,study
bead,real,study
pights,pseudo,study
wonder,real,study
twose,pseudo,study
yates,pseudo,study
crurch,pseudo,study
shin,real,study
police,real,study
thite,pseudo,study
thite,pseudo,study
dreptical,pseudo,study
crallow,pseudo,study
stitch,real,study
president,real,study
press,real,study
spords,pseudo,study
test,real,study
stitch,real,study
creer,pseudo,study
release,real,study
vallisit,pseudo,study
plate,real,study
