spoes,pseudo,study
scrength,pseudo,study
swort,pseudo,study
spoes,pseudo,study
degs,pseudo,study
poison,real,study
load,real,study
scine,pseudo,study
ego,real,study
language,real,study
stinds,pseudo,study
drist,pseudo,study
condition,real,study
swest,pseudo,study
condition,real,study
poison,real,study
interview,real,study
drowblin,pseudo,study
strept,pseudo,study
language,real,study
shirl,pseudo,study
lace,real,study
swort,pseudo,study
hank,real,study
voved,pseudo,study
nonsense,real,study
wames,pseudo,study
shight,pseudo,study
teacher,real,study
dose,real,study
veen,pseudo,study
bay,real,study
interest,real,study
wames,pseudo,study
twade,pseudo,study
prether,pseudo,study
leg,real,study
swene,pseudo,study
reectont,pseudo,study
blourig,pseudo,study
voved,pseudo,study
miracle,real,study
thars,pseudo,study
company,real,study
fission,real,study
fission,real,study
doll,real,study
null,real,study
soldier,real,study
miracle,real,study
scrength,pseudo,study
meems,pseudo,study
drist,pseudo,study
wig,real,study
tham,pseudo,study
bomb,real,study
community,real,study
abbunition,pseudo,study
soldier,real,study
strept,pseudo,study
bomb,real,study
death,real,study
blourig,pseudo,study
nonsense,real,study
tham,pseudo,study
crallest,pseudo,study
shight,pseudo,study
bleast,pseudo,study
lace,real,study
interest,real,study
half,real,study
company,real,study
degs,pseudo,study
drowblin,pseudo,study
veen,pseudo,study
shandstand,pseudo,study
doll,real,study
dreril,pseudo,study
smeed,pseudo,study
twade,pseudo,study
juns,pseudo,study
birch,real,study
trial,real,study
crime,real,study
frost,real,study
half,real,study
community,real,study
trings,pseudo,study
chould,pseudo,study
leg,real,study
shirl,pseudo,study
death,real,study
pup,real,study
bay,real,study
dreril,pseudo,study
kreen,pseudo,study
flight,real,study
fren,pseudo,study
tranders,pseudo,study
interview,real,study
phote,pseudo,study
crime,real,study
yats,pseudo,study
meems,pseudo,study
cleist,pseudo,study
staff,real,study
bleast,pseudo,study
pup,real,study
phote,pseudo,study
percent,real,study
officer,real,study
teacher,real,study
thars,pseudo,study
muck,real,study
load,real,study
flight,real,study
percent,real,study
fault,real,study
streer,pseudo,study
trial,real,study
cleist,pseudo,study
smeed,pseudo,study
streer,pseudo,study
floor,real,study
ego,real,study
dose,real,study
stinds,pseudo,study
prether,pseudo,study
chould,pseudo,study
wig,real,study
hank,real,study
kreen,pseudo,study
juns,pseudo,study
fren,pseudo,study
staff,real,study
frost,real,study
wroke,pseudo,study
null,real,study
yats,pseudo,study
floor,real,study
wroke,pseudo,study
tranders,pseudo,study
officer,real,study
bunk,real,study
scine,pseudo,study
fault,real,study
trings,pseudo,study
seconds,real,study
swest,pseudo,study
crallest,pseudo,study
swene,pseudo,study
reectont,pseudo,study
abbunition,pseudo,study
audience,real,study
bunk,real,study
seconds,real,study
audience,real,study
muck,real,study
birch,real,study
shandstand,pseudo,study
