4,real,study
134,real,study
116,real,study
90,pseudo,study
1,pseudo,study
151,real,study
226,real,study
177,real,study
215,pseudo,study
146,real,study
19,real,study
132,pseudo,study
190,real,study
82,pseudo,study
237,real,study
236,real,study
143,pseudo,study
135,real,study
162,real,study
30,real,study
173,real,study
169,pseudo,study
190,real,study
29,real,study
37,pseudo,study
3,real,study
22,real,study
202,pseudo,study
137,real,study
240,pseudo,study
137,real,study
55,pseudo,study
89,pseudo,study
210,pseudo,study
136,pseudo,study
132,pseudo,study
207,real,study
209,real,study
86,pseudo,study
175,pseudo,study
36,real,study
9,pseudo,study
18,real,study
37,pseudo,study
175,pseudo,study
104,real,study
35,pseudo,study
182,real,study
29,real,study
236,real,study
12,real,study
173,real,study
170,real,study
66,real,study
226,real,study
186,pseudo,study
155,real,study
116,real,study
179,pseudo,study
72,pseudo,study
124,pseudo,study
44,real,study
40,real,study
19,real,study
115,real,study
136,pseudo,study
78,pseudo,study
124,pseudo,study
189,pseudo,study
149,real,study
95,pseudo,study
193,pseudo,study
177,real,study
71,pseudo,study
210,pseudo,study
193,pseudo,study
189,pseudo,study
55,pseudo,study
204,pseudo,study
103,real,study
78,pseudo,study
184,pseudo,study
186,pseudo,study
169,pseudo,study
66,real,study
30,pseudo,study
22,real,study
184,pseudo,study
30,pseudo,study
90,pseudo,study
209,real,study
72,pseudo,study
227,pseudo,study
180,real,study
155,real,study
179,pseudo,study
103,real,study
95,pseudo,study
190,pseudo,study
47,pseudo,study
144,real,study
18,real,study
104,real,study
74,real,study
223,pseudo,study
82,pseudo,study
207,real,study
156,real,study
196,real,study
240,pseudo,study
219,pseudo,study
156,real,study
227,pseudo,study
213,pseudo,study
219,pseudo,study
135,real,study
149,real,study
74,real,study
36,pseudo,study
200,pseudo,study
171,pseudo,study
237,real,study
204,pseudo,study
223,pseudo,study
40,real,study
134,real,study
144,real,study
36,pseudo,study
76,pseudo,study
36,real,study
47,pseudo,study
230,real,study
162,real,study
190,pseudo,study
146,real,study
89,pseudo,study
35,pseudo,study
151,real,study
230,real,study
4,real,study
30,real,study
215,pseudo,study
213,pseudo,study
1,pseudo,study
76,pseudo,study
143,pseudo,study
196,real,study
202,pseudo,study
3,real,study
200,pseudo,study
12,real,study
171,pseudo,study
71,pseudo,study
170,real,study
182,real,study
180,real,study
86,pseudo,study
115,real,study
9,pseudo,study
44,real,study
