186,pseudo,study
175,real,study
8,pseudo,study
113,real,study
184,real,study
153,real,study
206,pseudo,study
98,real,study
158,real,study
37,real,study
79,pseudo,study
210,pseudo,study
170,real,study
161,pseudo,study
63,real,study
220,pseudo,study
184,real,study
177,real,study
63,real,study
8,real,study
33,real,study
186,real,study
197,pseudo,study
102,pseudo,study
177,real,study
138,real,study
68,pseudo,study
4,pseudo,study
44,real,study
20,pseudo,study
182,real,study
48,pseudo,study
182,real,study
107,real,study
37,pseudo,study
215,pseudo,study
193,pseudo,study
228,real,study
51,real,study
210,real,study
84,pseudo,study
54,pseudo,study
144,pseudo,study
51,real,study
48,real,study
193,pseudo,study
188,real,study
200,real,study
171,pseudo,study
8,real,study
98,real,study
89,real,study
173,pseudo,study
105,real,study
170,real,study
48,pseudo,study
158,real,study
165,pseudo,study
89,real,study
2,real,study
67,pseudo,study
144,pseudo,study
75,real,study
168,pseudo,study
120,pseudo,study
220,pseudo,study
225,pseudo,study
188,real,study
20,pseudo,study
215,pseudo,study
203,real,study
220,real,study
67,pseudo,study
182,pseudo,study
4,pseudo,study
4,real,study
79,pseudo,study
138,real,study
44,real,study
40,pseudo,study
92,real,study
46,pseudo,study
66,real,study
216,pseudo,study
228,real,study
125,pseudo,study
175,real,study
220,real,study
89,pseudo,study
225,pseudo,study
221,real,study
107,real,study
196,pseudo,study
131,pseudo,study
237,real,study
237,real,study
68,pseudo,study
200,real,study
50,pseudo,study
210,pseudo,study
48,real,study
206,pseudo,study
221,real,study
89,pseudo,study
153,real,study
103,real,study
40,pseudo,study
165,pseudo,study
203,real,study
5,pseudo,study
186,pseudo,study
186,real,study
197,pseudo,study
161,pseudo,study
21,real,study
153,pseudo,study
50,pseudo,study
196,pseudo,study
4,real,study
107,pseudo,study
134,real,study
5,pseudo,study
37,real,study
210,real,study
182,pseudo,study
33,real,study
58,real,study
54,pseudo,study
102,pseudo,study
66,real,study
17,pseudo,study
131,pseudo,study
168,pseudo,study
92,real,study
120,pseudo,study
75,real,study
103,real,study
113,real,study
57,pseudo,study
171,pseudo,study
199,real,study
125,pseudo,study
58,real,study
57,pseudo,study
199,real,study
105,real,study
153,pseudo,study
134,real,study
8,pseudo,study
17,pseudo,study
107,pseudo,study
2,real,study
46,pseudo,study
216,pseudo,study
37,pseudo,study
147,real,study
84,pseudo,study
147,real,study
173,pseudo,study
21,real,study
