professor,real,study
grape,real,study
reectont,pseudo,study
krey,pseudo,study
lab,real,study
pould,pseudo,study
arrailig,pseudo,study
trail,real,study
gheet,pseudo,study
level,real,study
attorney,real,study
glam,pseudo,study
splangle,pseudo,study
swort,pseudo,study
nuse,pseudo,study
prave,pseudo,study
pork,real,study
spept,pseudo,study
dunch,pseudo,study
prave,pseudo,study
spept,pseudo,study
hese,pseudo,study
wosts,pseudo,study
support,real,study
leg,real,study
prounds,pseudo,study
pitch,real,study
pork,real,study
lawn,real,study
poker,real,study
splangle,pseudo,study
stomes,pseudo,study
kreat,pseudo,study
dunch,pseudo,study
fear,real,study
witness,real,study
thairs,pseudo,study
flind,pseudo,study
condition,real,study
trings,pseudo,study
degs,pseudo,study
respect,real,study
gars,pseudo,study
kitchen,real,study
strat,pseudo,study
wosts,pseudo,study
leer,real,study
vord,pseudo,study
prunk,pseudo,study
sich,pseudo,study
poker,real,study
gween,pseudo,study
streer,pseudo,study
wiece,pseudo,study
thars,pseudo,study
gnard,pseudo,study
sergeant,real,study
pleaties,pseudo,study
poison,real,study
demon,real,study
pitch,real,study
chorce,pseudo,study
interview,real,study
nones,pseudo,study
dune,real,study
hese,pseudo,study
frost,real,study
pot,real,study
bathroom,real,study
grape,real,study
today,real,study
level,real,study
thairs,pseudo,study
lab,real,study
lawn,real,study
swort,pseudo,study
page,real,study
jet,real,study
grix,pseudo,study
zalk,pseudo,study
zalk,pseudo,study
trings,pseudo,study
chorce,pseudo,study
wiece,pseudo,study
flind,pseudo,study
fear,real,study
pot,real,study
stross,pseudo,study
stomes,pseudo,study
leg,real,study
jet,real,study
support,real,study
kreat,pseudo,study
wind,real,study
gnard,pseudo,study
page,real,study
demon,real,study
song,real,study
drong,pseudo,study
sergeant,real,study
altitude,real,study
reectont,pseudo,study
condition,real,study
gheet,pseudo,study
sheriff,real,study
trail,real,study
leer,real,study
thet,pseudo,study
strat,pseudo,study
degs,pseudo,study
today,real,study
truce,real,study
ginger,real,study
thars,pseudo,study
gars,pseudo,study
pleasure,real,study
glam,pseudo,study
position,real,study
prunk,pseudo,study
attorney,real,study
nuse,pseudo,study
sheriff,real,study
position,real,study
poison,real,study
nones,pseudo,study
marriage,real,study
police,real,study
krey,pseudo,study
dune,real,study
marriage,real,study
witness,real,study
truce,real,study
professor,real,study
pould,pseudo,study
gween,pseudo,study
pleasure,real,study
interview,real,study
pump,real,study
wind,real,study
streer,pseudo,study
respect,real,study
ginger,real,study
arrailig,pseudo,study
drong,pseudo,study
song,real,study
sich,pseudo,study
grix,pseudo,study
vord,pseudo,study
vills,pseudo,study
thet,pseudo,study
kitchen,real,study
pleaties,pseudo,study
prounds,pseudo,study
stross,pseudo,study
bathroom,real,study
vills,pseudo,study
altitude,real,study
frost,real,study
police,real,study
pump,real,study
