shape,real,study
trap,real,study
tham,pseudo,study
phote,pseudo,study
brinner,pseudo,study
plate,real,study
fass,pseudo,study
grectral,pseudo,study
wall,real,study
strept,pseudo,study
par,real,study
insurance,real,study
juns,pseudo,study
van,real,study
whope,pseudo,study
release,real,study
axe,real,study
hospital,real,study
himes,pseudo,study
mood,real,study
vonce,pseudo,study
flinness,pseudo,study
grectral,pseudo,study
camp,real,study
restaurant,real,study
plate,real,study
fission,real,study
corner,real,study
juns,pseudo,study
yates,pseudo,study
himes,pseudo,study
gown,real,study
smorth,pseudo,study
clars,pseudo,study
doll,real,study
aggall,pseudo,study
spell,real,study
smands,pseudo,study
process,real,study
wall,real,study
aim,real,study
spled,pseudo,study
abbunition,pseudo,study
zalls,pseudo,study
pange,pseudo,study
mees,pseudo,study
daughter,real,study
abbunition,pseudo,study
brinner,pseudo,study
manager,real,study
drist,pseudo,study
stent,pseudo,study
corner,real,study
science,real,study
mesh,real,study
slouresce,pseudo,study
massage,real,study
gown,real,study
camp,real,study
pup,real,study
dorld,pseudo,study
pup,real,study
smands,pseudo,study
process,real,study
motel,real,study
froo,pseudo,study
mees,pseudo,study
fission,real,study
vonce,pseudo,study
flinness,pseudo,study
choud,pseudo,study
par,real,study
zalls,pseudo,study
aggall,pseudo,study
motel,real,study
crime,real,study
strept,pseudo,study
doll,real,study
chip,real,study
spet,pseudo,study
choud,pseudo,study
axe,real,study
fass,pseudo,study
scine,pseudo,study
trote,pseudo,study
whope,pseudo,study
borms,pseudo,study
ghare,pseudo,study
congruoat,pseudo,study
bang,real,study
van,real,study
target,real,study
mint,real,study
bead,real,study
drist,pseudo,study
mesh,real,study
target,real,study
krench,pseudo,study
attliction,pseudo,study
press,real,study
hospital,real,study
slouresce,pseudo,study
princess,real,study
attliction,pseudo,study
stent,pseudo,study
press,real,study
wames,pseudo,study
ghare,pseudo,study
football,real,study
borms,pseudo,study
yates,pseudo,study
chip,real,study
clars,pseudo,study
mint,real,study
staff,real,study
wax,real,study
chelp,pseudo,study
massage,real,study
science,real,study
insurance,real,study
wames,pseudo,study
krench,pseudo,study
jouse,pseudo,study
crime,real,study
spell,real,study
bead,real,study
scine,pseudo,study
aim,real,study
trap,real,study
tham,pseudo,study
husband,real,study
bang,real,study
froo,pseudo,study
shape,real,study
phote,pseudo,study
phank,pseudo,study
congruoat,pseudo,study
smorth,pseudo,study
spled,pseudo,study
mood,real,study
trote,pseudo,study
husband,real,study
jouse,pseudo,study
troes,pseudo,study
manager,real,study
spet,pseudo,study
release,real,study
troes,pseudo,study
pange,pseudo,study
princess,real,study
staff,real,study
wax,real,study
daughter,real,study
dorld,pseudo,study
chelp,pseudo,study
restaurant,real,study
football,real,study
fight,real,study
phank,pseudo,study
fight,real,study
