5,real,study
233,pseudo,study
45,real,study
54,pseudo,study
229,pseudo,study
54,real,study
141,real,study
102,real,study
19,pseudo,study
156,real,study
235,real,study
194,pseudo,study
195,real,study
84,pseudo,study
167,real,study
132,pseudo,study
88,pseudo,study
52,real,study
206,real,study
54,real,study
209,real,study
160,pseudo,study
141,real,study
31,pseudo,study
80,real,study
43,real,study
23,real,study
30,real,study
43,real,study
217,real,study
134,pseudo,study
178,real,study
100,real,study
33,pseudo,study
52,pseudo,study
162,pseudo,study
14,real,study
5,real,study
233,pseudo,study
61,pseudo,study
132,pseudo,study
206,real,study
101,pseudo,study
58,pseudo,study
178,real,study
3,pseudo,study
198,pseudo,study
75,real,study
237,pseudo,study
160,pseudo,study
192,pseudo,study
2,real,study
88,pseudo,study
222,real,study
182,pseudo,study
178,pseudo,study
214,pseudo,study
222,real,study
172,real,study
194,pseudo,study
13,pseudo,study
162,pseudo,study
133,pseudo,study
29,real,study
52,pseudo,study
238,pseudo,study
209,real,study
168,real,study
156,real,study
177,real,study
29,real,study
117,real,study
133,pseudo,study
239,pseudo,study
56,pseudo,study
75,real,study
182,pseudo,study
23,real,study
75,pseudo,study
45,real,study
62,real,study
229,pseudo,study
134,pseudo,study
66,pseudo,study
84,pseudo,study
17,real,study
118,pseudo,study
214,pseudo,study
217,real,study
192,pseudo,study
122,pseudo,study
58,real,study
96,real,study
30,pseudo,study
235,real,study
111,real,study
30,pseudo,study
100,real,study
30,real,study
167,pseudo,study
195,real,study
122,pseudo,study
2,real,study
101,pseudo,study
118,pseudo,study
113,pseudo,study
66,pseudo,study
148,real,study
49,pseudo,study
113,pseudo,study
23,pseudo,study
23,pseudo,study
172,real,study
111,real,study
3,real,study
238,pseudo,study
22,real,study
56,pseudo,study
61,pseudo,study
198,pseudo,study
75,pseudo,study
9,real,study
13,pseudo,study
62,real,study
58,pseudo,study
41,real,study
3,pseudo,study
49,pseudo,study
85,real,study
237,pseudo,study
117,real,study
148,real,study
177,real,study
52,real,study
199,real,study
239,pseudo,study
24,pseudo,study
19,pseudo,study
96,real,study
17,real,study
58,real,study
54,pseudo,study
14,real,study
102,real,study
199,real,study
73,pseudo,study
167,pseudo,study
167,real,study
3,real,study
31,pseudo,study
41,real,study
85,real,study
73,pseudo,study
168,real,study
22,real,study
33,pseudo,study
178,pseudo,study
24,pseudo,study
9,real,study
80,real,study
