146,pseudo,study
22,pseudo,study
200,real,study
181,pseudo,study
62,real,study
92,real,study
60,pseudo,study
50,real,study
19,pseudo,study
154,pseudo,study
148,real,study
90,real,study
216,pseudo,study
170,real,study
190,real,study
239,real,study
201,real,study
133,pseudo,study
19,pseudo,study
85,pseudo,study
168,real,study
85,pseudo,study
137,real,study
134,real,study
139,real,study
146,pseudo,study
176,real,study
47,pseudo,study
53,pseudo,study
111,pseudo,study
119,real,study
62,real,study
139,real,study
201,real,study
44,real,study
20,pseudo,study
120,pseudo,study
213,pseudo,study
137,real,study
84,real,study
84,real,study
53,pseudo,study
135,real,study
165,real,study
88,pseudo,study
35,pseudo,study
70,real,study
47,real,study
163,real,study
182,pseudo,study
32,pseudo,study
117,pseudo,study
158,pseudo,study
185,real,study
110,real,study
235,real,study
88,pseudo,study
156,pseudo,study
165,real,study
110,real,study
133,pseudo,study
3,pseudo,study
190,real,study
3,pseudo,study
218,pseudo,study
80,real,study
238,real,study
89,real,study
44,pseudo,study
235,real,study
42,real,study
49,pseudo,study
119,real,study
44,real,study
154,pseudo,study
218,pseudo,study
227,pseudo,study
174,real,study
51,pseudo,study
156,pseudo,study
11,pseudo,study
181,pseudo,study
205,real,study
171,pseudo,study
51,pseudo,study
120,pseudo,study
135,real,study
111,pseudo,study
117,pseudo,study
187,pseudo,study
163,real,study
5,real,study
205,real,study
227,pseudo,study
70,real,study
115,real,study
126,pseudo,study
131,pseudo,study
222,pseudo,study
200,real,study
158,pseudo,study
42,real,study
134,real,study
77,real,study
46,pseudo,study
149,pseudo,study
149,pseudo,study
105,real,study
22,pseudo,study
80,real,study
49,pseudo,study
60,pseudo,study
89,real,study
47,real,study
131,pseudo,study
174,real,study
239,real,study
46,pseudo,study
150,pseudo,study
150,pseudo,study
191,real,study
146,real,study
191,real,study
176,real,study
92,real,study
163,pseudo,study
5,real,study
203,real,study
185,real,study
50,real,study
35,pseudo,study
171,pseudo,study
36,pseudo,study
222,pseudo,study
217,pseudo,study
203,real,study
105,real,study
36,pseudo,study
77,real,study
182,pseudo,study
43,real,study
20,pseudo,study
47,pseudo,study
187,pseudo,study
11,pseudo,study
90,real,study
44,pseudo,study
126,pseudo,study
170,real,study
213,pseudo,study
148,real,study
216,pseudo,study
43,real,study
238,real,study
163,pseudo,study
115,real,study
146,real,study
168,real,study
32,pseudo,study
217,pseudo,study
