sived,pseudo,study
bastard,real,study
stent,pseudo,study
sap,real,study
brinds,pseudo,study
yats,pseudo,study
gath,pseudo,study
cise,pseudo,study
phall,pseudo,study
froo,pseudo,study
lace,real,study
company,real,study
restaurant,real,study
gill,real,study
longuisher,pseudo,study
shack,real,study
ego,real,study
frost,real,study
poison,real,study
prayer,real,study
license,real,study
smands,pseudo,study
anybody,real,study
jince,pseudo,study
hatch,real,study
pruit,pseudo,study
dorth,pseudo,study
project,real,study
pitch,real,study
nurse,real,study
frars,pseudo,study
anybody,real,study
phall,pseudo,study
fass,pseudo,study
spords,pseudo,study
teacher,real,study
fass,pseudo,study
program,real,study
wuite,pseudo,study
poison,real,study
shirl,pseudo,study
magazine,real,study
trote,pseudo,study
lace,real,study
felse,pseudo,study
abbunition,pseudo,study
nairs,pseudo,study
magazine,real,study
pitch,real,study
swene,pseudo,study
scruck,pseudo,study
harp,real,study
license,real,study
yats,pseudo,study
frawn,pseudo,study
harp,real,study
veen,pseudo,study
wresh,pseudo,study
abbunition,pseudo,study
gath,pseudo,study
concert,real,study
breakfast,real,study
rirls,pseudo,study
splim,pseudo,study
pup,real,study
rirls,pseudo,study
fountain,real,study
froo,pseudo,study
slen,pseudo,study
interview,real,study
interview,real,study
spice,real,study
pruit,pseudo,study
feed,real,study
page,real,study
bile,real,study
splim,pseudo,study
shape,real,study
gill,real,study
suspect,real,study
fountain,real,study
twose,pseudo,study
wall,real,study
crallest,pseudo,study
spords,pseudo,study
twade,pseudo,study
smands,pseudo,study
twose,pseudo,study
nuse,pseudo,study
shirl,pseudo,study
wall,real,study
gomes,pseudo,study
page,real,study
stass,pseudo,study
support,real,study
fren,pseudo,study
stent,pseudo,study
stass,pseudo,study
program,real,study
spice,real,study
fren,pseudo,study
jince,pseudo,study
crallest,pseudo,study
brinds,pseudo,study
dream,real,study
frost,real,study
forge,real,study
toast,real,study
cone,real,study
swene,pseudo,study
dream,real,study
veen,pseudo,study
van,real,study
frawn,pseudo,study
trote,pseudo,study
support,real,study
ego,real,study
cone,real,study
gomes,pseudo,study
feed,real,study
zands,pseudo,study
wuite,pseudo,study
van,real,study
sived,pseudo,study
skreets,pseudo,study
teacher,real,study
shack,real,study
skreets,pseudo,study
nurse,real,study
choth,pseudo,study
scruck,pseudo,study
bile,real,study
suspect,real,study
breakfast,real,study
hatch,real,study
longuisher,pseudo,study
hook,real,study
frars,pseudo,study
zands,pseudo,study
prayer,real,study
bastard,real,study
felse,pseudo,study
nuse,pseudo,study
project,real,study
hook,real,study
slen,pseudo,study
concert,real,study
forge,real,study
wresh,pseudo,study
shape,real,study
pup,real,study
toast,real,study
cise,pseudo,study
nairs,pseudo,study
restaurant,real,study
company,real,study
twade,pseudo,study
sap,real,study
dorth,pseudo,study
choth,pseudo,study
