community,real,study
stredule,pseudo,study
vord,pseudo,study
bunk,real,study
mood,real,study
telp,pseudo,study
freeze,real,study
hole,real,study
trecimen,pseudo,study
firm,real,study
dune,real,study
ginds,pseudo,study
bit,real,study
spoes,pseudo,study
jend,pseudo,study
clief,pseudo,study
percent,real,study
cright,pseudo,study
prounds,pseudo,study
stredule,pseudo,study
trail,real,study
prave,pseudo,study
ruin,real,study
borms,pseudo,study
chicken,real,study
woice,pseudo,study
situation,real,study
krench,pseudo,study
lust,real,study
woice,pseudo,study
taid,pseudo,study
blied,pseudo,study
hole,real,study
nones,pseudo,study
aim,real,study
swort,pseudo,study
voved,pseudo,study
borms,pseudo,study
cleep,pseudo,study
giant,real,study
massage,real,study
spones,pseudo,study
bell,real,study
thich,pseudo,study
clief,pseudo,study
aim,real,study
tocks,pseudo,study
floth,pseudo,study
tree,real,study
blied,pseudo,study
dune,real,study
taid,pseudo,study
giant,real,study
glasses,real,study
mood,real,study
swith,pseudo,study
prounds,pseudo,study
dreril,pseudo,study
rhurch,pseudo,study
crop,real,study
freeze,real,study
swort,pseudo,study
arrailig,pseudo,study
glow,real,study
lust,real,study
colour,real,study
jury,real,study
dountian,pseudo,study
cleep,pseudo,study
level,real,study
jury,real,study
glanslator,pseudo,study
kitchen,real,study
camp,real,study
block,real,study
situation,real,study
glasses,real,study
trour,pseudo,study
crop,real,study
floth,pseudo,study
rent,real,study
cright,pseudo,study
rhurch,pseudo,study
kitchen,real,study
sergeant,real,study
miracle,real,study
cleist,pseudo,study
thich,pseudo,study
thairs,pseudo,study
voved,pseudo,study
telp,pseudo,study
miracle,real,study
language,real,study
rink,real,study
phream,pseudo,study
nont,pseudo,study
swith,pseudo,study
rink,real,study
language,real,study
nonsense,real,study
tocks,pseudo,study
percent,real,study
bunk,real,study
phream,pseudo,study
health,real,study
soldier,real,study
firm,real,study
shreet,pseudo,study
hank,real,study
rent,real,study
wames,pseudo,study
jend,pseudo,study
chicken,real,study
dountian,pseudo,study
shore,real,study
dreril,pseudo,study
level,real,study
soldier,real,study
shore,real,study
nonsense,real,study
spoes,pseudo,study
trail,real,study
cleist,pseudo,study
spones,pseudo,study
health,real,study
vord,pseudo,study
thairs,pseudo,study
krench,pseudo,study
bit,real,study
shreet,pseudo,study
hank,real,study
tree,real,study
nont,pseudo,study
massage,real,study
clept,pseudo,study
truce,real,study
community,real,study
crock,real,study
block,real,study
gars,pseudo,study
colour,real,study
glanslator,pseudo,study
wames,pseudo,study
shight,pseudo,study
glow,real,study
bell,real,study
shight,pseudo,study
nones,pseudo,study
truce,real,study
sergeant,real,study
gars,pseudo,study
arrailig,pseudo,study
crock,real,study
camp,real,study
trour,pseudo,study
prave,pseudo,study
ruin,real,study
trecimen,pseudo,study
ginds,pseudo,study
clept,pseudo,study
