173,pseudo,study
217,pseudo,study
217,real,study
62,real,study
206,pseudo,study
8,real,study
12,pseudo,study
183,real,study
213,real,study
141,pseudo,study
163,pseudo,study
151,pseudo,study
154,pseudo,study
138,pseudo,study
217,pseudo,study
85,pseudo,study
163,pseudo,study
167,pseudo,study
117,real,study
180,pseudo,study
12,pseudo,study
117,real,study
52,real,study
222,real,study
211,real,study
218,pseudo,study
35,pseudo,study
50,real,study
171,real,study
6,pseudo,study
73,pseudo,study
23,real,study
103,real,study
29,real,study
4,pseudo,study
230,real,study
177,real,study
129,real,study
123,pseudo,study
229,real,study
52,pseudo,study
180,pseudo,study
105,pseudo,study
39,real,study
35,pseudo,study
175,real,study
180,real,study
151,pseudo,study
21,pseudo,study
234,pseudo,study
186,pseudo,study
10,real,study
23,pseudo,study
184,real,study
129,real,study
128,pseudo,study
221,real,study
126,pseudo,study
118,pseudo,study
186,pseudo,study
39,real,study
103,real,study
50,real,study
118,pseudo,study
211,real,study
111,pseudo,study
233,real,study
23,pseudo,study
138,pseudo,study
52,real,study
107,real,study
194,pseudo,study
107,pseudo,study
175,real,study
12,real,study
21,pseudo,study
104,real,study
152,real,study
173,pseudo,study
181,real,study
62,real,study
45,pseudo,study
128,pseudo,study
21,real,study
23,real,study
213,real,study
193,pseudo,study
152,real,study
172,real,study
175,pseudo,study
221,real,study
93,real,study
44,real,study
172,real,study
180,real,study
21,real,study
239,real,study
29,real,study
126,pseudo,study
239,real,study
230,real,study
38,pseudo,study
222,real,study
154,pseudo,study
205,pseudo,study
177,real,study
206,pseudo,study
143,real,study
186,real,study
107,pseudo,study
102,real,study
105,pseudo,study
194,pseudo,study
38,pseudo,study
111,pseudo,study
58,real,study
10,real,study
57,real,study
193,pseudo,study
85,pseudo,study
147,pseudo,study
12,real,study
186,real,study
143,real,study
44,real,study
137,pseudo,study
102,real,study
45,pseudo,study
58,real,study
8,real,study
205,pseudo,study
57,real,study
227,pseudo,study
28,pseudo,study
171,real,study
233,real,study
4,pseudo,study
73,pseudo,study
183,real,study
141,pseudo,study
6,pseudo,study
184,real,study
159,pseudo,study
175,pseudo,study
28,pseudo,study
137,pseudo,study
181,real,study
107,real,study
123,pseudo,study
147,pseudo,study
159,pseudo,study
229,real,study
227,pseudo,study
52,pseudo,study
93,real,study
234,pseudo,study
104,real,study
217,real,study
218,pseudo,study
167,pseudo,study
