169,real,study
201,pseudo,study
35,pseudo,study
26,pseudo,study
135,real,study
78,pseudo,study
90,real,study
201,real,study
226,real,study
121,real,study
58,real,study
158,pseudo,study
178,real,study
218,pseudo,study
237,real,study
167,pseudo,study
202,pseudo,study
9,real,study
100,real,study
108,real,study
119,pseudo,study
95,pseudo,study
67,pseudo,study
132,real,study
94,real,study
184,pseudo,study
144,pseudo,study
108,pseudo,study
123,pseudo,study
65,pseudo,study
26,pseudo,study
67,pseudo,study
20,real,study
201,real,study
132,real,study
97,pseudo,study
189,pseudo,study
137,pseudo,study
76,real,study
97,pseudo,study
95,pseudo,study
122,real,study
212,real,study
96,real,study
76,pseudo,study
48,real,study
117,real,study
166,real,study
169,real,study
121,real,study
196,real,study
143,pseudo,study
210,real,study
184,pseudo,study
128,pseudo,study
100,real,study
170,real,study
196,real,study
104,pseudo,study
215,pseudo,study
185,real,study
87,pseudo,study
40,real,study
234,pseudo,study
122,real,study
127,real,study
167,pseudo,study
172,pseudo,study
161,real,study
135,real,study
68,real,study
54,pseudo,study
237,real,study
109,pseudo,study
143,pseudo,study
144,pseudo,study
208,pseudo,study
3,real,study
12,real,study
235,real,study
111,pseudo,study
189,pseudo,study
213,pseudo,study
12,real,study
128,pseudo,study
108,real,study
180,pseudo,study
226,real,study
101,pseudo,study
127,real,study
40,real,study
144,real,study
36,real,study
53,real,study
76,real,study
161,real,study
234,pseudo,study
36,real,study
97,real,study
58,real,study
111,pseudo,study
201,pseudo,study
214,real,study
68,real,study
104,pseudo,study
80,pseudo,study
180,pseudo,study
9,real,study
178,real,study
65,pseudo,study
117,real,study
97,real,study
202,pseudo,study
213,pseudo,study
214,real,study
90,real,study
76,pseudo,study
235,real,study
123,pseudo,study
35,pseudo,study
78,pseudo,study
54,pseudo,study
20,real,study
120,real,study
120,real,study
166,real,study
172,pseudo,study
53,real,study
149,pseudo,study
94,real,study
96,real,study
87,pseudo,study
108,pseudo,study
226,pseudo,study
80,pseudo,study
144,real,study
226,pseudo,study
212,real,study
218,pseudo,study
158,pseudo,study
57,pseudo,study
225,real,study
225,real,study
208,pseudo,study
185,real,study
101,pseudo,study
23,pseudo,study
137,pseudo,study
240,pseudo,study
210,real,study
119,pseudo,study
48,real,study
170,real,study
149,pseudo,study
109,pseudo,study
240,pseudo,study
215,pseudo,study
57,pseudo,study
3,real,study
23,pseudo,study
