quarter,real,study
brinds,pseudo,study
wuite,pseudo,study
congruoat,pseudo,study
trings,pseudo,study
fountain,real,study
captain,real,study
thet,pseudo,study
chould,pseudo,study
grive,pseudo,study
level,real,study
floor,real,study
sire,real,study
grive,pseudo,study
borms,pseudo,study
stredule,pseudo,study
brans,pseudo,study
history,real,study
sire,real,study
meat,real,study
brans,pseudo,study
arrailig,pseudo,study
bead,real,study
gown,real,study
massage,real,study
peads,pseudo,study
cloose,pseudo,study
pot,real,study
jet,real,study
peads,pseudo,study
bolt,real,study
grape,real,study
greast,pseudo,study
hospital,real,study
boose,pseudo,study
crallest,pseudo,study
bile,real,study
novice,real,study
crives,pseudo,study
fountain,real,study
dreril,pseudo,study
greast,pseudo,study
crop,real,study
bastard,real,study
wax,real,study
fun,real,study
strope,pseudo,study
wuite,pseudo,study
captain,real,study
zands,pseudo,study
massage,real,study
crallow,pseudo,study
stass,pseudo,study
voved,pseudo,study
chould,pseudo,study
novice,real,study
prayer,real,study
spice,real,study
fun,real,study
block,real,study
swene,pseudo,study
thet,pseudo,study
floor,real,study
stass,pseudo,study
jet,real,study
bolt,real,study
borms,pseudo,study
blark,pseudo,study
cise,pseudo,study
trour,pseudo,study
cable,real,study
bud,real,study
officer,real,study
cloose,pseudo,study
groys,pseudo,study
swort,pseudo,study
gown,real,study
crallow,pseudo,study
downstairs,real,study
monster,real,study
emergency,real,study
meat,real,study
demon,real,study
wroke,pseudo,study
history,real,study
bead,real,study
voved,pseudo,study
jouse,pseudo,study
block,real,study
stredule,pseudo,study
twan,pseudo,study
pleasure,real,study
twan,pseudo,study
whilk,pseudo,study
krench,pseudo,study
pot,real,study
strimes,pseudo,study
congruoat,pseudo,study
dreril,pseudo,study
strope,pseudo,study
pleasure,real,study
wroke,pseudo,study
half,real,study
meems,pseudo,study
emergency,real,study
groys,pseudo,study
blark,pseudo,study
officer,real,study
demon,real,study
river,real,study
krench,pseudo,study
whilk,pseudo,study
stink,real,study
crives,pseudo,study
monster,real,study
meems,pseudo,study
quarter,real,study
downstairs,real,study
boose,pseudo,study
spords,pseudo,study
bile,real,study
neast,pseudo,study
fission,real,study
crallest,pseudo,study
half,real,study
spords,pseudo,study
grape,real,study
dagger,real,study
trings,pseudo,study
restaurant,real,study
wort,real,study
cable,real,study
bastard,real,study
fission,real,study
neast,pseudo,study
restaurant,real,study
jouse,pseudo,study
swean,pseudo,study
trour,pseudo,study
spice,real,study
crop,real,study
wort,real,study
arrailig,pseudo,study
prayer,real,study
dagger,real,study
wax,real,study
stink,real,study
zands,pseudo,study
hospital,real,study
level,real,study
river,real,study
swean,pseudo,study
scine,pseudo,study
brinds,pseudo,study
scine,pseudo,study
cise,pseudo,study
swene,pseudo,study
swort,pseudo,study
strimes,pseudo,study
bud,real,study
