thines,pseudo,study
machine,real,study
shandstand,pseudo,study
sap,real,study
football,real,study
zalls,pseudo,study
weather,real,study
creath,pseudo,study
axe,real,study
axe,real,study
page,real,study
bomb,real,study
thines,pseudo,study
froud,pseudo,study
blied,pseudo,study
phrass,pseudo,study
change,real,study
glow,real,study
crock,real,study
crock,real,study
torch,real,study
frost,real,study
target,real,study
forge,real,study
frost,real,study
shack,real,study
scruck,pseudo,study
page,real,study
sich,pseudo,study
cright,pseudo,study
motel,real,study
gag,real,study
pength,pseudo,study
wames,pseudo,study
pights,pseudo,study
professor,real,study
glow,real,study
bullet,real,study
spones,pseudo,study
bomb,real,study
fold,real,study
sap,real,study
machine,real,study
snells,pseudo,study
husband,real,study
pights,pseudo,study
wife,real,study
gath,pseudo,study
scruck,pseudo,study
toast,real,study
taid,pseudo,study
dralactite,pseudo,study
taid,pseudo,study
sheriff,real,study
doe,real,study
glanslator,pseudo,study
dinner,real,study
chorce,pseudo,study
rent,real,study
zalk,pseudo,study
sheriff,real,study
breakfast,real,study
surprise,real,study
shreet,pseudo,study
swest,pseudo,study
breakfast,real,study
staff,real,study
shandstand,pseudo,study
crase,pseudo,study
chocolate,real,study
splim,pseudo,study
gath,pseudo,study
plales,pseudo,study
support,real,study
toast,real,study
spept,pseudo,study
release,real,study
health,real,study
season,real,study
swest,pseudo,study
drist,pseudo,study
shack,real,study
clars,pseudo,study
chicken,real,study
drist,pseudo,study
bathroom,real,study
grectral,pseudo,study
gag,real,study
clars,pseudo,study
splim,pseudo,study
soy,real,study
frince,pseudo,study
spept,pseudo,study
rent,real,study
drong,pseudo,study
froud,pseudo,study
health,real,study
blied,pseudo,study
drong,pseudo,study
zalk,pseudo,study
hatch,real,study
peck,real,study
husband,real,study
glam,pseudo,study
shreet,pseudo,study
thown,pseudo,study
support,real,study
hese,pseudo,study
thown,pseudo,study
creath,pseudo,study
phrass,pseudo,study
dinner,real,study
motel,real,study
frince,pseudo,study
chicken,real,study
glam,pseudo,study
tranders,pseudo,study
zalls,pseudo,study
hese,pseudo,study
snells,pseudo,study
hatch,real,study
glanslator,pseudo,study
vonce,pseudo,study
release,real,study
tranders,pseudo,study
change,real,study
peck,real,study
plales,pseudo,study
bullet,real,study
doe,real,study
grectral,pseudo,study
bathroom,real,study
chocolate,real,study
weather,real,study
pleaties,pseudo,study
torch,real,study
cleep,pseudo,study
pleaties,pseudo,study
season,real,study
wife,real,study
soy,real,study
cleep,pseudo,study
chorce,pseudo,study
fold,real,study
wames,pseudo,study
professor,real,study
surprise,real,study
inniberal,pseudo,study
inniberal,pseudo,study
spones,pseudo,study
football,real,study
vonce,pseudo,study
pength,pseudo,study
crase,pseudo,study
forge,real,study
target,real,study
sich,pseudo,study
dralactite,pseudo,study
cright,pseudo,study
staff,real,study
