133,pseudo,study
149,pseudo,study
240,real,study
2,real,study
32,real,study
71,real,study
23,real,study
167,real,study
144,real,study
102,real,study
42,pseudo,study
219,pseudo,study
32,real,study
160,pseudo,study
13,pseudo,study
50,pseudo,study
77,real,study
2,pseudo,study
13,pseudo,study
226,pseudo,study
42,real,study
90,pseudo,study
198,pseudo,study
144,pseudo,study
154,real,study
116,real,study
12,pseudo,study
104,pseudo,study
234,real,study
42,real,study
95,pseudo,study
57,pseudo,study
133,pseudo,study
197,pseudo,study
237,real,study
190,real,study
210,pseudo,study
107,real,study
234,real,study
219,pseudo,study
157,real,study
4,pseudo,study
202,real,study
162,real,study
134,pseudo,study
197,pseudo,study
132,real,study
78,real,study
73,real,study
149,pseudo,study
212,pseudo,study
92,pseudo,study
134,pseudo,study
116,real,study
225,real,study
42,pseudo,study
182,pseudo,study
30,real,study
199,pseudo,study
49,pseudo,study
95,pseudo,study
159,pseudo,study
90,pseudo,study
64,real,study
70,pseudo,study
72,real,study
4,pseudo,study
182,pseudo,study
202,real,study
202,pseudo,study
155,real,study
2,real,study
135,real,study
12,pseudo,study
99,real,study
144,real,study
148,pseudo,study
71,real,study
111,pseudo,study
137,real,study
216,real,study
155,real,study
57,pseudo,study
81,pseudo,study
100,pseudo,study
74,real,study
172,real,study
109,real,study
64,pseudo,study
157,pseudo,study
92,pseudo,study
157,real,study
138,real,study
102,real,study
70,pseudo,study
77,real,study
78,real,study
216,real,study
157,pseudo,study
16,real,study
72,real,study
74,real,study
160,pseudo,study
225,real,study
199,pseudo,study
237,real,study
167,real,study
151,real,study
64,pseudo,study
105,real,study
154,real,study
99,real,study
141,pseudo,study
240,real,study
2,pseudo,study
195,pseudo,study
141,pseudo,study
151,real,study
73,real,study
226,pseudo,study
64,real,study
54,pseudo,study
16,real,study
66,pseudo,study
104,pseudo,study
109,pseudo,study
107,real,study
109,real,study
105,real,study
138,real,study
109,pseudo,study
159,pseudo,study
5,real,study
198,pseudo,study
195,pseudo,study
54,pseudo,study
162,real,study
49,pseudo,study
66,pseudo,study
122,real,study
190,real,study
30,real,study
23,real,study
144,pseudo,study
38,pseudo,study
137,real,study
50,pseudo,study
5,real,study
81,pseudo,study
111,pseudo,study
100,pseudo,study
148,pseudo,study
202,pseudo,study
210,pseudo,study
132,real,study
172,real,study
135,real,study
122,real,study
38,pseudo,study
212,pseudo,study
