186,real,study
127,pseudo,study
135,real,study
210,pseudo,study
226,real,study
225,real,study
177,pseudo,study
122,real,study
13,real,study
172,pseudo,study
201,pseudo,study
98,real,study
135,real,study
20,pseudo,study
137,pseudo,study
132,real,study
113,real,study
215,pseudo,study
61,pseudo,study
175,pseudo,study
225,pseudo,study
113,real,study
165,real,study
229,pseudo,study
151,real,study
56,real,study
162,pseudo,study
13,real,study
19,real,study
57,real,study
195,pseudo,study
161,pseudo,study
21,real,study
126,real,study
229,pseudo,study
137,pseudo,study
217,pseudo,study
127,pseudo,study
193,real,study
57,real,study
239,pseudo,study
168,real,study
168,real,study
49,pseudo,study
194,pseudo,study
174,pseudo,study
41,pseudo,study
195,pseudo,study
49,pseudo,study
226,real,study
155,pseudo,study
200,real,study
166,real,study
152,pseudo,study
116,real,study
197,real,study
101,real,study
225,pseudo,study
181,pseudo,study
58,real,study
103,pseudo,study
72,real,study
41,pseudo,study
19,real,study
58,real,study
152,pseudo,study
239,pseudo,study
234,pseudo,study
155,pseudo,study
181,pseudo,study
162,pseudo,study
185,real,study
23,pseudo,study
132,real,study
31,real,study
133,pseudo,study
194,pseudo,study
7,pseudo,study
144,pseudo,study
201,pseudo,study
103,pseudo,study
215,pseudo,study
61,pseudo,study
147,real,study
83,pseudo,study
90,real,study
5,real,study
126,real,study
123,pseudo,study
37,pseudo,study
104,pseudo,study
30,pseudo,study
186,real,study
69,pseudo,study
197,real,study
4,pseudo,study
108,real,study
21,real,study
118,pseudo,study
72,real,study
23,pseudo,study
133,pseudo,study
175,pseudo,study
37,pseudo,study
210,pseudo,study
30,real,study
69,pseudo,study
5,real,study
22,pseudo,study
47,real,study
90,real,study
217,pseudo,study
234,pseudo,study
185,pseudo,study
40,real,study
165,real,study
22,pseudo,study
30,pseudo,study
76,real,study
122,real,study
60,real,study
114,real,study
108,real,study
47,real,study
7,pseudo,study
118,pseudo,study
98,real,study
123,pseudo,study
76,real,study
229,real,study
193,real,study
114,real,study
229,real,study
192,real,study
166,real,study
177,pseudo,study
147,real,study
185,pseudo,study
174,pseudo,study
83,pseudo,study
161,pseudo,study
60,real,study
192,real,study
20,pseudo,study
31,real,study
200,real,study
183,real,study
151,real,study
183,real,study
172,pseudo,study
185,real,study
225,real,study
30,real,study
116,real,study
101,real,study
144,pseudo,study
104,pseudo,study
56,real,study
4,pseudo,study
40,real,study
