cable,real,study
promise,real,study
doe,real,study
zands,pseudo,study
bomb,real,study
tomorrow,real,study
wroke,pseudo,study
trecimen,pseudo,study
rhurch,pseudo,study
stry,pseudo,study
novice,real,study
accident,real,study
arrenuate,pseudo,study
concert,real,study
number,real,study
spled,pseudo,study
strat,pseudo,study
trings,pseudo,study
keaves,pseudo,study
ruin,real,study
dunch,pseudo,study
attorney,real,study
seam,real,study
lab,real,study
felse,pseudo,study
care,real,study
block,real,study
fun,real,study
arrenuate,pseudo,study
bullet,real,study
spled,pseudo,study
promise,real,study
blass,pseudo,study
gnard,pseudo,study
blourig,pseudo,study
lab,real,study
glear,pseudo,study
cable,real,study
restaurant,real,study
glow,real,study
crop,real,study
boose,pseudo,study
gag,real,study
novice,real,study
bud,real,study
attorney,real,study
leer,real,study
slit,real,study
camp,real,study
trings,pseudo,study
fratements,pseudo,study
master,real,study
kreen,pseudo,study
concert,real,study
fren,pseudo,study
stross,pseudo,study
pitch,real,study
meems,pseudo,study
opinion,real,study
strat,pseudo,study
gars,pseudo,study
stry,pseudo,study
prease,pseudo,study
gars,pseudo,study
doe,real,study
clief,pseudo,study
bullet,real,study
stim,pseudo,study
glam,pseudo,study
keaves,pseudo,study
gag,real,study
death,real,study
degs,pseudo,study
prease,pseudo,study
slit,real,study
blourig,pseudo,study
restaurant,real,study
magazine,real,study
felse,pseudo,study
splim,pseudo,study
tocks,pseudo,study
crallow,pseudo,study
camp,real,study
crop,real,study
scrength,pseudo,study
greast,pseudo,study
juns,pseudo,study
dune,real,study
splim,pseudo,study
fratements,pseudo,study
leer,real,study
opinion,real,study
tomorrow,real,study
dune,real,study
fass,pseudo,study
gill,real,study
meems,pseudo,study
glam,pseudo,study
pitch,real,study
magazine,real,study
strimes,pseudo,study
ruin,real,study
kreen,pseudo,study
ginds,pseudo,study
death,real,study
degs,pseudo,study
hatch,real,study
fass,pseudo,study
plate,real,study
swest,pseudo,study
swars,pseudo,study
hook,real,study
trecimen,pseudo,study
gill,real,study
wroke,pseudo,study
scrength,pseudo,study
bomb,real,study
glear,pseudo,study
seam,real,study
patient,real,study
care,real,study
dunch,pseudo,study
stross,pseudo,study
patient,real,study
condition,real,study
gnard,pseudo,study
swest,pseudo,study
condition,real,study
hook,real,study
rhurch,pseudo,study
colour,real,study
plate,real,study
glow,real,study
ginds,pseudo,study
krench,pseudo,study
colour,real,study
blass,pseudo,study
boose,pseudo,study
swars,pseudo,study
clief,pseudo,study
stim,pseudo,study
fun,real,study
master,real,study
krench,pseudo,study
number,real,study
centre,real,study
tree,real,study
hatch,real,study
strimes,pseudo,study
fren,pseudo,study
centre,real,study
bud,real,study
crallow,pseudo,study
tocks,pseudo,study
accident,real,study
block,real,study
zands,pseudo,study
tree,real,study
juns,pseudo,study
greast,pseudo,study
