lawn,real,study
shees,pseudo,study
wife,real,study
tith,pseudo,study
filtraneon,pseudo,study
peads,pseudo,study
peads,pseudo,study
scine,pseudo,study
krey,pseudo,study
swean,pseudo,study
song,real,study
shin,real,study
hank,real,study
prether,pseudo,study
eye,real,study
gath,pseudo,study
facks,pseudo,study
strept,pseudo,study
officer,real,study
wife,real,study
plis,pseudo,study
tregs,pseudo,study
grape,real,study
drong,pseudo,study
plis,pseudo,study
troat,pseudo,study
doll,real,study
tham,pseudo,study
grive,pseudo,study
abbunition,pseudo,study
health,real,study
sin,real,study
thet,pseudo,study
sign,real,study
sived,pseudo,study
twade,pseudo,study
shees,pseudo,study
midnight,real,study
krey,pseudo,study
season,real,study
thich,pseudo,study
swean,pseudo,study
crase,pseudo,study
chain,real,study
student,real,study
diet,real,study
someone,real,study
motel,real,study
diet,real,study
fission,real,study
vorse,pseudo,study
eye,real,study
creer,pseudo,study
officer,real,study
hospital,real,study
fission,real,study
gath,pseudo,study
brans,pseudo,study
reectont,pseudo,study
season,real,study
shin,real,study
crust,real,study
load,real,study
doll,real,study
prave,pseudo,study
purpose,real,study
stent,pseudo,study
hank,real,study
filtraneon,pseudo,study
cright,pseudo,study
history,real,study
streer,pseudo,study
someone,real,study
crallest,pseudo,study
drong,pseudo,study
trap,real,study
sergeant,real,study
weather,real,study
fault,real,study
downstairs,real,study
rocket,real,study
altitude,real,study
cright,pseudo,study
strept,pseudo,study
sap,real,study
motel,real,study
tregs,pseudo,study
troat,pseudo,study
crase,pseudo,study
streer,pseudo,study
sived,pseudo,study
chould,pseudo,study
twan,pseudo,study
altitude,real,study
wonder,real,study
tith,pseudo,study
cloose,pseudo,study
fad,real,study
fad,real,study
police,real,study
brans,pseudo,study
sin,real,study
thich,pseudo,study
chould,pseudo,study
chain,real,study
leg,real,study
crallest,pseudo,study
cloose,pseudo,study
trour,pseudo,study
thines,pseudo,study
phream,pseudo,study
situation,real,study
phream,pseudo,study
student,real,study
load,real,study
history,real,study
sneep,pseudo,study
facks,pseudo,study
trour,pseudo,study
crust,real,study
creer,pseudo,study
situation,real,study
twade,pseudo,study
police,real,study
sneep,pseudo,study
stent,pseudo,study
twan,pseudo,study
health,real,study
wonder,real,study
reectont,pseudo,study
lawn,real,study
weather,real,study
sign,real,study
prether,pseudo,study
sergeant,real,study
thines,pseudo,study
grape,real,study
vorse,pseudo,study
emergency,real,study
sap,real,study
abbunition,pseudo,study
trap,real,study
rocket,real,study
hospital,real,study
downstairs,real,study
prave,pseudo,study
scine,pseudo,study
fault,real,study
shreet,pseudo,study
shreet,pseudo,study
river,real,study
purpose,real,study
river,real,study
midnight,real,study
emergency,real,study
leg,real,study
tham,pseudo,study
thet,pseudo,study
song,real,study
grive,pseudo,study
