167,real,study
161,pseudo,study
65,real,study
139,real,study
187,pseudo,study
160,pseudo,study
166,pseudo,study
134,real,study
4,real,study
196,pseudo,study
46,pseudo,study
112,real,study
2,pseudo,study
239,pseudo,study
181,pseudo,study
146,real,study
210,real,study
139,real,study
59,pseudo,study
184,pseudo,study
65,real,study
41,real,study
108,pseudo,study
177,pseudo,study
176,pseudo,study
59,pseudo,study
91,real,study
57,pseudo,study
40,pseudo,study
80,real,study
225,real,study
95,pseudo,study
176,pseudo,study
158,pseudo,study
113,pseudo,study
18,real,study
2,pseudo,study
185,real,study
196,pseudo,study
190,pseudo,study
177,pseudo,study
234,real,study
45,real,study
215,pseudo,study
90,real,study
94,real,study
128,real,study
239,pseudo,study
110,real,study
71,pseudo,study
197,pseudo,study
113,pseudo,study
71,pseudo,study
46,pseudo,study
210,real,study
84,real,study
112,real,study
174,real,study
96,pseudo,study
59,real,study
79,pseudo,study
130,real,study
56,real,study
42,real,study
115,pseudo,study
54,real,study
94,real,study
59,real,study
153,real,study
128,real,study
156,real,study
140,pseudo,study
160,pseudo,study
161,pseudo,study
49,real,study
208,pseudo,study
162,real,study
122,pseudo,study
203,pseudo,study
158,pseudo,study
63,real,study
203,pseudo,study
84,real,study
174,pseudo,study
91,real,study
181,pseudo,study
146,real,study
41,real,study
153,real,study
33,pseudo,study
219,real,study
235,pseudo,study
162,real,study
79,pseudo,study
210,pseudo,study
49,real,study
80,real,study
110,real,study
190,pseudo,study
235,pseudo,study
87,real,study
93,pseudo,study
38,real,study
208,pseudo,study
4,real,study
43,real,study
81,pseudo,study
54,real,study
95,pseudo,study
38,real,study
225,real,study
122,pseudo,study
231,real,study
185,real,study
174,real,study
130,real,study
62,pseudo,study
116,pseudo,study
42,real,study
124,pseudo,study
56,real,study
199,real,study
27,real,study
63,real,study
124,pseudo,study
108,pseudo,study
87,real,study
45,real,study
93,pseudo,study
43,real,study
57,pseudo,study
197,pseudo,study
96,pseudo,study
210,pseudo,study
156,real,study
199,real,study
131,real,study
174,pseudo,study
18,real,study
134,real,study
184,pseudo,study
81,pseudo,study
33,pseudo,study
115,pseudo,study
215,pseudo,study
231,real,study
27,real,study
234,real,study
62,pseudo,study
219,real,study
164,pseudo,study
187,pseudo,study
40,pseudo,study
90,real,study
164,pseudo,study
166,pseudo,study
140,pseudo,study
167,real,study
116,pseudo,study
131,real,study
