120,pseudo,study
38,real,study
124,pseudo,study
150,pseudo,study
112,real,study
216,real,study
44,pseudo,study
192,real,study
121,pseudo,study
189,real,study
130,pseudo,study
73,pseudo,study
72,real,study
197,pseudo,study
16,real,study
31,real,study
129,real,study
234,real,study
30,pseudo,study
164,pseudo,study
121,pseudo,study
230,real,study
213,real,study
123,real,study
161,pseudo,study
74,real,study
237,pseudo,study
152,pseudo,study
139,real,study
192,real,study
129,real,study
142,real,study
37,real,study
27,real,study
78,real,study
236,pseudo,study
103,real,study
40,pseudo,study
44,pseudo,study
134,pseudo,study
49,pseudo,study
203,pseudo,study
232,real,study
42,real,study
188,real,study
28,real,study
207,pseudo,study
234,real,study
1,real,study
88,pseudo,study
152,real,study
124,pseudo,study
140,real,study
78,real,study
232,real,study
62,real,study
112,real,study
213,real,study
1,real,study
27,real,study
163,pseudo,study
194,pseudo,study
106,pseudo,study
88,real,study
73,pseudo,study
163,pseudo,study
145,pseudo,study
197,pseudo,study
202,real,study
224,pseudo,study
37,real,study
106,real,study
154,real,study
81,pseudo,study
41,pseudo,study
152,pseudo,study
236,pseudo,study
6,pseudo,study
106,pseudo,study
188,real,study
146,pseudo,study
113,pseudo,study
155,pseudo,study
106,real,study
186,real,study
94,pseudo,study
193,pseudo,study
138,pseudo,study
142,real,study
125,pseudo,study
125,pseudo,study
164,pseudo,study
181,real,study
52,pseudo,study
88,pseudo,study
120,pseudo,study
6,pseudo,study
116,real,study
159,pseudo,study
74,real,study
40,pseudo,study
149,real,study
159,pseudo,study
49,pseudo,study
28,pseudo,study
113,pseudo,study
24,real,study
224,real,study
230,real,study
149,real,study
146,pseudo,study
41,pseudo,study
232,pseudo,study
138,pseudo,study
186,real,study
216,real,study
232,pseudo,study
44,real,study
137,real,study
31,real,study
155,pseudo,study
189,real,study
177,pseudo,study
81,pseudo,study
203,pseudo,study
207,pseudo,study
154,real,study
16,real,study
224,pseudo,study
30,pseudo,study
134,pseudo,study
24,real,study
38,real,study
161,pseudo,study
137,real,study
88,real,study
123,real,study
145,pseudo,study
28,pseudo,study
94,pseudo,study
193,pseudo,study
237,pseudo,study
44,real,study
52,pseudo,study
62,real,study
139,real,study
194,pseudo,study
28,real,study
150,pseudo,study
72,real,study
202,real,study
181,real,study
177,pseudo,study
130,pseudo,study
103,real,study
42,real,study
224,real,study
152,real,study
140,real,study
116,real,study
