krey,pseudo,study
stim,pseudo,study
drum,real,study
shore,real,study
swith,pseudo,study
phank,pseudo,study
door,real,study
shore,real,study
audience,real,study
phank,pseudo,study
yesterday,real,study
vorse,pseudo,study
slit,real,study
pould,pseudo,study
anybody,real,study
creer,pseudo,study
insurance,real,study
aim,real,study
shirl,pseudo,study
otterings,pseudo,study
hank,real,study
patient,real,study
company,real,study
account,real,study
yats,pseudo,study
wresh,pseudo,study
plene,pseudo,study
trail,real,study
midnight,real,study
patient,real,study
program,real,study
phrise,pseudo,study
fear,real,study
plene,pseudo,study
dream,real,study
truce,real,study
shance,pseudo,study
program,real,study
smise,pseudo,study
plood,pseudo,study
abbunition,pseudo,study
dream,real,study
stitch,real,study
otterings,pseudo,study
pould,pseudo,study
trote,pseudo,study
plood,pseudo,study
shance,pseudo,study
hole,real,study
tith,pseudo,study
splangle,pseudo,study
process,real,study
shirl,pseudo,study
floth,pseudo,study
strept,pseudo,study
freeze,real,study
gomes,pseudo,study
vorse,pseudo,study
aim,real,study
someone,real,study
mask,real,study
wash,real,study
interview,real,study
twade,pseudo,study
hole,real,study
audience,real,study
clept,pseudo,study
choth,pseudo,study
ghare,pseudo,study
filtraneon,pseudo,study
sprint,real,study
strept,pseudo,study
midnight,real,study
floth,pseudo,study
jend,pseudo,study
greal,pseudo,study
wosts,pseudo,study
bang,real,study
chip,real,study
par,real,study
trote,pseudo,study
bang,real,study
jend,pseudo,study
phall,pseudo,study
tract,real,study
freeze,real,study
mask,real,study
smorth,pseudo,study
care,real,study
account,real,study
daughter,real,study
door,real,study
flind,pseudo,study
trail,real,study
stim,pseudo,study
daughter,real,study
abbunition,pseudo,study
yared,pseudo,study
throuch,pseudo,study
phrise,pseudo,study
filtraneon,pseudo,study
leer,real,study
clept,pseudo,study
concert,real,study
yared,pseudo,study
snats,pseudo,study
leer,real,study
dreptical,pseudo,study
greal,pseudo,study
throuch,pseudo,study
truce,real,study
birch,real,study
choth,pseudo,study
tiss,pseudo,study
gomes,pseudo,study
birch,real,study
tith,pseudo,study
slit,real,study
cat,real,study
company,real,study
fear,real,study
snats,pseudo,study
wosts,pseudo,study
process,real,study
creer,pseudo,study
states,real,study
chip,real,study
anybody,real,study
test,real,study
hank,real,study
interview,real,study
yesterday,real,study
drum,real,study
prunk,pseudo,study
wash,real,study
twade,pseudo,study
phall,pseudo,study
ghare,pseudo,study
swith,pseudo,study
wresh,pseudo,study
stitch,real,study
dreptical,pseudo,study
splangle,pseudo,study
krey,pseudo,study
cat,real,study
concert,real,study
smise,pseudo,study
tract,real,study
care,real,study
tiss,pseudo,study
yats,pseudo,study
states,real,study
prunk,pseudo,study
smorth,pseudo,study
par,real,study
sprint,real,study
insurance,real,study
someone,real,study
flind,pseudo,study
test,real,study
