trap,real,study
miracle,real,study
phote,pseudo,study
skreets,pseudo,study
himes,pseudo,study
mint,real,study
firm,real,study
nuse,pseudo,study
prether,pseudo,study
woice,pseudo,study
manager,real,study
magazine,real,study
firm,real,study
accident,real,study
pruit,pseudo,study
interest,real,study
smands,pseudo,study
woice,pseudo,study
telp,pseudo,study
dune,real,study
shape,real,study
slen,pseudo,study
trools,pseudo,study
gars,pseudo,study
rords,pseudo,study
press,real,study
troat,pseudo,study
nont,pseudo,study
suspect,real,study
gill,real,study
skreets,pseudo,study
himes,pseudo,study
wonder,real,study
phants,pseudo,study
glasses,real,study
magazine,real,study
tregs,pseudo,study
zount,pseudo,study
chelp,pseudo,study
smeed,pseudo,study
attorney,real,study
sin,real,study
accident,real,study
shight,pseudo,study
condition,real,study
crime,real,study
attorney,real,study
marriage,real,study
box,real,study
reectont,pseudo,study
project,real,study
press,real,study
dountian,pseudo,study
zount,pseudo,study
dountian,pseudo,study
gars,pseudo,study
slen,pseudo,study
degs,pseudo,study
cruth,pseudo,study
bit,real,study
sign,real,study
mees,pseudo,study
muck,real,study
pitch,real,study
princess,real,study
bell,real,study
phants,pseudo,study
pange,pseudo,study
nuse,pseudo,study
shin,real,study
date,real,study
wiece,pseudo,study
cleist,pseudo,study
princess,real,study
project,real,study
plate,real,study
respect,real,study
cone,real,study
nurse,real,study
harp,real,study
felse,pseudo,study
cone,real,study
keaves,pseudo,study
nacts,pseudo,study
dune,real,study
smeed,pseudo,study
brinner,pseudo,study
glear,pseudo,study
chelp,pseudo,study
mint,real,study
bit,real,study
condition,real,study
smands,pseudo,study
plense,pseudo,study
telp,pseudo,study
cruth,pseudo,study
camp,real,study
suspect,real,study
jury,real,study
degs,pseudo,study
glasses,real,study
troes,pseudo,study
thairs,pseudo,study
cleist,pseudo,study
wonder,real,study
plense,pseudo,study
mood,real,study
muck,real,study
date,real,study
box,real,study
brinner,pseudo,study
community,real,study
troes,pseudo,study
pruit,pseudo,study
kitchen,real,study
keaves,pseudo,study
sign,real,study
nont,pseudo,study
manager,real,study
whope,pseudo,study
blass,pseudo,study
kitchen,real,study
reectont,pseudo,study
respect,real,study
gill,real,study
bell,real,study
shight,pseudo,study
trap,real,study
glear,pseudo,study
shin,real,study
wiece,pseudo,study
nurse,real,study
troat,pseudo,study
rords,pseudo,study
community,real,study
rirls,pseudo,study
whope,pseudo,study
mees,pseudo,study
crime,real,study
interest,real,study
sin,real,study
trools,pseudo,study
phote,pseudo,study
thairs,pseudo,study
tregs,pseudo,study
rirls,pseudo,study
pange,pseudo,study
miracle,real,study
prether,pseudo,study
felse,pseudo,study
blass,pseudo,study
plate,real,study
shape,real,study
harp,real,study
mood,real,study
nacts,pseudo,study
camp,real,study
jury,real,study
marriage,real,study
pitch,real,study
