143,real,study
190,real,study
124,real,study
36,pseudo,study
53,real,study
176,real,study
20,pseudo,study
70,pseudo,study
112,pseudo,study
237,real,study
71,pseudo,study
43,pseudo,study
124,real,study
121,pseudo,study
104,pseudo,study
177,pseudo,study
107,real,study
205,pseudo,study
177,pseudo,study
13,real,study
71,pseudo,study
179,real,study
196,real,study
26,real,study
37,pseudo,study
161,pseudo,study
43,pseudo,study
221,real,study
63,real,study
68,real,study
98,pseudo,study
221,real,study
98,pseudo,study
26,real,study
63,real,study
107,real,study
60,pseudo,study
114,real,study
229,real,study
236,pseudo,study
36,pseudo,study
163,real,study
37,pseudo,study
110,real,study
39,pseudo,study
90,pseudo,study
60,pseudo,study
11,pseudo,study
212,pseudo,study
234,real,study
163,real,study
115,real,study
114,real,study
66,real,study
158,pseudo,study
74,real,study
179,real,study
78,pseudo,study
4,pseudo,study
207,pseudo,study
217,pseudo,study
13,real,study
95,pseudo,study
236,pseudo,study
115,real,study
78,pseudo,study
103,pseudo,study
97,real,study
234,real,study
208,real,study
53,real,study
208,real,study
97,real,study
221,pseudo,study
191,real,study
74,real,study
236,real,study
216,real,study
79,real,study
143,real,study
110,real,study
225,pseudo,study
180,real,study
70,pseudo,study
212,pseudo,study
95,pseudo,study
229,real,study
205,pseudo,study
142,real,study
170,pseudo,study
90,real,study
7,real,study
4,pseudo,study
161,pseudo,study
6,pseudo,study
112,pseudo,study
97,pseudo,study
97,pseudo,study
191,real,study
218,real,study
221,pseudo,study
15,pseudo,study
63,pseudo,study
190,real,study
106,real,study
38,pseudo,study
236,real,study
104,pseudo,study
145,pseudo,study
20,pseudo,study
106,real,study
59,real,study
115,pseudo,study
158,pseudo,study
196,real,study
39,pseudo,study
165,pseudo,study
115,pseudo,study
109,real,study
68,real,study
11,real,study
189,pseudo,study
237,real,study
117,pseudo,study
121,pseudo,study
59,real,study
142,real,study
103,pseudo,study
230,pseudo,study
108,real,study
145,pseudo,study
11,pseudo,study
6,pseudo,study
180,real,study
213,real,study
176,real,study
7,real,study
170,pseudo,study
117,pseudo,study
90,real,study
217,pseudo,study
90,pseudo,study
63,pseudo,study
15,pseudo,study
11,real,study
38,pseudo,study
79,real,study
216,real,study
109,real,study
165,pseudo,study
230,pseudo,study
213,real,study
228,real,study
225,pseudo,study
218,real,study
66,real,study
228,real,study
108,real,study
189,pseudo,study
207,pseudo,study
