183,pseudo,study
240,real,study
53,real,study
238,pseudo,study
99,real,study
68,pseudo,study
226,pseudo,study
66,real,study
173,real,study
67,pseudo,study
16,pseudo,study
67,pseudo,study
230,pseudo,study
155,pseudo,study
226,pseudo,study
195,pseudo,study
210,real,study
65,pseudo,study
221,pseudo,study
130,pseudo,study
136,pseudo,study
12,real,study
14,real,study
90,pseudo,study
127,real,study
174,pseudo,study
59,real,study
60,real,study
53,real,study
220,pseudo,study
60,real,study
195,pseudo,study
166,pseudo,study
97,pseudo,study
91,pseudo,study
103,real,study
176,pseudo,study
206,pseudo,study
107,pseudo,study
98,pseudo,study
160,pseudo,study
4,pseudo,study
68,pseudo,study
61,real,study
114,pseudo,study
141,real,study
216,real,study
216,real,study
221,real,study
173,real,study
85,real,study
183,pseudo,study
230,pseudo,study
36,real,study
176,pseudo,study
166,pseudo,study
30,real,study
74,real,study
116,real,study
4,pseudo,study
79,pseudo,study
33,real,study
221,real,study
59,pseudo,study
114,pseudo,study
90,pseudo,study
91,real,study
212,pseudo,study
172,real,study
71,pseudo,study
92,pseudo,study
99,real,study
74,real,study
224,real,study
234,real,study
232,pseudo,study
97,pseudo,study
76,pseudo,study
178,pseudo,study
9,real,study
10,real,study
83,pseudo,study
123,pseudo,study
136,pseudo,study
59,pseudo,study
105,pseudo,study
206,pseudo,study
71,pseudo,study
101,real,study
174,pseudo,study
234,real,study
94,pseudo,study
155,pseudo,study
145,pseudo,study
227,real,study
192,pseudo,study
128,real,study
103,real,study
127,real,study
238,pseudo,study
40,real,study
224,real,study
59,real,study
36,real,study
116,real,study
220,pseudo,study
172,real,study
228,real,study
227,real,study
232,pseudo,study
52,real,study
92,pseudo,study
240,real,study
221,pseudo,study
98,pseudo,study
121,real,study
210,real,study
78,real,study
83,real,study
128,real,study
85,real,study
58,real,study
167,real,study
101,real,study
65,pseudo,study
78,real,study
138,real,study
91,pseudo,study
160,pseudo,study
12,real,study
16,pseudo,study
52,real,study
79,pseudo,study
91,real,study
123,pseudo,study
58,real,study
105,pseudo,study
138,real,study
94,pseudo,study
212,pseudo,study
145,pseudo,study
83,real,study
9,real,study
130,pseudo,study
178,pseudo,study
83,pseudo,study
33,real,study
167,real,study
121,real,study
76,pseudo,study
30,real,study
192,pseudo,study
10,real,study
228,real,study
40,real,study
61,real,study
66,real,study
14,real,study
107,pseudo,study
141,real,study
