yates,pseudo,study
sire,real,study
student,real,study
release,real,study
sprint,real,study
spept,pseudo,study
drowblin,pseudo,study
strat,pseudo,study
dose,real,study
surgery,real,study
quarter,real,study
tranders,pseudo,study
thet,pseudo,study
hospital,real,study
mint,real,study
thars,pseudo,study
creath,pseudo,study
mask,real,study
sneep,pseudo,study
brinner,pseudo,study
shees,pseudo,study
blark,pseudo,study
axe,real,study
whoss,pseudo,study
brinner,pseudo,study
pair,real,study
blourig,pseudo,study
yoke,real,study
treleton,pseudo,study
thars,pseudo,study
jouse,pseudo,study
tregs,pseudo,study
seam,real,study
himes,pseudo,study
quarter,real,study
coal,real,study
lab,real,study
tranders,pseudo,study
strat,pseudo,study
priend,pseudo,study
prile,pseudo,study
mesh,real,study
hospital,real,study
surgery,real,study
swars,pseudo,study
snells,pseudo,study
shees,pseudo,study
princess,real,study
leg,real,study
krey,pseudo,study
prile,pseudo,study
sin,real,study
sail,real,study
boose,pseudo,study
tham,pseudo,study
treleton,pseudo,study
brans,pseudo,study
plales,pseudo,study
stips,pseudo,study
whoss,pseudo,study
attorney,real,study
glear,pseudo,study
himes,pseudo,study
yesterday,real,study
swars,pseudo,study
release,real,study
sire,real,study
coal,real,study
boose,pseudo,study
pair,real,study
flench,pseudo,study
director,real,study
yared,pseudo,study
river,real,study
shoe,real,study
wiece,pseudo,study
axe,real,study
shroad,pseudo,study
muck,real,study
muck,real,study
sail,real,study
respect,real,study
director,real,study
snells,pseudo,study
mask,real,study
strept,pseudo,study
practice,real,study
student,real,study
flench,pseudo,study
priend,pseudo,study
river,real,study
mint,real,study
krey,pseudo,study
grape,real,study
plales,pseudo,study
wort,real,study
flinness,pseudo,study
soy,real,study
yesterday,real,study
tham,pseudo,study
flinness,pseudo,study
thet,pseudo,study
throuch,pseudo,study
blark,pseudo,study
ratio,real,study
half,real,study
stips,pseudo,study
blourig,pseudo,study
motel,real,study
yoke,real,study
spell,real,study
pange,pseudo,study
drowblin,pseudo,study
brans,pseudo,study
seam,real,study
mesh,real,study
plate,real,study
degs,pseudo,study
wort,real,study
bang,real,study
lawn,real,study
ratio,real,study
princess,real,study
lawn,real,study
lab,real,study
grape,real,study
respect,real,study
sprint,real,study
half,real,study
patient,real,study
bang,real,study
jouse,pseudo,study
shroad,pseudo,study
leg,real,study
degs,pseudo,study
neld,pseudo,study
sin,real,study
plate,real,study
soy,real,study
yared,pseudo,study
patient,real,study
practice,real,study
shoe,real,study
spept,pseudo,study
yates,pseudo,study
attorney,real,study
throuch,pseudo,study
motel,real,study
glear,pseudo,study
creath,pseudo,study
wiece,pseudo,study
neast,pseudo,study
dose,real,study
neast,pseudo,study
pange,pseudo,study
strept,pseudo,study
sneep,pseudo,study
spell,real,study
neld,pseudo,study
tregs,pseudo,study
