wife,real,study
bleast,pseudo,study
fight,real,study
crase,pseudo,study
football,real,study
gween,pseudo,study
today,real,study
shin,real,study
vills,pseudo,study
load,real,study
zalk,pseudo,study
congruoat,pseudo,study
bead,real,study
change,real,study
chorce,pseudo,study
pot,real,study
snow,real,study
daughter,real,study
sich,pseudo,study
today,real,study
whope,pseudo,study
kreen,pseudo,study
hese,pseudo,study
daughter,real,study
vills,pseudo,study
professor,real,study
wife,real,study
facks,pseudo,study
spled,pseudo,study
gnard,pseudo,study
bead,real,study
creer,pseudo,study
crives,pseudo,study
process,real,study
crase,pseudo,study
downstairs,real,study
manager,real,study
swest,pseudo,study
swest,pseudo,study
pump,real,study
hese,pseudo,study
fear,real,study
slouresce,pseudo,study
swean,pseudo,study
trools,pseudo,study
fear,real,study
strimes,pseudo,study
peach,real,study
process,real,study
plense,pseudo,study
whope,pseudo,study
change,real,study
froud,pseudo,study
base,real,study
snow,real,study
inniberal,pseudo,study
crurch,pseudo,study
plense,pseudo,study
dunch,pseudo,study
kreat,pseudo,study
spled,pseudo,study
trools,pseudo,study
meems,pseudo,study
chorce,pseudo,study
kreat,pseudo,study
science,real,study
par,real,study
spraw,pseudo,study
shem,pseudo,study
peach,real,study
cruth,pseudo,study
stry,pseudo,study
manager,real,study
staff,real,study
aggall,pseudo,study
grix,pseudo,study
stinds,pseudo,study
chess,real,study
grix,pseudo,study
thome,pseudo,study
meems,pseudo,study
bathroom,real,study
poker,real,study
stinds,pseudo,study
congruoat,pseudo,study
kreen,pseudo,study
opinion,real,study
creer,pseudo,study
wax,real,study
pot,real,study
aggall,pseudo,study
poker,real,study
stry,pseudo,study
emergency,real,study
bleast,pseudo,study
history,real,study
diet,real,study
science,real,study
sign,real,study
diet,real,study
crurch,pseudo,study
prease,pseudo,study
demon,real,study
dunch,pseudo,study
sheriff,real,study
thome,pseudo,study
staff,real,study
slouresce,pseudo,study
spet,pseudo,study
sich,pseudo,study
chess,real,study
demon,real,study
number,real,study
fight,real,study
bathroom,real,study
peck,real,study
death,real,study
cable,real,study
someone,real,study
spet,pseudo,study
wind,real,study
load,real,study
wind,real,study
football,real,study
par,real,study
froud,pseudo,study
professor,real,study
pump,real,study
zalk,pseudo,study
inniberal,pseudo,study
cruth,pseudo,study
thines,pseudo,study
thines,pseudo,study
number,real,study
base,real,study
sign,real,study
drong,pseudo,study
emergency,real,study
gween,pseudo,study
wax,real,study
strimes,pseudo,study
peck,real,study
sheriff,real,study
prease,pseudo,study
interest,real,study
swean,pseudo,study
shin,real,study
shem,pseudo,study
opinion,real,study
facks,pseudo,study
crives,pseudo,study
cable,real,study
someone,real,study
spraw,pseudo,study
death,real,study
downstairs,real,study
history,real,study
interest,real,study
gnard,pseudo,study
drong,pseudo,study
