98,real,study
63,pseudo,study
154,real,study
183,pseudo,study
12,pseudo,study
105,real,study
135,pseudo,study
17,real,study
94,pseudo,study
136,real,study
161,pseudo,study
10,pseudo,study
233,real,study
215,pseudo,study
2,real,study
139,real,study
196,real,study
4,real,study
43,real,study
134,pseudo,study
57,pseudo,study
27,pseudo,study
212,pseudo,study
63,pseudo,study
125,real,study
237,pseudo,study
135,pseudo,study
146,real,study
167,pseudo,study
23,pseudo,study
237,pseudo,study
158,pseudo,study
23,pseudo,study
209,real,study
198,real,study
197,real,study
29,real,study
202,pseudo,study
146,real,study
111,pseudo,study
209,real,study
135,real,study
235,pseudo,study
218,pseudo,study
224,real,study
224,real,study
161,pseudo,study
227,real,study
70,pseudo,study
197,real,study
186,pseudo,study
37,pseudo,study
87,real,study
29,real,study
17,real,study
223,pseudo,study
98,pseudo,study
154,real,study
96,real,study
70,pseudo,study
109,pseudo,study
13,pseudo,study
168,real,study
223,pseudo,study
186,pseudo,study
227,real,study
129,pseudo,study
204,pseudo,study
111,pseudo,study
105,real,study
88,real,study
171,pseudo,study
175,real,study
215,pseudo,study
15,pseudo,study
109,pseudo,study
171,pseudo,study
135,real,study
178,pseudo,study
59,pseudo,study
193,pseudo,study
163,real,study
193,pseudo,study
196,real,study
158,pseudo,study
238,pseudo,study
112,pseudo,study
181,real,study
208,pseudo,study
98,pseudo,study
14,real,study
36,real,study
77,real,study
90,real,study
6,pseudo,study
199,real,study
209,pseudo,study
90,real,study
112,pseudo,study
99,real,study
110,real,study
56,real,study
204,pseudo,study
221,pseudo,study
12,pseudo,study
98,real,study
96,real,study
178,pseudo,study
37,pseudo,study
134,pseudo,study
221,pseudo,study
6,pseudo,study
168,real,study
202,pseudo,study
136,real,study
33,real,study
27,pseudo,study
57,pseudo,study
99,real,study
13,pseudo,study
209,pseudo,study
3,real,study
88,real,study
208,pseudo,study
175,real,study
2,real,study
140,real,study
212,pseudo,study
199,real,study
15,pseudo,study
77,real,study
181,real,study
233,real,study
43,real,study
178,real,study
49,real,study
183,pseudo,study
238,pseudo,study
56,real,study
235,pseudo,study
198,real,study
49,real,study
87,real,study
163,real,study
4,real,study
218,pseudo,study
14,real,study
125,real,study
3,real,study
36,real,study
33,real,study
167,pseudo,study
110,real,study
94,pseudo,study
140,real,study
139,real,study
178,real,study
10,pseudo,study
59,pseudo,study
129,pseudo,study
