236,pseudo,study
213,pseudo,study
203,real,study
126,pseudo,study
51,pseudo,study
183,pseudo,study
219,pseudo,study
176,real,study
108,real,study
186,pseudo,study
26,pseudo,study
33,pseudo,study
153,pseudo,study
37,pseudo,study
212,real,study
61,real,study
32,pseudo,study
67,real,study
131,real,study
169,real,study
5,real,study
240,real,study
39,real,study
1,pseudo,study
215,real,study
93,real,study
194,real,study
83,pseudo,study
176,real,study
31,real,study
240,real,study
5,real,study
215,real,study
193,real,study
111,pseudo,study
193,real,study
156,pseudo,study
8,pseudo,study
25,real,study
110,pseudo,study
133,pseudo,study
184,pseudo,study
140,pseudo,study
118,real,study
233,real,study
10,real,study
146,pseudo,study
113,real,study
61,pseudo,study
10,real,study
212,real,study
105,pseudo,study
158,pseudo,study
14,pseudo,study
162,pseudo,study
72,pseudo,study
144,real,study
113,pseudo,study
206,real,study
123,pseudo,study
118,real,study
158,pseudo,study
186,pseudo,study
123,pseudo,study
75,pseudo,study
80,real,study
60,pseudo,study
144,pseudo,study
153,pseudo,study
187,real,study
172,real,study
203,real,study
44,real,study
50,pseudo,study
75,pseudo,study
144,pseudo,study
102,pseudo,study
24,real,study
39,real,study
197,real,study
44,real,study
172,pseudo,study
93,real,study
45,pseudo,study
172,real,study
150,real,study
1,pseudo,study
102,pseudo,study
51,pseudo,study
72,pseudo,study
126,pseudo,study
162,pseudo,study
8,pseudo,study
141,real,study
86,pseudo,study
25,real,study
198,real,study
16,pseudo,study
14,pseudo,study
50,pseudo,study
236,pseudo,study
223,pseudo,study
184,pseudo,study
6,real,study
229,real,study
140,pseudo,study
61,real,study
45,pseudo,study
37,pseudo,study
183,pseudo,study
33,pseudo,study
19,real,study
221,real,study
187,real,study
107,real,study
172,pseudo,study
206,real,study
144,real,study
60,pseudo,study
197,real,study
19,real,study
198,real,study
113,pseudo,study
223,pseudo,study
156,pseudo,study
113,real,study
139,real,study
105,pseudo,study
26,pseudo,study
24,real,study
233,real,study
139,real,study
133,pseudo,study
108,real,study
80,real,study
146,pseudo,study
83,pseudo,study
213,pseudo,study
16,pseudo,study
90,real,study
221,real,study
6,real,study
160,real,study
107,real,study
110,pseudo,study
67,real,study
32,pseudo,study
219,pseudo,study
229,real,study
131,real,study
90,real,study
31,real,study
86,pseudo,study
169,real,study
141,real,study
61,pseudo,study
194,real,study
111,pseudo,study
160,real,study
150,real,study
