chorce,pseudo,study
master,real,study
jury,real,study
today,real,study
sire,real,study
pleasure,real,study
master,real,study
brots,pseudo,study
bolt,real,study
telp,pseudo,study
brer,pseudo,study
strimes,pseudo,study
glear,pseudo,study
wosts,pseudo,study
crock,real,study
situation,real,study
glow,real,study
crurch,pseudo,study
giles,pseudo,study
wall,real,study
hook,real,study
gill,real,study
pup,real,study
voved,pseudo,study
swene,pseudo,study
bud,real,study
phants,pseudo,study
monster,real,study
boose,pseudo,study
sire,real,study
crurch,pseudo,study
prounds,pseudo,study
zalls,pseudo,study
health,real,study
grectral,pseudo,study
position,real,study
taid,pseudo,study
opinion,real,study
states,real,study
strimes,pseudo,study
pange,pseudo,study
pleasure,real,study
fountain,real,study
aggall,pseudo,study
fight,real,study
monster,real,study
drum,real,study
chorce,pseudo,study
glear,pseudo,study
giles,pseudo,study
sich,pseudo,study
crallow,pseudo,study
prounds,pseudo,study
gomes,pseudo,study
harp,real,study
fear,real,study
base,real,study
hook,real,study
pike,real,study
novice,real,study
gill,real,study
decision,real,study
glam,pseudo,study
phank,pseudo,study
creath,pseudo,study
smone,pseudo,study
smone,pseudo,study
captain,real,study
wall,real,study
number,real,study
dralactite,pseudo,study
wosts,pseudo,study
bathroom,real,study
bud,real,study
states,real,study
wonder,real,study
gomes,pseudo,study
decision,real,study
strope,pseudo,study
swest,pseudo,study
number,real,study
bathroom,real,study
taid,pseudo,study
interest,real,study
aggall,pseudo,study
situation,real,study
tocks,pseudo,study
novice,real,study
crallow,pseudo,study
thich,pseudo,study
congruoat,pseudo,study
fountain,real,study
officer,real,study
pould,pseudo,study
jouse,pseudo,study
creath,pseudo,study
tocks,pseudo,study
strope,pseudo,study
fear,real,study
zalls,pseudo,study
dagger,real,study
jury,real,study
poison,real,study
torch,real,study
pup,real,study
voved,pseudo,study
shore,real,study
congruoat,pseudo,study
abbunition,pseudo,study
poison,real,study
pould,pseudo,study
thown,pseudo,study
pange,pseudo,study
wonder,real,study
grectral,pseudo,study
brer,pseudo,study
ego,real,study
swest,pseudo,study
fight,real,study
shore,real,study
trour,pseudo,study
captain,real,study
himes,pseudo,study
officer,real,study
sich,pseudo,study
jouse,pseudo,study
abbunition,pseudo,study
bolt,real,study
opinion,real,study
interest,real,study
brots,pseudo,study
swene,pseudo,study
glow,real,study
drum,real,study
base,real,study
spraw,pseudo,study
glam,pseudo,study
thown,pseudo,study
insurance,real,study
phank,pseudo,study
phants,pseudo,study
today,real,study
yates,pseudo,study
thich,pseudo,study
telp,pseudo,study
dagger,real,study
himes,pseudo,study
insurance,real,study
pike,real,study
crock,real,study
position,real,study
health,real,study
spraw,pseudo,study
trour,pseudo,study
boose,pseudo,study
ego,real,study
harp,real,study
torch,real,study
dralactite,pseudo,study
yates,pseudo,study
