weather,real,study
chicken,real,study
swean,pseudo,study
otterings,pseudo,study
fault,real,study
nairs,pseudo,study
swean,pseudo,study
peach,real,study
cright,pseudo,study
breakfast,real,study
ghare,pseudo,study
flinness,pseudo,study
dountian,pseudo,study
crallest,pseudo,study
sheriff,real,study
marriage,real,study
prease,pseudo,study
fold,real,study
vonce,pseudo,study
tree,real,study
slouresce,pseudo,study
fun,real,study
greal,pseudo,study
stredule,pseudo,study
grape,real,study
snow,real,study
manager,real,study
floth,pseudo,study
smands,pseudo,study
stredule,pseudo,study
crase,pseudo,study
football,real,study
spet,pseudo,study
change,real,study
bay,real,study
weather,real,study
song,real,study
spled,pseudo,study
bay,real,study
stitch,real,study
stips,pseudo,study
pights,pseudo,study
meat,real,study
manager,real,study
zip,real,study
rink,real,study
dream,real,study
sheriff,real,study
stim,pseudo,study
whilk,pseudo,study
streer,pseudo,study
stomes,pseudo,study
flinness,pseudo,study
flench,pseudo,study
jince,pseudo,study
breakfast,real,study
peck,real,study
poker,real,study
nuse,pseudo,study
ghare,pseudo,study
scine,pseudo,study
chocolate,real,study
trap,real,study
peads,pseudo,study
cleep,pseudo,study
crime,real,study
lawn,real,study
stitch,real,study
bit,real,study
tiss,pseudo,study
snow,real,study
suspect,real,study
ginds,pseudo,study
pights,pseudo,study
police,real,study
prease,pseudo,study
twan,pseudo,study
percent,real,study
fault,real,study
cleep,pseudo,study
percent,real,study
stim,pseudo,study
change,real,study
colour,real,study
stips,pseudo,study
clept,pseudo,study
grape,real,study
flind,pseudo,study
marriage,real,study
ginds,pseudo,study
demon,real,study
downstairs,real,study
flench,pseudo,study
nuse,pseudo,study
phrise,pseudo,study
jend,pseudo,study
otterings,pseudo,study
police,real,study
flind,pseudo,study
rink,real,study
season,real,study
football,real,study
crase,pseudo,study
dountian,pseudo,study
zip,real,study
mart,real,study
stomes,pseudo,study
nairs,pseudo,study
fold,real,study
smeed,pseudo,study
clept,pseudo,study
smands,pseudo,study
chicken,real,study
vonce,pseudo,study
crallest,pseudo,study
dream,real,study
twan,pseudo,study
lawn,real,study
chocolate,real,study
streer,pseudo,study
throm,pseudo,study
greal,pseudo,study
jend,pseudo,study
promise,real,study
tree,real,study
mart,real,study
midnight,real,study
demon,real,study
phrise,pseudo,study
throm,pseudo,study
downstairs,real,study
colour,real,study
poker,real,study
leer,real,study
promise,real,study
trap,real,study
tiss,pseudo,study
peads,pseudo,study
smeed,pseudo,study
peck,real,study
peach,real,study
jince,pseudo,study
pruit,pseudo,study
cright,pseudo,study
floth,pseudo,study
season,real,study
slouresce,pseudo,study
suspect,real,study
spet,pseudo,study
song,real,study
leer,real,study
crime,real,study
spled,pseudo,study
whilk,pseudo,study
midnight,real,study
fun,real,study
scine,pseudo,study
meat,real,study
pruit,pseudo,study
bit,real,study
