100,pseudo,study
23,real,study
100,pseudo,study
216,real,study
211,real,study
203,pseudo,study
58,real,study
171,real,study
58,real,study
14,real,study
98,pseudo,study
214,pseudo,study
229,real,study
149,pseudo,study
209,pseudo,study
214,pseudo,study
49,pseudo,study
69,real,study
54,real,study
112,real,study
87,real,study
75,real,study
103,pseudo,study
152,pseudo,study
121,real,study
17,real,study
168,real,study
5,pseudo,study
161,real,study
109,pseudo,study
103,pseudo,study
199,pseudo,study
125,real,study
42,real,study
125,real,study
54,real,study
95,real,study
163,real,study
23,real,study
178,real,study
101,real,study
93,real,study
5,real,study
162,pseudo,study
75,real,study
160,pseudo,study
208,pseudo,study
87,real,study
212,real,study
98,pseudo,study
172,pseudo,study
194,pseudo,study
41,real,study
206,real,study
101,real,study
239,pseudo,study
127,pseudo,study
232,real,study
99,pseudo,study
178,pseudo,study
123,pseudo,study
123,pseudo,study
218,real,study
239,pseudo,study
9,real,study
206,real,study
5,real,study
172,real,study
112,real,study
91,real,study
216,real,study
78,real,study
160,pseudo,study
141,pseudo,study
208,pseudo,study
194,pseudo,study
225,real,study
51,real,study
94,pseudo,study
91,real,study
26,pseudo,study
203,pseudo,study
93,real,study
95,real,study
52,pseudo,study
218,pseudo,study
162,pseudo,study
133,pseudo,study
161,pseudo,study
152,pseudo,study
22,pseudo,study
225,real,study
173,pseudo,study
79,pseudo,study
109,pseudo,study
52,pseudo,study
178,pseudo,study
50,pseudo,study
110,real,study
49,pseudo,study
14,real,study
9,real,study
43,real,study
229,pseudo,study
218,real,study
34,pseudo,study
34,pseudo,study
50,pseudo,study
35,real,study
57,pseudo,study
199,pseudo,study
178,real,study
105,pseudo,study
77,pseudo,study
209,pseudo,study
26,pseudo,study
94,pseudo,study
171,real,study
133,pseudo,study
168,real,study
172,pseudo,study
81,real,study
141,pseudo,study
160,real,study
121,real,study
99,pseudo,study
231,pseudo,study
110,real,study
229,real,study
160,real,study
17,real,study
35,real,study
5,pseudo,study
161,real,study
77,pseudo,study
163,real,study
229,pseudo,study
211,real,study
173,pseudo,study
69,real,study
42,real,study
41,real,study
78,real,study
51,real,study
23,pseudo,study
149,pseudo,study
161,pseudo,study
172,real,study
218,pseudo,study
81,real,study
57,pseudo,study
127,pseudo,study
231,pseudo,study
22,pseudo,study
23,pseudo,study
43,real,study
79,pseudo,study
232,real,study
212,real,study
105,pseudo,study
