183,pseudo,study
72,pseudo,study
62,pseudo,study
94,pseudo,study
218,pseudo,study
198,pseudo,study
148,real,study
33,pseudo,study
198,pseudo,study
179,pseudo,study
156,real,study
32,pseudo,study
154,real,study
9,pseudo,study
172,real,study
10,real,study
96,pseudo,study
195,pseudo,study
22,real,study
112,pseudo,study
145,real,study
123,real,study
213,pseudo,study
91,pseudo,study
22,real,study
194,real,study
33,pseudo,study
171,real,study
45,pseudo,study
156,real,study
74,real,study
11,pseudo,study
112,pseudo,study
46,real,study
207,real,study
71,real,study
81,pseudo,study
164,real,study
148,real,study
195,pseudo,study
78,real,study
14,real,study
165,real,study
141,real,study
164,real,study
228,pseudo,study
31,pseudo,study
211,pseudo,study
9,pseudo,study
155,pseudo,study
161,real,study
240,real,study
190,pseudo,study
28,real,study
211,pseudo,study
194,real,study
76,real,study
183,pseudo,study
143,real,study
80,real,study
141,real,study
180,pseudo,study
30,pseudo,study
135,real,study
34,pseudo,study
5,real,study
229,pseudo,study
155,pseudo,study
176,real,study
104,pseudo,study
229,pseudo,study
120,real,study
199,pseudo,study
50,real,study
230,real,study
226,real,study
190,pseudo,study
179,pseudo,study
73,pseudo,study
32,pseudo,study
80,pseudo,study
240,real,study
60,real,study
190,real,study
10,real,study
36,real,study
104,pseudo,study
218,pseudo,study
30,pseudo,study
73,pseudo,study
28,real,study
71,real,study
46,real,study
45,pseudo,study
187,pseudo,study
76,real,study
181,pseudo,study
154,real,study
10,pseudo,study
207,real,study
190,real,study
50,real,study
181,pseudo,study
36,real,study
12,pseudo,study
165,real,study
14,real,study
10,pseudo,study
5,real,study
161,real,study
231,pseudo,study
11,real,study
80,pseudo,study
160,pseudo,study
120,real,study
187,pseudo,study
176,real,study
180,pseudo,study
199,pseudo,study
34,pseudo,study
128,pseudo,study
111,pseudo,study
133,real,study
60,real,study
215,real,study
201,real,study
201,real,study
74,real,study
84,real,study
81,pseudo,study
172,real,study
215,real,study
231,pseudo,study
160,pseudo,study
96,pseudo,study
228,pseudo,study
230,real,study
143,real,study
11,real,study
11,pseudo,study
226,real,study
178,pseudo,study
213,pseudo,study
111,pseudo,study
128,pseudo,study
78,real,study
31,pseudo,study
91,pseudo,study
171,real,study
80,real,study
178,pseudo,study
145,real,study
84,real,study
94,pseudo,study
72,pseudo,study
123,real,study
135,real,study
12,pseudo,study
62,pseudo,study
133,real,study
