shin,real,study
thite,pseudo,study
plales,pseudo,study
neast,pseudo,study
bit,real,study
machine,real,study
prayer,real,study
jury,real,study
shance,pseudo,study
rocket,real,study
spice,real,study
machine,real,study
shem,pseudo,study
care,real,study
bay,real,study
creath,pseudo,study
forge,real,study
slen,pseudo,study
felse,pseudo,study
shin,real,study
prether,pseudo,study
weather,real,study
swean,pseudo,study
spice,real,study
blass,pseudo,study
muck,real,study
swith,pseudo,study
language,real,study
dagger,real,study
slen,pseudo,study
trools,pseudo,study
cise,pseudo,study
whilk,pseudo,study
prayer,real,study
stim,pseudo,study
slit,real,study
tregs,pseudo,study
block,real,study
care,real,study
greast,pseudo,study
priend,pseudo,study
rhurch,pseudo,study
sail,real,study
trools,pseudo,study
priend,pseudo,study
cruth,pseudo,study
fonths,pseudo,study
sprint,real,study
cright,pseudo,study
concert,real,study
teacher,real,study
ruin,real,study
jury,real,study
officer,real,study
stink,real,study
box,real,study
froud,pseudo,study
prether,pseudo,study
sail,real,study
concert,real,study
wonder,real,study
wresh,pseudo,study
swith,pseudo,study
eye,real,study
bit,real,study
flench,pseudo,study
dagger,real,study
fun,real,study
crurch,pseudo,study
brans,pseudo,study
swean,pseudo,study
neast,pseudo,study
sap,real,study
fun,real,study
glow,real,study
theer,pseudo,study
brans,pseudo,study
muck,real,study
plene,pseudo,study
crock,real,study
froud,pseudo,study
cloose,pseudo,study
crop,real,study
officer,real,study
crock,real,study
wig,real,study
twose,pseudo,study
jince,pseudo,study
crop,real,study
blass,pseudo,study
plene,pseudo,study
wonder,real,study
thite,pseudo,study
ratio,real,study
crurch,pseudo,study
teacher,real,study
seconds,real,study
whilk,pseudo,study
creath,pseudo,study
rhurch,pseudo,study
hatch,real,study
sap,real,study
ego,real,study
slit,real,study
ruin,real,study
tith,pseudo,study
shem,pseudo,study
weather,real,study
sprint,real,study
theer,pseudo,study
cloose,pseudo,study
cise,pseudo,study
felse,pseudo,study
glow,real,study
hatch,real,study
tranders,pseudo,study
flight,real,study
cruth,pseudo,study
tranders,pseudo,study
test,real,study
keaves,pseudo,study
tith,pseudo,study
anybody,real,study
phall,pseudo,study
flight,real,study
block,real,study
forge,real,study
cright,pseudo,study
test,real,study
smeed,pseudo,study
flench,pseudo,study
pives,pseudo,study
jince,pseudo,study
fonths,pseudo,study
wig,real,study
spoes,pseudo,study
anybody,real,study
stim,pseudo,study
box,real,study
stink,real,study
death,real,study
plales,pseudo,study
smeed,pseudo,study
twose,pseudo,study
ratio,real,study
pives,pseudo,study
wresh,pseudo,study
language,real,study
spoes,pseudo,study
death,real,study
shance,pseudo,study
greast,pseudo,study
phall,pseudo,study
eye,real,study
rocket,real,study
bay,real,study
tregs,pseudo,study
ego,real,study
seconds,real,study
keaves,pseudo,study
