throm,pseudo,study
wife,real,study
crown,real,study
spones,pseudo,study
boose,pseudo,study
pength,pseudo,study
master,real,study
splim,pseudo,study
hook,real,study
chocolate,real,study
fault,real,study
yared,pseudo,study
captain,real,study
suspect,real,study
troat,pseudo,study
mask,real,study
twan,pseudo,study
stry,pseudo,study
giles,pseudo,study
wife,real,study
chould,pseudo,study
throuch,pseudo,study
someone,real,study
lust,real,study
soldier,real,study
inniberal,pseudo,study
plense,pseudo,study
troat,pseudo,study
surprise,real,study
longuisher,pseudo,study
load,real,study
soldier,real,study
strimes,pseudo,study
gag,real,study
captain,real,study
prile,pseudo,study
yared,pseudo,study
snow,real,study
company,real,study
stredule,pseudo,study
inniberal,pseudo,study
zount,pseudo,study
glanslator,pseudo,study
soy,real,study
drum,real,study
director,real,study
longuisher,pseudo,study
floor,real,study
chocolate,real,study
bell,real,study
bastard,real,study
greal,pseudo,study
downstairs,real,study
blark,pseudo,study
spones,pseudo,study
patient,real,study
splim,pseudo,study
drum,real,study
brer,pseudo,study
diet,real,study
frawn,pseudo,study
suspect,real,study
license,real,study
trecimen,pseudo,study
master,real,study
stredule,pseudo,study
season,real,study
decision,real,study
fad,real,study
patient,real,study
cring,pseudo,study
tiss,pseudo,study
strimes,pseudo,study
greal,pseudo,study
stips,pseudo,study
clept,pseudo,study
rink,real,study
lust,real,study
crown,real,study
vense,pseudo,study
boose,pseudo,study
promise,real,study
giles,pseudo,study
cring,pseudo,study
prile,pseudo,study
load,real,study
bastard,real,study
centre,real,study
snats,pseudo,study
downstairs,real,study
shirl,pseudo,study
someone,real,study
fault,real,study
mask,real,study
diet,real,study
bile,real,study
bullet,real,study
shirl,pseudo,study
pength,pseudo,study
throm,pseudo,study
nacts,pseudo,study
tiss,pseudo,study
bile,real,study
spraw,pseudo,study
rirls,pseudo,study
glear,pseudo,study
promise,real,study
woice,pseudo,study
glear,pseudo,study
wort,real,study
evidence,real,study
trecimen,pseudo,study
director,real,study
veen,pseudo,study
plense,pseudo,study
nacts,pseudo,study
season,real,study
soy,real,study
fad,real,study
surprise,real,study
vense,pseudo,study
bullet,real,study
creer,pseudo,study
throuch,pseudo,study
veen,pseudo,study
snats,pseudo,study
thome,pseudo,study
bunk,real,study
floor,real,study
thome,pseudo,study
rirls,pseudo,study
frawn,pseudo,study
rink,real,study
clept,pseudo,study
license,real,study
centre,real,study
company,real,study
brer,pseudo,study
blark,pseudo,study
glanslator,pseudo,study
peach,real,study
evidence,real,study
twan,pseudo,study
chould,pseudo,study
novice,real,study
decision,real,study
snow,real,study
woice,pseudo,study
bell,real,study
bunk,real,study
peach,real,study
spraw,pseudo,study
gag,real,study
hook,real,study
creer,pseudo,study
wort,real,study
stips,pseudo,study
stry,pseudo,study
zount,pseudo,study
novice,real,study
