102,pseudo,study
239,real,study
240,pseudo,study
101,real,study
149,pseudo,study
158,pseudo,study
139,pseudo,study
56,real,study
153,pseudo,study
68,pseudo,study
8,pseudo,study
193,pseudo,study
48,real,study
45,real,study
48,real,study
153,pseudo,study
193,pseudo,study
221,real,study
56,pseudo,study
172,real,study
216,pseudo,study
181,real,study
95,pseudo,study
227,real,study
203,pseudo,study
98,pseudo,study
158,real,study
213,pseudo,study
77,pseudo,study
136,real,study
184,real,study
101,real,study
124,real,study
129,pseudo,study
47,real,study
234,real,study
111,real,study
116,real,study
221,real,study
219,pseudo,study
161,real,study
112,pseudo,study
172,real,study
5,real,study
116,real,study
158,pseudo,study
8,pseudo,study
56,pseudo,study
216,pseudo,study
151,pseudo,study
19,real,study
138,pseudo,study
159,pseudo,study
197,pseudo,study
240,pseudo,study
49,pseudo,study
73,pseudo,study
151,real,study
63,pseudo,study
184,real,study
111,real,study
3,real,study
45,real,study
63,pseudo,study
139,pseudo,study
197,pseudo,study
139,real,study
52,real,study
234,real,study
38,pseudo,study
203,pseudo,study
142,real,study
213,pseudo,study
228,pseudo,study
19,real,study
181,real,study
61,real,study
151,pseudo,study
117,real,study
25,pseudo,study
214,pseudo,study
56,real,study
1,pseudo,study
52,real,study
124,real,study
180,real,study
67,real,study
129,pseudo,study
218,pseudo,study
149,pseudo,study
72,real,study
49,pseudo,study
15,pseudo,study
151,real,study
67,real,study
1,pseudo,study
25,pseudo,study
129,real,study
140,real,study
80,real,study
228,pseudo,study
51,real,study
230,pseudo,study
139,real,study
193,real,study
85,pseudo,study
152,real,study
117,real,study
239,real,study
193,real,study
218,pseudo,study
87,real,study
140,real,study
3,real,study
227,real,study
138,pseudo,study
51,real,study
180,real,study
162,pseudo,study
95,pseudo,study
141,pseudo,study
61,pseudo,study
214,pseudo,study
159,pseudo,study
112,pseudo,study
87,real,study
126,real,study
115,real,study
77,pseudo,study
230,pseudo,study
98,pseudo,study
141,pseudo,study
72,real,study
15,pseudo,study
161,real,study
31,pseudo,study
5,real,study
142,real,study
162,pseudo,study
115,real,study
74,pseudo,study
61,real,study
38,pseudo,study
158,real,study
73,pseudo,study
68,pseudo,study
80,real,study
129,real,study
199,real,study
199,real,study
219,pseudo,study
152,real,study
74,pseudo,study
31,pseudo,study
126,real,study
47,real,study
102,pseudo,study
136,real,study
85,pseudo,study
61,pseudo,study
