18,real,study
210,real,study
87,pseudo,study
163,pseudo,study
18,real,study
38,real,study
228,real,study
184,real,study
215,pseudo,study
42,pseudo,study
218,pseudo,study
43,real,study
188,pseudo,study
74,pseudo,study
126,real,study
19,real,study
209,pseudo,study
33,pseudo,study
156,pseudo,study
136,real,study
213,pseudo,study
105,pseudo,study
181,pseudo,study
107,real,study
125,real,study
189,pseudo,study
218,pseudo,study
191,pseudo,study
66,real,study
64,real,study
184,pseudo,study
222,pseudo,study
41,real,study
182,real,study
229,pseudo,study
122,real,study
80,real,study
205,real,study
14,real,study
213,pseudo,study
34,real,study
3,pseudo,study
124,real,study
38,real,study
24,pseudo,study
14,real,study
174,real,study
163,pseudo,study
125,real,study
126,pseudo,study
124,pseudo,study
66,pseudo,study
186,real,study
188,real,study
173,pseudo,study
233,real,study
97,pseudo,study
66,pseudo,study
173,pseudo,study
214,real,study
89,pseudo,study
136,real,study
41,real,study
182,real,study
228,real,study
90,real,study
20,real,study
173,real,study
105,pseudo,study
154,pseudo,study
134,real,study
118,real,study
198,pseudo,study
31,pseudo,study
229,pseudo,study
90,real,study
206,real,study
237,pseudo,study
218,real,study
188,pseudo,study
214,real,study
23,pseudo,study
34,real,study
64,real,study
33,pseudo,study
122,real,study
129,pseudo,study
222,pseudo,study
183,real,study
205,real,study
151,real,study
65,real,study
160,pseudo,study
74,pseudo,study
129,pseudo,study
24,pseudo,study
89,pseudo,study
43,real,study
141,pseudo,study
160,pseudo,study
239,pseudo,study
54,real,study
107,real,study
191,pseudo,study
173,real,study
54,real,study
184,pseudo,study
82,pseudo,study
189,pseudo,study
151,real,study
186,real,study
97,pseudo,study
154,pseudo,study
20,real,study
31,pseudo,study
5,pseudo,study
206,real,study
210,real,study
80,real,study
209,real,study
198,pseudo,study
236,real,study
113,pseudo,study
42,pseudo,study
65,real,study
134,real,study
183,real,study
118,real,study
141,pseudo,study
41,pseudo,study
184,real,study
215,pseudo,study
181,pseudo,study
126,real,study
97,real,study
239,pseudo,study
5,pseudo,study
3,pseudo,study
156,pseudo,study
126,pseudo,study
82,pseudo,study
124,real,study
124,pseudo,study
174,real,study
186,pseudo,study
113,pseudo,study
236,real,study
186,pseudo,study
97,real,study
209,pseudo,study
209,real,study
237,pseudo,study
19,real,study
23,pseudo,study
233,real,study
87,pseudo,study
188,real,study
218,real,study
41,pseudo,study
66,real,study
