tocks,pseudo,study
stry,pseudo,study
bunk,real,study
wife,real,study
keaves,pseudo,study
twose,pseudo,study
mees,pseudo,study
yared,pseudo,study
gomes,pseudo,study
season,real,study
par,real,study
krench,pseudo,study
spones,pseudo,study
otterings,pseudo,study
clept,pseudo,study
scruck,pseudo,study
sprint,real,study
aim,real,study
gomes,pseudo,study
crime,real,study
greast,pseudo,study
history,real,study
level,real,study
muck,real,study
load,real,study
history,real,study
cleep,pseudo,study
snells,pseudo,study
cloose,pseudo,study
attorney,real,study
spell,real,study
rirls,pseudo,study
science,real,study
arrailig,pseudo,study
patient,real,study
dinner,real,study
officer,real,study
sprint,real,study
machine,real,study
cloose,pseudo,study
neast,pseudo,study
dralactite,pseudo,study
crime,real,study
patient,real,study
facks,pseudo,study
otterings,pseudo,study
guy,real,study
facks,pseudo,study
chain,real,study
vonce,pseudo,study
arrailig,pseudo,study
tocks,pseudo,study
meems,pseudo,study
plate,real,study
bang,real,study
rhurch,pseudo,study
respect,real,study
nonsense,real,study
greal,pseudo,study
meems,pseudo,study
scrength,pseudo,study
scrength,pseudo,study
season,real,study
dinner,real,study
lust,real,study
altitude,real,study
rhurch,pseudo,study
brinner,pseudo,study
chain,real,study
lust,real,study
attorney,real,study
whoss,pseudo,study
trings,pseudo,study
muck,real,study
level,real,study
change,real,study
master,real,study
dagger,real,study
spept,pseudo,study
science,real,study
clept,pseudo,study
plate,real,study
zands,pseudo,study
smands,pseudo,study
master,real,study
flinness,pseudo,study
health,real,study
bay,real,study
aim,real,study
trings,pseudo,study
load,real,study
phall,pseudo,study
cleep,pseudo,study
altitude,real,study
pup,real,study
fass,pseudo,study
scruck,pseudo,study
rirls,pseudo,study
dralactite,pseudo,study
brans,pseudo,study
surgery,real,study
bunk,real,study
brans,pseudo,study
pump,real,study
diet,real,study
flinness,pseudo,study
blass,pseudo,study
zands,pseudo,study
neast,pseudo,study
whoss,pseudo,study
pup,real,study
health,real,study
spept,pseudo,study
brinner,pseudo,study
smands,pseudo,study
fass,pseudo,study
spones,pseudo,study
yared,pseudo,study
keaves,pseudo,study
wife,real,study
krench,pseudo,study
princess,real,study
abbunition,pseudo,study
quarter,real,study
spell,real,study
guy,real,study
greal,pseudo,study
twose,pseudo,study
telp,pseudo,study
giant,real,study
stry,pseudo,study
vonce,pseudo,study
mees,pseudo,study
pump,real,study
nonsense,real,study
quarter,real,study
princess,real,study
phall,pseudo,study
officer,real,study
zalk,pseudo,study
trail,real,study
machine,real,study
snells,pseudo,study
par,real,study
trail,real,study
respect,real,study
change,real,study
bang,real,study
bay,real,study
diet,real,study
blass,pseudo,study
zalk,pseudo,study
president,real,study
dagger,real,study
giant,real,study
greast,pseudo,study
surgery,real,study
president,real,study
abbunition,pseudo,study
telp,pseudo,study
