audience,real,study
purpose,real,study
pitch,real,study
shirl,pseudo,study
concert,real,study
police,real,study
glasses,real,study
chess,real,study
hank,real,study
plis,pseudo,study
yats,pseudo,study
ghare,pseudo,study
fear,real,study
blourig,pseudo,study
concert,real,study
splim,pseudo,study
shem,pseudo,study
shore,real,study
leg,real,study
smorth,pseudo,study
tree,real,study
death,real,study
pope,real,study
pleaties,pseudo,study
crell,pseudo,study
skreets,pseudo,study
spords,pseudo,study
seconds,real,study
trools,pseudo,study
crallest,pseudo,study
phants,pseudo,study
police,real,study
seconds,real,study
dose,real,study
trools,pseudo,study
dunch,pseudo,study
support,real,study
nis,pseudo,study
captain,real,study
miracle,real,study
crell,pseudo,study
pitch,real,study
prayer,real,study
cright,pseudo,study
phrise,pseudo,study
spled,pseudo,study
zount,pseudo,study
plis,pseudo,study
plood,pseudo,study
strope,pseudo,study
crust,real,study
tham,pseudo,study
nis,pseudo,study
door,real,study
plene,pseudo,study
phants,pseudo,study
picture,real,study
shirl,pseudo,study
skreets,pseudo,study
glam,pseudo,study
crust,real,study
cright,pseudo,study
glasses,real,study
gween,pseudo,study
hook,real,study
manager,real,study
demon,real,study
fratements,pseudo,study
gars,pseudo,study
tree,real,study
wax,real,study
yats,pseudo,study
fear,real,study
drist,pseudo,study
chess,real,study
tham,pseudo,study
ego,real,study
door,real,study
ego,real,study
strope,pseudo,study
blourig,pseudo,study
shem,pseudo,study
vord,pseudo,study
fratements,pseudo,study
zalls,pseudo,study
smorth,pseudo,study
brots,pseudo,study
pope,real,study
crallest,pseudo,study
picture,real,study
bomb,real,study
hank,real,study
audience,real,study
prayer,real,study
emergency,real,study
whope,pseudo,study
plood,pseudo,study
blied,pseudo,study
dunch,pseudo,study
glam,pseudo,study
wax,real,study
demon,real,study
whilk,pseudo,study
half,real,study
swean,pseudo,study
phrise,pseudo,study
hook,real,study
dountian,pseudo,study
vord,pseudo,study
support,real,study
page,real,study
zount,pseudo,study
bomb,real,study
leg,real,study
captain,real,study
teacher,real,study
sign,real,study
seam,real,study
shees,pseudo,study
creer,pseudo,study
seam,real,study
shees,pseudo,study
blied,pseudo,study
teacher,real,study
drist,pseudo,study
dune,real,study
cat,real,study
splim,pseudo,study
swean,pseudo,study
miracle,real,study
page,real,study
meat,real,study
zalls,pseudo,study
plene,pseudo,study
emergency,real,study
license,real,study
dountian,pseudo,study
death,real,study
whilk,pseudo,study
brots,pseudo,study
purpose,real,study
gars,pseudo,study
spords,pseudo,study
whope,pseudo,study
dune,real,study
language,real,study
shore,real,study
gween,pseudo,study
ghare,pseudo,study
pleaties,pseudo,study
half,real,study
spled,pseudo,study
language,real,study
license,real,study
creer,pseudo,study
manager,real,study
meat,real,study
cat,real,study
dose,real,study
sign,real,study
