139,real,study
174,pseudo,study
156,pseudo,study
163,pseudo,study
105,real,study
16,pseudo,study
168,pseudo,study
131,real,study
139,real,study
81,real,study
80,pseudo,study
227,real,study
234,pseudo,study
154,real,study
18,pseudo,study
154,real,study
46,pseudo,study
87,pseudo,study
211,real,study
76,pseudo,study
200,real,study
142,pseudo,study
208,pseudo,study
9,pseudo,study
50,real,study
174,pseudo,study
142,pseudo,study
155,pseudo,study
133,real,study
128,pseudo,study
169,pseudo,study
81,real,study
145,real,study
28,real,study
153,pseudo,study
181,real,study
160,real,study
145,real,study
99,pseudo,study
240,pseudo,study
123,real,study
16,pseudo,study
18,pseudo,study
153,pseudo,study
78,real,study
88,real,study
114,pseudo,study
174,real,study
240,real,study
208,pseudo,study
196,pseudo,study
120,real,study
49,real,study
146,real,study
144,pseudo,study
121,real,study
174,real,study
44,real,study
159,real,study
116,pseudo,study
199,pseudo,study
169,real,study
166,real,study
116,pseudo,study
1,pseudo,study
136,real,study
218,pseudo,study
156,pseudo,study
168,pseudo,study
121,real,study
12,real,study
218,pseudo,study
233,real,study
56,real,study
166,pseudo,study
46,pseudo,study
15,real,study
143,pseudo,study
160,real,study
105,real,study
15,real,study
196,pseudo,study
175,pseudo,study
227,real,study
146,real,study
110,pseudo,study
120,real,study
53,pseudo,study
49,real,study
35,real,study
80,pseudo,study
99,real,study
166,real,study
231,real,study
131,real,study
231,real,study
27,real,study
35,real,study
159,real,study
128,pseudo,study
149,real,study
77,pseudo,study
87,pseudo,study
181,real,study
105,pseudo,study
123,real,study
100,pseudo,study
130,pseudo,study
233,real,study
149,real,study
240,pseudo,study
50,real,study
155,pseudo,study
135,pseudo,study
50,pseudo,study
163,pseudo,study
53,pseudo,study
204,pseudo,study
136,real,study
144,pseudo,study
88,real,study
76,pseudo,study
169,real,study
204,pseudo,study
130,pseudo,study
77,pseudo,study
211,real,study
143,pseudo,study
1,pseudo,study
100,pseudo,study
110,pseudo,study
9,pseudo,study
169,pseudo,study
99,pseudo,study
232,pseudo,study
185,real,study
184,real,study
199,pseudo,study
50,pseudo,study
166,pseudo,study
114,pseudo,study
197,real,study
200,real,study
99,real,study
28,real,study
27,real,study
135,pseudo,study
197,real,study
105,pseudo,study
184,real,study
56,real,study
12,real,study
185,real,study
78,real,study
234,pseudo,study
232,pseudo,study
133,real,study
175,pseudo,study
44,real,study
240,real,study
