25,pseudo,study
207,real,study
133,real,study
74,pseudo,study
80,pseudo,study
107,real,study
219,pseudo,study
25,pseudo,study
169,pseudo,study
177,real,study
88,real,study
177,real,study
211,real,study
211,real,study
93,real,study
75,pseudo,study
202,real,study
186,pseudo,study
192,real,study
45,pseudo,study
110,pseudo,study
19,real,study
171,real,study
116,pseudo,study
9,pseudo,study
34,pseudo,study
196,real,study
10,pseudo,study
27,real,study
45,pseudo,study
75,pseudo,study
140,pseudo,study
116,pseudo,study
72,pseudo,study
106,real,study
37,pseudo,study
151,pseudo,study
126,real,study
225,pseudo,study
135,pseudo,study
30,pseudo,study
233,pseudo,study
196,real,study
7,pseudo,study
107,real,study
30,pseudo,study
80,pseudo,study
56,pseudo,study
115,pseudo,study
217,real,study
141,pseudo,study
156,real,study
7,real,study
217,real,study
141,pseudo,study
137,pseudo,study
132,pseudo,study
150,real,study
124,real,study
115,pseudo,study
219,pseudo,study
215,pseudo,study
88,real,study
37,real,study
7,pseudo,study
133,real,study
37,real,study
140,pseudo,study
10,pseudo,study
5,pseudo,study
93,real,study
198,pseudo,study
13,real,study
136,real,study
110,pseudo,study
164,pseudo,study
51,real,study
169,pseudo,study
198,real,study
171,real,study
129,pseudo,study
45,real,study
132,real,study
156,real,study
8,real,study
215,pseudo,study
165,pseudo,study
151,pseudo,study
23,real,study
46,real,study
136,real,study
215,real,study
113,real,study
225,real,study
132,pseudo,study
192,real,study
113,real,study
19,real,study
223,real,study
150,real,study
34,pseudo,study
198,pseudo,study
126,real,study
202,real,study
139,pseudo,study
229,pseudo,study
72,pseudo,study
106,real,study
236,real,study
132,real,study
233,pseudo,study
8,real,study
13,real,study
155,real,study
236,real,study
38,real,study
129,pseudo,study
51,real,study
215,real,study
237,pseudo,study
27,real,study
135,pseudo,study
131,real,study
38,real,study
206,real,study
165,pseudo,study
229,pseudo,study
37,pseudo,study
204,pseudo,study
225,pseudo,study
124,real,study
207,real,study
95,real,study
99,pseudo,study
223,real,study
206,real,study
131,real,study
155,real,study
5,pseudo,study
23,pseudo,study
95,real,study
164,pseudo,study
139,pseudo,study
9,pseudo,study
56,pseudo,study
198,real,study
237,pseudo,study
70,pseudo,study
70,pseudo,study
225,real,study
23,real,study
204,pseudo,study
45,real,study
23,pseudo,study
74,pseudo,study
137,pseudo,study
7,real,study
186,pseudo,study
46,real,study
99,pseudo,study
