whilk,pseudo,study
groys,pseudo,study
mule,real,study
iggitation,pseudo,study
crust,real,study
tract,real,study
vallisit,pseudo,study
doll,real,study
vallisit,pseudo,study
dagger,real,study
drist,pseudo,study
vense,pseudo,study
audience,real,study
chain,real,study
snats,pseudo,study
thite,pseudo,study
fission,real,study
troes,pseudo,study
chocolate,real,study
vense,pseudo,study
crell,pseudo,study
phank,pseudo,study
crown,real,study
crust,real,study
accident,real,study
jet,real,study
troes,pseudo,study
nacts,pseudo,study
skarts,pseudo,study
dagger,real,study
bud,real,study
president,real,study
cring,pseudo,study
smeed,pseudo,study
flight,real,study
promise,real,study
phank,pseudo,study
novice,real,study
pength,pseudo,study
prether,pseudo,study
phrise,pseudo,study
theer,pseudo,study
drist,pseudo,study
zip,real,study
fault,real,study
president,real,study
scine,pseudo,study
bolt,real,study
smone,pseudo,study
throm,pseudo,study
bolt,real,study
yeave,pseudo,study
torch,real,study
tomorrow,real,study
troat,pseudo,study
master,real,study
bomb,real,study
tract,real,study
arrenuate,pseudo,study
stink,real,study
novice,real,study
corner,real,study
whilk,pseudo,study
fault,real,study
box,real,study
splangle,pseudo,study
drum,real,study
target,real,study
dorld,pseudo,study
scrength,pseudo,study
tiss,pseudo,study
cring,pseudo,study
prether,pseudo,study
corner,real,study
doll,real,study
accident,real,study
guy,real,study
test,real,study
fratements,pseudo,study
nis,pseudo,study
splangle,pseudo,study
pike,real,study
crown,real,study
doe,real,study
promise,real,study
scine,pseudo,study
leer,real,study
zount,pseudo,study
drum,real,study
stross,pseudo,study
grive,pseudo,study
dreptical,pseudo,study
twan,pseudo,study
stitch,real,study
yeave,pseudo,study
rocket,real,study
smone,pseudo,study
crell,pseudo,study
chain,real,study
stink,real,study
iggitation,pseudo,study
target,real,study
snats,pseudo,study
dreptical,pseudo,study
groys,pseudo,study
altitude,real,study
police,real,study
grive,pseudo,study
stross,pseudo,study
twan,pseudo,study
frince,pseudo,study
rocket,real,study
theer,pseudo,study
box,real,study
test,real,study
pength,pseudo,study
bomb,real,study
chocolate,real,study
keaves,pseudo,study
guy,real,study
jet,real,study
arrenuate,pseudo,study
position,real,study
police,real,study
stitch,real,study
dorld,pseudo,study
skarts,pseudo,study
fission,real,study
altitude,real,study
zount,pseudo,study
tiss,pseudo,study
evidence,real,study
smeed,pseudo,study
zip,real,study
thown,pseudo,study
thite,pseudo,study
phrise,pseudo,study
fratements,pseudo,study
thown,pseudo,study
doe,real,study
keaves,pseudo,study
bud,real,study
nis,pseudo,study
scrength,pseudo,study
flight,real,study
leer,real,study
evidence,real,study
fonths,pseudo,study
nacts,pseudo,study
torch,real,study
position,real,study
mule,real,study
tomorrow,real,study
frince,pseudo,study
throm,pseudo,study
audience,real,study
troat,pseudo,study
master,real,study
pike,real,study
fonths,pseudo,study
