wosts,pseudo,study
smise,pseudo,study
gentleman,real,study
tith,pseudo,study
phrass,pseudo,study
machine,real,study
gown,real,study
vorse,pseudo,study
meat,real,study
crime,real,study
ginger,real,study
crallow,pseudo,study
greal,pseudo,study
trap,real,study
purpose,real,study
strope,pseudo,study
date,real,study
lore,real,study
gag,real,study
greast,pseudo,study
witness,real,study
phants,pseudo,study
stim,pseudo,study
wosts,pseudo,study
slit,real,study
floor,real,study
smorth,pseudo,study
dralactite,pseudo,study
bay,real,study
chelp,pseudo,study
stould,pseudo,study
slit,real,study
cat,real,study
zalls,pseudo,study
bullet,real,study
plene,pseudo,study
captain,real,study
fold,real,study
phote,pseudo,study
season,real,study
marriage,real,study
pleaties,pseudo,study
weather,real,study
witness,real,study
fold,real,study
streer,pseudo,study
gown,real,study
stomes,pseudo,study
greal,pseudo,study
captain,real,study
blass,pseudo,study
birch,real,study
smorth,pseudo,study
prunk,pseudo,study
prunk,pseudo,study
ghare,pseudo,study
gentleman,real,study
phrass,pseudo,study
brots,pseudo,study
monster,real,study
juns,pseudo,study
date,real,study
brots,pseudo,study
plene,pseudo,study
dralactite,pseudo,study
dinner,real,study
trial,real,study
care,real,study
chip,real,study
tourse,pseudo,study
mees,pseudo,study
plis,pseudo,study
tith,pseudo,study
vonce,pseudo,study
husband,real,study
bullet,real,study
press,real,study
mees,pseudo,study
pives,pseudo,study
mart,real,study
grectral,pseudo,study
gag,real,study
lore,real,study
weather,real,study
husband,real,study
officer,real,study
trings,pseudo,study
vorse,pseudo,study
gheet,pseudo,study
juns,pseudo,study
insurance,real,study
grectral,pseudo,study
picture,real,study
cat,real,study
gheet,pseudo,study
shance,pseudo,study
trap,real,study
monster,real,study
states,real,study
officer,real,study
ginger,real,study
purpose,real,study
meat,real,study
midnight,real,study
zalls,pseudo,study
marriage,real,study
choud,pseudo,study
blass,pseudo,study
press,real,study
vonce,pseudo,study
streer,pseudo,study
filtraneon,pseudo,study
chelp,pseudo,study
stomes,pseudo,study
season,real,study
pives,pseudo,study
smise,pseudo,study
account,real,study
rush,real,study
plis,pseudo,study
crime,real,study
care,real,study
states,real,study
flind,pseudo,study
stim,pseudo,study
centre,real,study
birch,real,study
mart,real,study
phants,pseudo,study
crallow,pseudo,study
chould,pseudo,study
trings,pseudo,study
shance,pseudo,study
stould,pseudo,study
flind,pseudo,study
centre,real,study
dinner,real,study
phote,pseudo,study
pleaties,pseudo,study
midnight,real,study
strope,pseudo,study
door,real,study
chould,pseudo,study
ghare,pseudo,study
bay,real,study
chip,real,study
floor,real,study
picture,real,study
otterings,pseudo,study
filtraneon,pseudo,study
trial,real,study
greast,pseudo,study
rush,real,study
insurance,real,study
door,real,study
account,real,study
machine,real,study
otterings,pseudo,study
tourse,pseudo,study
choud,pseudo,study
