126,real,study
182,real,study
240,real,study
91,pseudo,study
221,real,study
58,pseudo,study
194,pseudo,study
208,pseudo,study
165,real,study
21,pseudo,study
149,pseudo,study
42,real,study
153,real,study
131,pseudo,study
21,pseudo,study
26,pseudo,study
49,pseudo,study
50,real,study
49,real,study
6,real,study
227,pseudo,study
219,real,study
140,real,study
150,real,study
143,pseudo,study
50,real,study
52,real,study
15,real,study
183,real,study
218,real,study
224,real,study
41,pseudo,study
110,pseudo,study
104,pseudo,study
126,real,study
228,real,study
146,real,study
100,real,study
130,pseudo,study
49,pseudo,study
104,pseudo,study
233,real,study
173,pseudo,study
33,real,study
162,pseudo,study
105,real,study
83,pseudo,study
240,real,study
37,real,study
225,pseudo,study
208,pseudo,study
82,real,study
78,real,study
118,pseudo,study
224,real,study
128,pseudo,study
95,real,study
106,pseudo,study
100,real,study
151,pseudo,study
123,pseudo,study
143,pseudo,study
194,pseudo,study
150,pseudo,study
91,pseudo,study
47,real,study
216,real,study
46,pseudo,study
219,real,study
79,pseudo,study
41,real,study
84,real,study
183,real,study
133,real,study
235,pseudo,study
235,real,study
16,pseudo,study
52,real,study
149,pseudo,study
6,real,study
49,real,study
48,pseudo,study
97,pseudo,study
118,pseudo,study
84,pseudo,study
16,pseudo,study
209,pseudo,study
98,pseudo,study
6,pseudo,study
15,real,study
11,pseudo,study
182,real,study
235,pseudo,study
79,pseudo,study
123,pseudo,study
31,real,study
162,pseudo,study
225,pseudo,study
2,real,study
233,real,study
97,pseudo,study
158,real,study
47,real,study
11,pseudo,study
116,pseudo,study
184,real,study
158,real,study
82,real,study
6,pseudo,study
116,pseudo,study
165,real,study
48,pseudo,study
209,pseudo,study
43,pseudo,study
46,pseudo,study
131,pseudo,study
37,real,study
83,pseudo,study
110,pseudo,study
216,real,study
186,real,study
26,pseudo,study
33,real,study
153,real,study
221,real,study
2,real,study
173,pseudo,study
41,pseudo,study
58,pseudo,study
218,real,study
184,real,study
106,pseudo,study
13,pseudo,study
29,pseudo,study
41,real,study
128,pseudo,study
145,real,study
84,real,study
29,pseudo,study
145,real,study
133,real,study
228,real,study
227,pseudo,study
42,real,study
95,real,study
98,pseudo,study
150,pseudo,study
78,real,study
140,real,study
150,real,study
186,real,study
235,real,study
43,pseudo,study
31,real,study
130,pseudo,study
13,pseudo,study
151,pseudo,study
84,pseudo,study
146,real,study
105,real,study
