93,real,study
236,real,study
158,real,study
238,pseudo,study
88,real,study
121,real,study
202,pseudo,study
42,pseudo,study
160,pseudo,study
72,real,study
139,real,study
113,real,study
145,pseudo,study
167,pseudo,study
18,real,study
218,pseudo,study
22,real,study
216,pseudo,study
139,real,study
126,real,study
18,real,study
111,real,study
12,pseudo,study
4,real,study
60,real,study
24,pseudo,study
22,pseudo,study
99,pseudo,study
89,real,study
216,pseudo,study
43,real,study
31,pseudo,study
7,real,study
111,real,study
5,pseudo,study
178,pseudo,study
76,real,study
7,real,study
74,real,study
207,real,study
64,real,study
79,real,study
127,pseudo,study
229,pseudo,study
40,pseudo,study
43,real,study
20,real,study
22,real,study
180,real,study
188,real,study
218,pseudo,study
159,pseudo,study
60,real,study
86,pseudo,study
181,real,study
14,pseudo,study
41,pseudo,study
239,real,study
22,pseudo,study
4,real,study
5,real,study
74,pseudo,study
79,real,study
14,pseudo,study
220,real,study
53,real,study
23,real,study
8,pseudo,study
68,real,study
4,pseudo,study
66,pseudo,study
126,real,study
109,pseudo,study
40,pseudo,study
140,real,study
93,real,study
64,real,study
20,real,study
208,pseudo,study
99,pseudo,study
208,pseudo,study
86,real,study
127,pseudo,study
194,pseudo,study
130,pseudo,study
186,real,study
178,pseudo,study
181,real,study
238,pseudo,study
25,pseudo,study
180,pseudo,study
76,real,study
48,real,study
121,pseudo,study
48,real,study
66,pseudo,study
231,pseudo,study
89,real,study
86,pseudo,study
72,real,study
180,real,study
228,real,study
239,real,study
121,real,study
202,pseudo,study
207,real,study
88,real,study
53,real,study
113,real,study
93,pseudo,study
188,real,study
93,pseudo,study
142,pseudo,study
116,pseudo,study
228,real,study
4,pseudo,study
160,pseudo,study
159,pseudo,study
229,pseudo,study
74,real,study
142,pseudo,study
41,pseudo,study
61,pseudo,study
8,pseudo,study
218,real,study
5,real,study
131,real,study
68,real,study
186,real,study
42,pseudo,study
150,pseudo,study
218,real,study
12,pseudo,study
167,pseudo,study
5,pseudo,study
158,real,study
171,real,study
116,pseudo,study
231,pseudo,study
23,real,study
31,pseudo,study
61,pseudo,study
140,real,study
131,real,study
109,pseudo,study
171,real,study
220,real,study
145,pseudo,study
130,pseudo,study
74,pseudo,study
121,pseudo,study
24,pseudo,study
150,pseudo,study
236,real,study
156,pseudo,study
25,pseudo,study
194,pseudo,study
86,real,study
180,pseudo,study
156,pseudo,study
