202,real,study
153,real,study
59,real,study
25,real,study
215,real,study
236,real,study
88,pseudo,study
187,pseudo,study
118,real,study
96,real,study
37,pseudo,study
153,real,study
230,real,study
33,pseudo,study
114,real,study
139,pseudo,study
189,real,study
183,real,study
11,real,study
33,pseudo,study
165,pseudo,study
1,real,study
155,pseudo,study
4,pseudo,study
115,pseudo,study
131,pseudo,study
187,pseudo,study
197,pseudo,study
188,pseudo,study
153,pseudo,study
196,pseudo,study
26,pseudo,study
155,pseudo,study
126,real,study
61,pseudo,study
37,real,study
191,real,study
59,pseudo,study
32,pseudo,study
174,real,study
208,real,study
25,real,study
149,pseudo,study
165,pseudo,study
154,real,study
116,pseudo,study
188,real,study
188,pseudo,study
208,real,study
38,real,study
11,real,study
197,real,study
29,real,study
74,real,study
9,real,study
69,real,study
149,pseudo,study
208,pseudo,study
116,real,study
206,pseudo,study
110,pseudo,study
218,pseudo,study
61,pseudo,study
6,real,study
116,real,study
175,real,study
231,real,study
230,pseudo,study
3,real,study
204,real,study
203,pseudo,study
131,pseudo,study
130,pseudo,study
166,pseudo,study
57,pseudo,study
203,pseudo,study
68,pseudo,study
21,real,study
125,real,study
69,pseudo,study
125,real,study
197,real,study
62,real,study
9,real,study
206,pseudo,study
233,real,study
38,real,study
214,real,study
214,real,study
3,real,study
188,real,study
231,real,study
88,pseudo,study
175,real,study
62,real,study
240,pseudo,study
21,real,study
27,pseudo,study
138,pseudo,study
138,pseudo,study
191,real,study
116,pseudo,study
6,real,study
19,pseudo,study
53,pseudo,study
32,pseudo,study
7,pseudo,study
57,pseudo,study
218,pseudo,study
139,pseudo,study
204,real,study
26,pseudo,study
37,real,study
53,pseudo,study
7,pseudo,study
27,pseudo,study
197,pseudo,study
233,real,study
74,real,study
183,real,study
29,real,study
180,real,study
59,pseudo,study
202,real,study
19,pseudo,study
118,real,study
69,pseudo,study
4,pseudo,study
154,real,study
153,pseudo,study
126,real,study
211,pseudo,study
166,pseudo,study
69,real,study
40,real,study
240,pseudo,study
130,pseudo,study
196,pseudo,study
230,pseudo,study
230,real,study
52,pseudo,study
215,real,study
211,pseudo,study
174,real,study
68,pseudo,study
189,real,study
114,real,study
1,real,study
200,pseudo,study
40,real,study
96,real,study
208,pseudo,study
180,real,study
115,pseudo,study
37,pseudo,study
236,real,study
52,pseudo,study
200,pseudo,study
110,pseudo,study
59,real,study
