72,real,study
225,real,study
42,pseudo,study
229,real,study
97,pseudo,study
131,pseudo,study
118,pseudo,study
15,pseudo,study
86,real,study
195,pseudo,study
13,pseudo,study
84,real,study
163,real,study
223,pseudo,study
119,real,study
201,pseudo,study
102,real,study
45,pseudo,study
229,real,study
137,pseudo,study
217,pseudo,study
80,real,study
45,real,study
187,real,study
13,pseudo,study
211,real,study
28,pseudo,study
61,pseudo,study
97,real,study
206,pseudo,study
84,real,study
77,pseudo,study
68,pseudo,study
103,pseudo,study
148,real,study
107,real,study
169,pseudo,study
59,pseudo,study
218,real,study
47,real,study
2,pseudo,study
48,pseudo,study
212,real,study
91,pseudo,study
97,real,study
66,real,study
45,pseudo,study
39,real,study
76,real,study
28,real,study
141,real,study
225,real,study
222,real,study
60,pseudo,study
154,pseudo,study
149,pseudo,study
111,pseudo,study
47,real,study
68,pseudo,study
109,real,study
10,pseudo,study
52,pseudo,study
58,real,study
217,pseudo,study
114,real,study
52,pseudo,study
27,pseudo,study
10,pseudo,study
94,real,study
191,real,study
124,pseudo,study
28,real,study
88,pseudo,study
137,pseudo,study
203,real,study
24,real,study
203,real,study
141,real,study
142,real,study
116,real,study
114,pseudo,study
163,real,study
176,real,study
59,pseudo,study
90,pseudo,study
80,real,study
60,pseudo,study
218,real,study
86,real,study
144,pseudo,study
47,pseudo,study
61,pseudo,study
157,real,study
103,pseudo,study
88,pseudo,study
219,pseudo,study
206,pseudo,study
114,real,study
172,pseudo,study
211,real,study
157,real,study
2,pseudo,study
201,pseudo,study
24,real,study
94,real,study
27,pseudo,study
47,pseudo,study
72,real,study
114,pseudo,study
169,pseudo,study
76,real,study
97,pseudo,study
222,real,study
117,pseudo,study
139,real,study
148,real,study
107,real,study
116,real,study
109,real,study
172,pseudo,study
39,real,study
154,pseudo,study
91,pseudo,study
29,real,study
223,pseudo,study
58,real,study
117,pseudo,study
191,real,study
144,pseudo,study
119,real,study
228,pseudo,study
48,pseudo,study
195,pseudo,study
42,pseudo,study
90,pseudo,study
29,real,study
77,pseudo,study
66,real,study
81,real,study
118,pseudo,study
212,real,study
186,real,study
81,real,study
28,pseudo,study
186,real,study
219,pseudo,study
111,pseudo,study
131,pseudo,study
124,pseudo,study
176,real,study
149,pseudo,study
142,real,study
118,real,study
45,real,study
139,real,study
118,real,study
15,pseudo,study
228,pseudo,study
102,real,study
187,real,study
