phants,pseudo,study
yoke,real,study
death,real,study
fission,real,study
dune,real,study
twose,pseudo,study
nacts,pseudo,study
miracle,real,study
prease,pseudo,study
nuse,pseudo,study
midnight,real,study
miracle,real,study
gill,real,study
vonce,pseudo,study
streer,pseudo,study
pleaties,pseudo,study
wonder,real,study
spones,pseudo,study
drowblin,pseudo,study
grape,real,study
glow,real,study
purpose,real,study
colour,real,study
downstairs,real,study
test,real,study
groys,pseudo,study
coal,real,study
drowblin,pseudo,study
bastard,real,study
felse,pseudo,study
jet,real,study
iggitation,pseudo,study
dune,real,study
leer,real,study
telp,pseudo,study
jouse,pseudo,study
president,real,study
jet,real,study
purpose,real,study
health,real,study
stredule,pseudo,study
toast,real,study
ghare,pseudo,study
downstairs,real,study
princess,real,study
jouse,pseudo,study
trote,pseudo,study
gill,real,study
snow,real,study
scrength,pseudo,study
rords,pseudo,study
twade,pseudo,study
jury,real,study
stredule,pseudo,study
firm,real,study
drum,real,study
feed,real,study
dralactite,pseudo,study
iggitation,pseudo,study
pump,real,study
otterings,pseudo,study
twose,pseudo,study
bomb,real,study
gween,pseudo,study
skarts,pseudo,study
cruth,pseudo,study
neld,pseudo,study
taid,pseudo,study
toast,real,study
ghare,pseudo,study
sich,pseudo,study
fight,real,study
chelp,pseudo,study
sergeant,real,study
flinness,pseudo,study
health,real,study
dreptical,pseudo,study
princess,real,study
yoke,real,study
reectont,pseudo,study
anybody,real,study
rhurch,pseudo,study
trap,real,study
bit,real,study
grape,real,study
skarts,pseudo,study
spones,pseudo,study
glow,real,study
otterings,pseudo,study
soy,real,study
felse,pseudo,study
hese,pseudo,study
bastard,real,study
rhurch,pseudo,study
flinness,pseudo,study
telp,pseudo,study
cruth,pseudo,study
shandstand,pseudo,study
leer,real,study
death,real,study
scrength,pseudo,study
account,real,study
fission,real,study
colour,real,study
nacts,pseudo,study
crell,pseudo,study
scine,pseudo,study
prease,pseudo,study
stips,pseudo,study
pleaties,pseudo,study
dralactite,pseudo,study
vonce,pseudo,study
taid,pseudo,study
twade,pseudo,study
sergeant,real,study
strat,pseudo,study
feed,real,study
tract,real,study
shandstand,pseudo,study
nuse,pseudo,study
rords,pseudo,study
firm,real,study
tract,real,study
dreptical,pseudo,study
hese,pseudo,study
stips,pseudo,study
trap,real,study
sich,pseudo,study
mart,real,study
president,real,study
scine,pseudo,study
snow,real,study
test,real,study
soy,real,study
chelp,pseudo,study
midnight,real,study
bomb,real,study
groys,pseudo,study
account,real,study
bit,real,study
pump,real,study
wort,real,study
trote,pseudo,study
anybody,real,study
neld,pseudo,study
coal,real,study
streer,pseudo,study
drum,real,study
gween,pseudo,study
jury,real,study
wort,real,study
strat,pseudo,study
reectont,pseudo,study
mart,real,study
phants,pseudo,study
crell,pseudo,study
fight,real,study
nonsense,real,study
wonder,real,study
nonsense,real,study
