cleist,pseudo,study
lust,real,study
demon,real,study
thet,pseudo,study
camp,real,study
rent,real,study
guy,real,study
phote,pseudo,study
chould,pseudo,study
stink,real,study
massage,real,study
cat,real,study
glear,pseudo,study
gars,pseudo,study
crives,pseudo,study
bunk,real,study
hook,real,study
wig,real,study
bunk,real,study
crives,pseudo,study
crust,real,study
trools,pseudo,study
surprise,real,study
crop,real,study
massage,real,study
states,real,study
phank,pseudo,study
wind,real,study
history,real,study
spice,real,study
sneep,pseudo,study
pives,pseudo,study
splangle,pseudo,study
drong,pseudo,study
wosts,pseudo,study
prave,pseudo,study
chain,real,study
drist,pseudo,study
wresh,pseudo,study
cone,real,study
gag,real,study
priend,pseudo,study
choth,pseudo,study
giles,pseudo,study
wroke,pseudo,study
shoe,real,study
scruck,pseudo,study
surprise,real,study
wax,real,study
stim,pseudo,study
congruoat,pseudo,study
tree,real,study
drist,pseudo,study
vills,pseudo,study
bile,real,study
drong,pseudo,study
pup,real,study
van,real,study
fass,pseudo,study
congruoat,pseudo,study
stink,real,study
ruin,real,study
snats,pseudo,study
cone,real,study
wresh,pseudo,study
longuisher,pseudo,study
floth,pseudo,study
history,real,study
dreril,pseudo,study
swith,pseudo,study
crust,real,study
shape,real,study
wind,real,study
magazine,real,study
dream,real,study
blass,pseudo,study
states,real,study
sneep,pseudo,study
ruin,real,study
skrong,pseudo,study
van,real,study
flight,real,study
fass,pseudo,study
gars,pseudo,study
thet,pseudo,study
magazine,real,study
glear,pseudo,study
lust,real,study
wames,pseudo,study
officer,real,study
meems,pseudo,study
hook,real,study
stould,pseudo,study
giles,pseudo,study
shoe,real,study
floth,pseudo,study
priend,pseudo,study
project,real,study
shore,real,study
trools,pseudo,study
himes,pseudo,study
choth,pseudo,study
vills,pseudo,study
captain,real,study
spice,real,study
crop,real,study
chould,pseudo,study
wig,real,study
harp,real,study
guy,real,study
flight,real,study
wax,real,study
cleist,pseudo,study
cat,real,study
chicken,real,study
tiss,pseudo,study
captain,real,study
chain,real,study
stim,pseudo,study
harp,real,study
stould,pseudo,study
seconds,real,study
wroke,pseudo,study
project,real,study
officer,real,study
skrong,pseudo,study
himes,pseudo,study
gag,real,study
demon,real,study
tiss,pseudo,study
gheet,pseudo,study
bathroom,real,study
pup,real,study
wosts,pseudo,study
dreril,pseudo,study
phote,pseudo,study
meems,pseudo,study
longuisher,pseudo,study
wames,pseudo,study
camp,real,study
phank,pseudo,study
dream,real,study
splangle,pseudo,study
prave,pseudo,study
scruck,pseudo,study
bathroom,real,study
shore,real,study
pives,pseudo,study
snats,pseudo,study
bile,real,study
blass,pseudo,study
shem,pseudo,study
shape,real,study
chicken,real,study
seconds,real,study
gheet,pseudo,study
shem,pseudo,study
tree,real,study
swith,pseudo,study
rent,real,study
