227,pseudo,study
208,real,study
12,pseudo,study
162,pseudo,study
112,real,study
125,real,study
81,real,study
43,real,study
238,pseudo,study
218,real,study
94,real,study
93,pseudo,study
237,real,study
47,pseudo,study
126,real,study
28,pseudo,study
155,pseudo,study
10,real,study
90,pseudo,study
150,pseudo,study
97,pseudo,study
221,pseudo,study
171,pseudo,study
186,pseudo,study
238,pseudo,study
102,real,study
148,pseudo,study
47,pseudo,study
89,real,study
74,pseudo,study
76,real,study
12,real,study
226,pseudo,study
74,real,study
168,real,study
148,pseudo,study
63,pseudo,study
108,real,study
176,pseudo,study
12,real,study
144,real,study
219,pseudo,study
108,real,study
97,real,study
86,pseudo,study
67,real,study
100,real,study
144,real,study
102,real,study
136,pseudo,study
217,real,study
93,pseudo,study
215,real,study
174,pseudo,study
142,pseudo,study
90,pseudo,study
133,real,study
158,pseudo,study
174,pseudo,study
110,real,study
109,real,study
165,real,study
142,pseudo,study
234,pseudo,study
140,pseudo,study
78,real,study
62,pseudo,study
86,pseudo,study
138,pseudo,study
78,real,study
168,real,study
155,pseudo,study
125,real,study
67,real,study
192,pseudo,study
140,pseudo,study
110,real,study
16,real,study
190,real,study
237,real,study
180,real,study
180,real,study
156,real,study
162,pseudo,study
200,pseudo,study
150,pseudo,study
158,pseudo,study
186,pseudo,study
144,pseudo,study
221,pseudo,study
218,real,study
4,pseudo,study
114,pseudo,study
16,real,study
114,pseudo,study
176,pseudo,study
4,pseudo,study
183,pseudo,study
4,real,study
152,pseudo,study
53,pseudo,study
137,real,study
208,real,study
8,pseudo,study
14,pseudo,study
100,real,study
156,real,study
89,real,study
126,real,study
205,real,study
10,real,study
90,real,study
81,real,study
205,real,study
112,real,study
136,pseudo,study
226,pseudo,study
28,pseudo,study
144,pseudo,study
234,pseudo,study
53,pseudo,study
71,real,study
4,real,study
74,real,study
133,real,study
200,pseudo,study
217,real,study
137,real,study
76,real,study
227,pseudo,study
109,real,study
74,pseudo,study
94,real,study
12,pseudo,study
183,pseudo,study
165,real,study
190,real,study
62,pseudo,study
8,pseudo,study
215,real,study
184,real,study
192,pseudo,study
152,pseudo,study
139,real,study
43,real,study
159,real,study
139,real,study
173,pseudo,study
159,real,study
184,real,study
171,pseudo,study
97,real,study
14,pseudo,study
63,pseudo,study
90,real,study
219,pseudo,study
97,pseudo,study
173,pseudo,study
138,pseudo,study
71,real,study
