176,real,study
59,real,study
183,real,study
204,pseudo,study
99,real,study
60,pseudo,study
154,real,study
64,pseudo,study
111,real,study
37,real,study
122,real,study
80,pseudo,study
218,pseudo,study
160,pseudo,study
42,pseudo,study
62,pseudo,study
10,pseudo,study
220,pseudo,study
23,pseudo,study
185,real,study
188,pseudo,study
10,pseudo,study
37,real,study
42,real,study
25,real,study
14,pseudo,study
219,real,study
181,real,study
226,real,study
119,real,study
60,real,study
62,pseudo,study
23,pseudo,study
34,real,study
55,pseudo,study
234,real,study
236,real,study
127,real,study
235,real,study
118,real,study
125,real,study
24,real,study
24,real,study
185,real,study
100,pseudo,study
130,pseudo,study
16,real,study
213,real,study
74,pseudo,study
42,real,study
189,real,study
180,pseudo,study
210,real,study
237,pseudo,study
109,real,study
55,pseudo,study
60,real,study
133,real,study
54,pseudo,study
63,pseudo,study
172,real,study
14,pseudo,study
227,real,study
54,pseudo,study
111,real,study
44,real,study
237,pseudo,study
74,pseudo,study
204,pseudo,study
235,pseudo,study
104,pseudo,study
138,real,study
2,real,study
218,pseudo,study
82,pseudo,study
127,real,study
80,pseudo,study
122,pseudo,study
16,real,study
234,real,study
235,real,study
122,real,study
220,pseudo,study
82,pseudo,study
44,real,study
42,pseudo,study
236,real,study
154,real,study
172,real,study
87,pseudo,study
138,real,study
125,real,study
66,pseudo,study
99,real,study
188,pseudo,study
107,pseudo,study
227,real,study
130,pseudo,study
194,pseudo,study
87,pseudo,study
224,pseudo,study
189,real,study
98,real,study
176,real,study
183,real,study
60,pseudo,study
210,real,study
98,real,study
123,real,study
235,pseudo,study
118,real,study
180,pseudo,study
193,pseudo,study
2,real,study
219,real,study
32,pseudo,study
109,real,study
66,pseudo,study
134,pseudo,study
59,real,study
189,pseudo,study
27,real,study
97,pseudo,study
38,real,study
160,pseudo,study
213,real,study
193,pseudo,study
188,real,study
189,pseudo,study
224,pseudo,study
51,pseudo,study
18,pseudo,study
104,pseudo,study
181,real,study
215,pseudo,study
25,real,study
100,pseudo,study
175,pseudo,study
226,real,study
32,pseudo,study
38,real,study
107,pseudo,study
133,real,study
188,real,study
63,pseudo,study
215,pseudo,study
175,pseudo,study
134,pseudo,study
97,pseudo,study
27,real,study
194,pseudo,study
61,pseudo,study
64,pseudo,study
34,real,study
122,pseudo,study
119,real,study
61,pseudo,study
123,real,study
51,pseudo,study
18,pseudo,study
