jury,real,study
splangle,pseudo,study
sheriff,real,study
corner,real,study
aim,real,study
stim,pseudo,study
trour,pseudo,study
twan,pseudo,study
dorth,pseudo,study
hese,pseudo,study
splangle,pseudo,study
pange,pseudo,study
slen,pseudo,study
student,real,study
date,real,study
number,real,study
zands,pseudo,study
camp,real,study
camp,real,study
trour,pseudo,study
pike,real,study
phream,pseudo,study
froo,pseudo,study
bell,real,study
taid,pseudo,study
corner,real,study
attliction,pseudo,study
crase,pseudo,study
glanslator,pseudo,study
keaves,pseudo,study
cloose,pseudo,study
brer,pseudo,study
dunch,pseudo,study
pitch,real,study
practice,real,study
troes,pseudo,study
krench,pseudo,study
decision,real,study
pange,pseudo,study
decision,real,study
forge,real,study
cright,pseudo,study
fonths,pseudo,study
tiss,pseudo,study
change,real,study
stim,pseudo,study
otterings,pseudo,study
block,real,study
clept,pseudo,study
program,real,study
slen,pseudo,study
sheriff,real,study
choth,pseudo,study
level,real,study
strope,pseudo,study
clept,pseudo,study
spell,real,study
aim,real,study
date,real,study
gag,real,study
rush,real,study
block,real,study
gag,real,study
phream,pseudo,study
nacts,pseudo,study
glasses,real,study
sprint,real,study
guy,real,study
rush,real,study
whope,pseudo,study
cloose,pseudo,study
project,real,study
mart,real,study
troes,pseudo,study
crown,real,study
support,real,study
ghare,pseudo,study
midnight,real,study
plene,pseudo,study
snells,pseudo,study
troat,pseudo,study
change,real,study
level,real,study
respect,real,study
shroad,pseudo,study
keaves,pseudo,study
forge,real,study
thet,pseudo,study
respect,real,study
glanslator,pseudo,study
ghare,pseudo,study
plene,pseudo,study
mesh,real,study
dorth,pseudo,study
cright,pseudo,study
twan,pseudo,study
choth,pseudo,study
blass,pseudo,study
fight,real,study
number,real,study
health,real,study
poker,real,study
nacts,pseudo,study
attliction,pseudo,study
poker,real,study
pitch,real,study
pength,pseudo,study
thet,pseudo,study
health,real,study
snells,pseudo,study
fight,real,study
gomes,pseudo,study
strope,pseudo,study
shore,real,study
student,real,study
whope,pseudo,study
gomes,pseudo,study
otterings,pseudo,study
jet,real,study
sprint,real,study
pength,pseudo,study
shore,real,study
krench,pseudo,study
witness,real,study
fonths,pseudo,study
yeave,pseudo,study
history,real,study
practice,real,study
troat,pseudo,study
mart,real,study
froo,pseudo,study
tiss,pseudo,study
support,real,study
pike,real,study
zands,pseudo,study
spell,real,study
accident,real,study
jet,real,study
jury,real,study
mesh,real,study
program,real,study
glasses,real,study
guy,real,study
accident,real,study
bell,real,study
fountain,real,study
yeave,pseudo,study
taid,pseudo,study
crown,real,study
shroad,pseudo,study
witness,real,study
crase,pseudo,study
blass,pseudo,study
brer,pseudo,study
project,real,study
midnight,real,study
history,real,study
fountain,real,study
hese,pseudo,study
dunch,pseudo,study
