purpose,real,study
facks,pseudo,study
yesterday,real,study
crock,real,study
manager,real,study
master,real,study
stry,pseudo,study
facks,pseudo,study
groys,pseudo,study
lore,real,study
fad,real,study
spept,pseudo,study
concert,real,study
stry,pseudo,study
account,real,study
yesterday,real,study
trools,pseudo,study
rent,real,study
plense,pseudo,study
sneep,pseudo,study
sail,real,study
pair,real,study
frince,pseudo,study
priend,pseudo,study
choud,pseudo,study
surgery,real,study
smone,pseudo,study
wresh,pseudo,study
prounds,pseudo,study
vense,pseudo,study
yoke,real,study
felse,pseudo,study
clief,pseudo,study
peads,pseudo,study
nones,pseudo,study
plis,pseudo,study
sneep,pseudo,study
throuch,pseudo,study
groys,pseudo,study
borms,pseudo,study
strat,pseudo,study
thines,pseudo,study
license,real,study
phank,pseudo,study
vills,pseudo,study
hook,real,study
sail,real,study
shape,real,study
account,real,study
zip,real,study
felse,pseudo,study
concert,real,study
smone,pseudo,study
pruit,pseudo,study
bathroom,real,study
purpose,real,study
surgery,real,study
giles,pseudo,study
wresh,pseudo,study
plis,pseudo,study
telp,pseudo,study
peads,pseudo,study
wuite,pseudo,study
greast,pseudo,study
lawn,real,study
par,real,study
wosts,pseudo,study
skreets,pseudo,study
vills,pseudo,study
shape,real,study
nurse,real,study
strat,pseudo,study
axe,real,study
wind,real,study
wall,real,study
states,real,study
pair,real,study
fad,real,study
snats,pseudo,study
nones,pseudo,study
greast,pseudo,study
rords,pseudo,study
lab,real,study
crock,real,study
prounds,pseudo,study
skreets,pseudo,study
spraw,pseudo,study
wind,real,study
magazine,real,study
ruin,real,study
gween,pseudo,study
states,real,study
lab,real,study
magazine,real,study
snow,real,study
zip,real,study
trools,pseudo,study
bathroom,real,study
yoke,real,study
gween,pseudo,study
lawn,real,study
manager,real,study
wuite,pseudo,study
shack,real,study
spept,pseudo,study
rords,pseudo,study
mint,real,study
frince,pseudo,study
wife,real,study
torch,real,study
chess,real,study
rent,real,study
giles,pseudo,study
wosts,pseudo,study
ratio,real,study
plense,pseudo,study
hook,real,study
clief,pseudo,study
target,real,study
master,real,study
restaurant,real,study
plood,pseudo,study
throuch,pseudo,study
thines,pseudo,study
borms,pseudo,study
phank,pseudo,study
ratio,real,study
chess,real,study
spraw,pseudo,study
license,real,study
pould,pseudo,study
director,real,study
pruit,pseudo,study
ruin,real,study
bolt,real,study
wall,real,study
mint,real,study
jend,pseudo,study
plood,pseudo,study
pives,pseudo,study
restaurant,real,study
director,real,study
vense,pseudo,study
torch,real,study
choud,pseudo,study
snats,pseudo,study
pives,pseudo,study
bolt,real,study
priend,pseudo,study
telp,pseudo,study
shack,real,study
jend,pseudo,study
axe,real,study
lore,real,study
pould,pseudo,study
par,real,study
target,real,study
nurse,real,study
wife,real,study
snow,real,study
