126,pseudo,study
103,pseudo,study
141,real,study
6,pseudo,study
153,pseudo,study
107,pseudo,study
222,pseudo,study
26,real,study
149,real,study
66,pseudo,study
41,real,study
42,pseudo,study
27,pseudo,study
178,pseudo,study
160,pseudo,study
195,pseudo,study
237,real,study
237,pseudo,study
151,pseudo,study
74,pseudo,study
195,real,study
133,pseudo,study
237,real,study
6,pseudo,study
38,real,study
182,real,study
163,pseudo,study
196,pseudo,study
194,pseudo,study
216,pseudo,study
194,pseudo,study
214,real,study
149,real,study
151,real,study
7,pseudo,study
153,pseudo,study
20,real,study
105,real,study
180,real,study
54,real,study
225,pseudo,study
92,pseudo,study
39,pseudo,study
50,pseudo,study
106,pseudo,study
238,pseudo,study
204,real,study
20,real,study
139,real,study
213,real,study
193,real,study
195,pseudo,study
54,real,study
80,real,study
170,real,study
104,pseudo,study
90,real,study
157,real,study
109,real,study
139,real,study
135,pseudo,study
82,real,study
234,pseudo,study
74,pseudo,study
15,pseudo,study
222,pseudo,study
40,real,study
93,real,study
108,pseudo,study
225,pseudo,study
93,real,study
160,pseudo,study
115,real,study
104,pseudo,study
224,real,study
175,real,study
196,real,study
218,pseudo,study
26,real,study
108,pseudo,study
42,real,study
182,real,study
204,real,study
40,real,study
170,real,study
41,real,study
19,pseudo,study
239,real,study
151,pseudo,study
21,real,study
196,real,study
206,pseudo,study
25,real,study
7,pseudo,study
231,real,study
239,real,study
234,pseudo,study
110,real,study
214,real,study
135,pseudo,study
19,pseudo,study
173,pseudo,study
32,pseudo,study
133,pseudo,study
32,pseudo,study
87,real,study
15,pseudo,study
90,real,study
25,real,study
224,real,study
173,pseudo,study
180,real,study
126,real,study
126,real,study
42,real,study
178,pseudo,study
136,pseudo,study
39,pseudo,study
50,pseudo,study
92,pseudo,study
110,real,study
105,real,study
141,real,study
111,pseudo,study
181,real,study
66,pseudo,study
231,real,study
157,real,study
206,pseudo,study
109,real,study
87,real,study
237,pseudo,study
68,real,study
216,pseudo,study
196,pseudo,study
213,real,study
106,pseudo,study
218,pseudo,study
27,pseudo,study
42,pseudo,study
111,pseudo,study
82,real,study
115,real,study
68,real,study
126,pseudo,study
80,real,study
103,pseudo,study
193,real,study
223,pseudo,study
151,real,study
181,real,study
163,pseudo,study
107,pseudo,study
38,real,study
223,pseudo,study
175,real,study
136,pseudo,study
21,real,study
195,real,study
238,pseudo,study
