74,real,study
22,real,study
134,real,study
17,pseudo,study
89,real,study
75,pseudo,study
25,real,study
31,pseudo,study
98,pseudo,study
215,pseudo,study
108,real,study
202,pseudo,study
210,pseudo,study
227,pseudo,study
234,pseudo,study
198,pseudo,study
25,pseudo,study
10,real,study
152,real,study
119,real,study
204,real,study
74,real,study
221,pseudo,study
195,real,study
81,pseudo,study
234,pseudo,study
119,real,study
215,real,study
221,real,study
89,real,study
6,pseudo,study
149,pseudo,study
66,real,study
90,real,study
146,pseudo,study
190,pseudo,study
240,real,study
142,pseudo,study
86,real,study
197,real,study
12,real,study
105,real,study
152,real,study
40,real,study
90,real,study
137,pseudo,study
190,pseudo,study
89,pseudo,study
14,real,study
22,real,study
169,pseudo,study
110,pseudo,study
57,pseudo,study
92,real,study
32,pseudo,study
81,pseudo,study
65,real,study
146,pseudo,study
31,pseudo,study
210,pseudo,study
57,pseudo,study
142,pseudo,study
18,real,study
51,real,study
75,pseudo,study
35,real,study
221,pseudo,study
25,pseudo,study
12,real,study
214,pseudo,study
137,pseudo,study
215,pseudo,study
221,real,study
10,pseudo,study
135,real,study
35,real,study
98,pseudo,study
89,pseudo,study
14,real,study
240,real,study
198,pseudo,study
72,real,study
108,real,study
174,pseudo,study
169,pseudo,study
219,pseudo,study
47,pseudo,study
55,real,study
174,pseudo,study
86,real,study
71,real,study
40,real,study
102,pseudo,study
25,real,study
151,real,study
95,pseudo,study
66,real,study
172,real,study
204,real,study
65,real,study
31,real,study
231,pseudo,study
184,pseudo,study
10,pseudo,study
107,pseudo,study
74,pseudo,study
88,pseudo,study
215,real,study
227,pseudo,study
79,real,study
55,real,study
110,pseudo,study
231,real,study
105,real,study
64,pseudo,study
95,pseudo,study
92,real,study
134,real,study
224,pseudo,study
70,real,study
194,real,study
10,real,study
6,pseudo,study
135,real,study
173,pseudo,study
32,pseudo,study
18,real,study
122,real,study
102,pseudo,study
71,real,study
51,real,study
149,pseudo,study
219,pseudo,study
124,pseudo,study
124,pseudo,study
231,pseudo,study
172,real,study
64,pseudo,study
31,real,study
214,pseudo,study
195,real,study
224,pseudo,study
74,pseudo,study
88,pseudo,study
72,real,study
151,real,study
193,real,study
107,pseudo,study
173,pseudo,study
79,real,study
231,real,study
194,real,study
184,pseudo,study
17,pseudo,study
202,pseudo,study
47,pseudo,study
70,real,study
122,real,study
193,real,study
197,real,study
