sived,pseudo,study
hole,real,study
dountian,pseudo,study
surgery,real,study
master,real,study
bomb,real,study
audience,real,study
brots,pseudo,study
ginds,pseudo,study
shight,pseudo,study
condition,real,study
shape,real,study
ego,real,study
wife,real,study
sived,pseudo,study
strimes,pseudo,study
pike,real,study
trote,pseudo,study
jouse,pseudo,study
felse,pseudo,study
strimes,pseudo,study
bathroom,real,study
ginds,pseudo,study
fold,real,study
bathroom,real,study
pleasure,real,study
surgery,real,study
bomb,real,study
pength,pseudo,study
song,real,study
pump,real,study
tiss,pseudo,study
health,real,study
staff,real,study
health,real,study
drist,pseudo,study
shape,real,study
brots,pseudo,study
frawn,pseudo,study
chocolate,real,study
cise,pseudo,study
birch,real,study
stry,pseudo,study
camp,real,study
tranders,pseudo,study
condition,real,study
zalk,pseudo,study
fission,real,study
hole,real,study
chocolate,real,study
officer,real,study
blied,pseudo,study
flind,pseudo,study
scruck,pseudo,study
swene,pseudo,study
fren,pseudo,study
altitude,real,study
swene,pseudo,study
shight,pseudo,study
neast,pseudo,study
stry,pseudo,study
trote,pseudo,study
scine,pseudo,study
krey,pseudo,study
spoes,pseudo,study
birch,real,study
song,real,study
percent,real,study
drist,pseudo,study
wiece,pseudo,study
vense,pseudo,study
slen,pseudo,study
cleist,pseudo,study
smeed,pseudo,study
program,real,study
ratio,real,study
flind,pseudo,study
pump,real,study
brer,pseudo,study
phall,pseudo,study
thars,pseudo,study
glanslator,pseudo,study
drowblin,pseudo,study
floth,pseudo,study
massage,real,study
fission,real,study
slen,pseudo,study
fold,real,study
master,real,study
thars,pseudo,study
ratio,real,study
muck,real,study
altitude,real,study
audience,real,study
felse,pseudo,study
sergeant,real,study
program,real,study
boose,pseudo,study
hook,real,study
glear,pseudo,study
frawn,pseudo,study
krey,pseudo,study
dountian,pseudo,study
test,real,study
release,real,study
cleist,pseudo,study
cise,pseudo,study
sergeant,real,study
bile,real,study
company,real,study
brer,pseudo,study
pike,real,study
glanslator,pseudo,study
scine,pseudo,study
neast,pseudo,study
shore,real,study
blass,pseudo,study
fren,pseudo,study
phall,pseudo,study
glasses,real,study
jouse,pseudo,study
dream,real,study
zalk,pseudo,study
spell,real,study
shore,real,study
glear,pseudo,study
boose,pseudo,study
officer,real,study
muck,real,study
base,real,study
blied,pseudo,study
hook,real,study
spell,real,study
spoes,pseudo,study
dream,real,study
lab,real,study
glasses,real,study
camp,real,study
ego,real,study
smeed,pseudo,study
massage,real,study
staff,real,study
vense,pseudo,study
floth,pseudo,study
release,real,study
percent,real,study
drowblin,pseudo,study
wiece,pseudo,study
company,real,study
blass,pseudo,study
tranders,pseudo,study
scruck,pseudo,study
lab,real,study
pength,pseudo,study
tiss,pseudo,study
bile,real,study
pleasure,real,study
test,real,study
wife,real,study
base,real,study
