plene,pseudo,study
language,real,study
mees,pseudo,study
prayer,real,study
page,real,study
phote,pseudo,study
sail,real,study
account,real,study
grape,real,study
sail,real,study
yeave,pseudo,study
president,real,study
mood,real,study
chess,real,study
nairs,pseudo,study
chould,pseudo,study
manager,real,study
football,real,study
press,real,study
zip,real,study
account,real,study
mart,real,study
manager,real,study
frost,real,study
prayer,real,study
witness,real,study
history,real,study
congruoat,pseudo,study
vonce,pseudo,study
aggall,pseudo,study
himes,pseudo,study
tregs,pseudo,study
pot,real,study
dunch,pseudo,study
phote,pseudo,study
zount,pseudo,study
bead,real,study
language,real,study
veen,pseudo,study
teacher,real,study
chess,real,study
prave,pseudo,study
smone,pseudo,study
dose,real,study
block,real,study
gag,real,study
zip,real,study
wames,pseudo,study
block,real,study
novice,real,study
press,real,study
restaurant,real,study
smise,pseudo,study
frost,real,study
hese,pseudo,study
swest,pseudo,study
magazine,real,study
chorce,pseudo,study
plene,pseudo,study
yeave,pseudo,study
cloose,pseudo,study
nacts,pseudo,study
cloose,pseudo,study
prether,pseudo,study
witness,real,study
brans,pseudo,study
arrenuate,pseudo,study
purpose,real,study
science,real,study
aggall,pseudo,study
crallest,pseudo,study
voved,pseudo,study
wall,real,study
mask,real,study
snells,pseudo,study
dorld,pseudo,study
chain,real,study
president,real,study
twade,pseudo,study
dose,real,study
crown,real,study
hatch,real,study
phants,pseudo,study
brans,pseudo,study
crown,real,study
grix,pseudo,study
soy,real,study
stips,pseudo,study
chorce,pseudo,study
stross,pseudo,study
vonce,pseudo,study
nairs,pseudo,study
vorse,pseudo,study
respect,real,study
nacts,pseudo,study
himes,pseudo,study
poker,real,study
page,real,study
arrenuate,pseudo,study
phants,pseudo,study
crallest,pseudo,study
license,real,study
pork,real,study
wall,real,study
respect,real,study
bead,real,study
attorney,real,study
stips,pseudo,study
student,real,study
science,real,study
chain,real,study
zount,pseudo,study
cruth,pseudo,study
soy,real,study
restaurant,real,study
dorld,pseudo,study
dunch,pseudo,study
cruth,pseudo,study
stross,pseudo,study
mart,real,study
yared,pseudo,study
troes,pseudo,study
mood,real,study
gag,real,study
voved,pseudo,study
prave,pseudo,study
grix,pseudo,study
novice,real,study
crase,pseudo,study
license,real,study
vorse,pseudo,study
twade,pseudo,study
football,real,study
teacher,real,study
hese,pseudo,study
congruoat,pseudo,study
history,real,study
swest,pseudo,study
snells,pseudo,study
chould,pseudo,study
troes,pseudo,study
smone,pseudo,study
student,real,study
wames,pseudo,study
mask,real,study
pork,real,study
purpose,real,study
yared,pseudo,study
smise,pseudo,study
pot,real,study
prether,pseudo,study
poker,real,study
crase,pseudo,study
tregs,pseudo,study
hatch,real,study
magazine,real,study
mees,pseudo,study
attorney,real,study
grape,real,study
veen,pseudo,study
