133,real,study
175,real,study
8,pseudo,study
123,real,study
197,real,study
119,pseudo,study
211,pseudo,study
212,real,study
210,real,study
114,pseudo,study
173,real,study
172,pseudo,study
181,pseudo,study
193,pseudo,study
210,real,study
195,real,study
228,real,study
51,pseudo,study
21,pseudo,study
154,real,study
171,real,study
230,real,study
57,pseudo,study
8,pseudo,study
53,real,study
84,real,study
133,pseudo,study
150,pseudo,study
70,pseudo,study
209,pseudo,study
195,real,study
229,pseudo,study
173,real,study
136,pseudo,study
45,real,study
81,real,study
175,real,study
152,pseudo,study
53,real,study
186,real,study
160,pseudo,study
140,real,study
135,real,study
30,pseudo,study
90,real,study
171,real,study
43,pseudo,study
31,real,study
122,pseudo,study
31,real,study
208,pseudo,study
92,pseudo,study
63,real,study
213,real,study
230,real,study
88,pseudo,study
208,pseudo,study
138,real,study
189,pseudo,study
212,real,study
206,pseudo,study
150,pseudo,study
122,pseudo,study
80,real,study
143,pseudo,study
136,pseudo,study
211,pseudo,study
235,pseudo,study
60,real,study
157,real,study
186,real,study
125,real,study
60,pseudo,study
60,real,study
160,pseudo,study
63,real,study
211,real,study
21,pseudo,study
119,pseudo,study
10,pseudo,study
113,real,study
172,pseudo,study
113,real,study
42,real,study
181,pseudo,study
84,real,study
75,real,study
12,real,study
211,real,study
16,pseudo,study
70,pseudo,study
23,real,study
170,pseudo,study
209,pseudo,study
80,real,study
138,real,study
16,real,study
36,real,study
233,pseudo,study
36,real,study
213,real,study
90,real,study
179,pseudo,study
176,pseudo,study
174,pseudo,study
154,real,study
131,pseudo,study
133,real,study
218,real,study
44,real,study
88,pseudo,study
123,real,study
100,pseudo,study
145,pseudo,study
206,pseudo,study
135,real,study
42,real,study
189,pseudo,study
179,pseudo,study
16,real,study
30,pseudo,study
197,real,study
43,pseudo,study
75,real,study
125,real,study
12,real,study
133,pseudo,study
97,pseudo,study
45,real,study
51,pseudo,study
140,real,study
100,pseudo,study
92,pseudo,study
157,real,study
44,real,study
176,pseudo,study
193,pseudo,study
170,pseudo,study
233,pseudo,study
81,real,study
23,real,study
16,pseudo,study
114,pseudo,study
106,real,study
235,pseudo,study
228,real,study
174,pseudo,study
22,real,study
97,pseudo,study
106,real,study
60,pseudo,study
131,pseudo,study
218,real,study
145,pseudo,study
229,pseudo,study
152,pseudo,study
57,pseudo,study
143,pseudo,study
22,real,study
10,pseudo,study
