66,real,study
10,pseudo,study
68,pseudo,study
204,real,study
78,pseudo,study
178,pseudo,study
67,pseudo,study
71,pseudo,study
71,pseudo,study
137,real,study
136,real,study
130,pseudo,study
57,real,study
209,pseudo,study
72,pseudo,study
145,pseudo,study
64,real,study
151,pseudo,study
12,real,study
23,real,study
216,pseudo,study
62,real,study
12,pseudo,study
115,pseudo,study
68,real,study
141,real,study
129,real,study
182,real,study
73,pseudo,study
67,pseudo,study
9,pseudo,study
12,real,study
64,pseudo,study
136,real,study
98,pseudo,study
7,real,study
24,real,study
105,pseudo,study
192,real,study
143,real,study
22,pseudo,study
213,real,study
66,real,study
25,pseudo,study
23,real,study
34,real,study
231,pseudo,study
130,pseudo,study
101,real,study
131,pseudo,study
135,real,study
97,real,study
189,real,study
52,pseudo,study
159,pseudo,study
139,real,study
113,pseudo,study
184,real,study
39,pseudo,study
73,pseudo,study
142,pseudo,study
98,pseudo,study
109,real,study
160,real,study
33,pseudo,study
235,real,study
83,real,study
147,pseudo,study
125,real,study
141,real,study
209,pseudo,study
140,pseudo,study
28,pseudo,study
24,real,study
185,pseudo,study
21,real,study
120,real,study
50,real,study
3,pseudo,study
145,pseudo,study
25,pseudo,study
109,real,study
39,pseudo,study
12,pseudo,study
32,pseudo,study
125,real,study
64,real,study
72,pseudo,study
50,real,study
103,real,study
213,real,study
49,pseudo,study
179,real,study
7,real,study
235,real,study
32,real,study
32,real,study
142,pseudo,study
234,pseudo,study
135,real,study
57,real,study
36,pseudo,study
97,real,study
189,real,study
159,pseudo,study
78,pseudo,study
143,real,study
83,real,study
105,pseudo,study
65,real,study
37,real,study
34,real,study
182,real,study
186,pseudo,study
68,real,study
101,real,study
204,real,study
139,real,study
185,pseudo,study
178,pseudo,study
129,real,study
22,pseudo,study
37,real,study
115,pseudo,study
151,pseudo,study
28,pseudo,study
21,real,study
52,real,study
62,real,study
216,pseudo,study
131,pseudo,study
9,pseudo,study
10,pseudo,study
52,pseudo,study
52,real,study
68,pseudo,study
43,real,study
65,real,study
192,real,study
103,real,study
137,real,study
3,pseudo,study
231,pseudo,study
64,pseudo,study
147,pseudo,study
234,pseudo,study
43,real,study
184,real,study
168,pseudo,study
186,pseudo,study
36,pseudo,study
120,real,study
160,real,study
113,pseudo,study
168,pseudo,study
49,pseudo,study
179,real,study
32,pseudo,study
33,pseudo,study
140,pseudo,study
