purpose,real,study
trap,real,study
flight,real,study
vorse,pseudo,study
yared,pseudo,study
phall,pseudo,study
chorce,pseudo,study
choth,pseudo,study
jend,pseudo,study
miracle,real,study
dorth,pseudo,study
trial,real,study
slouresce,pseudo,study
crives,pseudo,study
princess,real,study
box,real,study
football,real,study
prounds,pseudo,study
reectont,pseudo,study
strept,pseudo,study
stinds,pseudo,study
stim,pseudo,study
splangle,pseudo,study
pleasure,real,study
muck,real,study
freeze,real,study
pleasure,real,study
strept,pseudo,study
lawn,real,study
cring,pseudo,study
professor,real,study
soy,real,study
skrong,pseudo,study
blass,pseudo,study
history,real,study
plene,pseudo,study
opinion,real,study
purpose,real,study
health,real,study
lawn,real,study
plene,pseudo,study
load,real,study
phants,pseudo,study
door,real,study
novice,real,study
trap,real,study
cleep,pseudo,study
load,real,study
stink,real,study
prounds,pseudo,study
history,real,study
taid,pseudo,study
community,real,study
position,real,study
priend,pseudo,study
crives,pseudo,study
process,real,study
box,real,study
taid,pseudo,study
fountain,real,study
professor,real,study
priend,pseudo,study
keaves,pseudo,study
weather,real,study
position,real,study
grape,real,study
novice,real,study
throuch,pseudo,study
reectont,pseudo,study
gomes,pseudo,study
dune,real,study
blass,pseudo,study
plis,pseudo,study
stink,real,study
slouresce,pseudo,study
princess,real,study
anybody,real,study
cring,pseudo,study
stass,pseudo,study
phants,pseudo,study
flind,pseudo,study
birch,real,study
muck,real,study
throuch,pseudo,study
glow,real,study
gnard,pseudo,study
hatch,real,study
health,real,study
shore,real,study
tham,pseudo,study
gnard,pseudo,study
aggall,pseudo,study
phall,pseudo,study
gill,real,study
door,real,study
wiece,pseudo,study
skrong,pseudo,study
seconds,real,study
chorce,pseudo,study
yared,pseudo,study
neast,pseudo,study
whilk,pseudo,study
process,real,study
keaves,pseudo,study
stass,pseudo,study
plis,pseudo,study
wort,real,study
opinion,real,study
giant,real,study
science,real,study
grape,real,study
greal,pseudo,study
weather,real,study
jend,pseudo,study
vorse,pseudo,study
glow,real,study
dune,real,study
corner,real,study
stinds,pseudo,study
smands,pseudo,study
tham,pseudo,study
smands,pseudo,study
stim,pseudo,study
aggall,pseudo,study
gill,real,study
cleep,pseudo,study
whilk,pseudo,study
truce,real,study
flind,pseudo,study
community,real,study
football,real,study
kreat,pseudo,study
corner,real,study
birch,real,study
greal,pseudo,study
yeave,pseudo,study
kreat,pseudo,study
choth,pseudo,study
dorth,pseudo,study
yeave,pseudo,study
hatch,real,study
inniberal,pseudo,study
miracle,real,study
seconds,real,study
gomes,pseudo,study
wiece,pseudo,study
anybody,real,study
neast,pseudo,study
giant,real,study
splangle,pseudo,study
shore,real,study
science,real,study
trial,real,study
inniberal,pseudo,study
fountain,real,study
freeze,real,study
flight,real,study
truce,real,study
soy,real,study
wort,real,study
