shack,real,study
torch,real,study
twose,pseudo,study
dream,real,study
dinner,real,study
drum,real,study
prayer,real,study
himes,pseudo,study
lust,real,study
swars,pseudo,study
prayer,real,study
jouse,pseudo,study
yats,pseudo,study
diet,real,study
centre,real,study
mart,real,study
gween,pseudo,study
frince,pseudo,study
number,real,study
bolt,real,study
thet,pseudo,study
feed,real,study
sich,pseudo,study
audience,real,study
pope,real,study
glear,pseudo,study
dream,real,study
evidence,real,study
glasses,real,study
skarts,pseudo,study
centre,real,study
harp,real,study
nont,pseudo,study
scruck,pseudo,study
forge,real,study
bolt,real,study
troes,pseudo,study
axe,real,study
jet,real,study
clief,pseudo,study
percent,real,study
twade,pseudo,study
fratements,pseudo,study
diet,real,study
whope,pseudo,study
frince,pseudo,study
plate,real,study
audience,real,study
tree,real,study
spled,pseudo,study
shandstand,pseudo,study
wuite,pseudo,study
dreptical,pseudo,study
otterings,pseudo,study
froo,pseudo,study
shack,real,study
chip,real,study
chess,real,study
respect,real,study
camp,real,study
jet,real,study
twade,pseudo,study
language,real,study
lust,real,study
crase,pseudo,study
bleast,pseudo,study
lore,real,study
troes,pseudo,study
flinness,pseudo,study
crase,pseudo,study
quarter,real,study
meems,pseudo,study
thet,pseudo,study
attorney,real,study
forge,real,study
drum,real,study
scruck,pseudo,study
cruth,pseudo,study
cat,real,study
swars,pseudo,study
froo,pseudo,study
tith,pseudo,study
flinness,pseudo,study
torch,real,study
creath,pseudo,study
respect,real,study
himes,pseudo,study
doll,real,study
aim,real,study
quarter,real,study
mesh,real,study
spled,pseudo,study
colour,real,study
cat,real,study
tith,pseudo,study
company,real,study
monster,real,study
harp,real,study
dinner,real,study
language,real,study
trecimen,pseudo,study
percent,real,study
juns,pseudo,study
choud,pseudo,study
choud,pseudo,study
whope,pseudo,study
evidence,real,study
chip,real,study
feed,real,study
camp,real,study
glasses,real,study
chess,real,study
attorney,real,study
phrise,pseudo,study
congruoat,pseudo,study
axe,real,study
mart,real,study
yats,pseudo,study
skarts,pseudo,study
number,real,study
sich,pseudo,study
stips,pseudo,study
mesh,real,study
lore,real,study
gween,pseudo,study
stips,pseudo,study
grive,pseudo,study
twose,pseudo,study
plate,real,study
nont,pseudo,study
grive,pseudo,study
congruoat,pseudo,study
colour,real,study
juns,pseudo,study
company,real,study
sail,real,study
aim,real,study
creath,pseudo,study
tourse,pseudo,study
froud,pseudo,study
pope,real,study
doll,real,study
sail,real,study
shandstand,pseudo,study
dreptical,pseudo,study
wuite,pseudo,study
froud,pseudo,study
monster,real,study
phrise,pseudo,study
tree,real,study
bleast,pseudo,study
otterings,pseudo,study
jouse,pseudo,study
clief,pseudo,study
cruth,pseudo,study
fratements,pseudo,study
meems,pseudo,study
tourse,pseudo,study
glear,pseudo,study
trecimen,pseudo,study
