127,pseudo,study
180,pseudo,study
169,pseudo,study
182,pseudo,study
72,pseudo,study
91,pseudo,study
155,pseudo,study
43,real,study
150,real,study
37,real,study
83,pseudo,study
181,real,study
192,real,study
33,pseudo,study
187,real,study
18,pseudo,study
109,real,study
109,real,study
220,real,study
213,pseudo,study
78,pseudo,study
191,pseudo,study
108,real,study
115,pseudo,study
104,pseudo,study
108,real,study
6,real,study
149,real,study
223,real,study
44,pseudo,study
132,real,study
220,real,study
27,real,study
217,real,study
145,real,study
94,pseudo,study
11,pseudo,study
82,pseudo,study
200,real,study
6,real,study
96,pseudo,study
222,pseudo,study
115,pseudo,study
190,pseudo,study
187,real,study
169,real,study
33,pseudo,study
111,pseudo,study
117,real,study
68,pseudo,study
121,pseudo,study
78,pseudo,study
223,pseudo,study
114,real,study
27,real,study
114,real,study
204,real,study
41,pseudo,study
151,pseudo,study
204,real,study
224,real,study
104,pseudo,study
176,real,study
54,real,study
100,real,study
169,pseudo,study
176,real,study
122,real,study
117,real,study
54,real,study
103,real,study
158,real,study
200,real,study
194,pseudo,study
68,pseudo,study
212,pseudo,study
194,pseudo,study
153,real,study
77,pseudo,study
65,real,study
18,pseudo,study
30,real,study
153,real,study
190,pseudo,study
61,pseudo,study
99,real,study
121,pseudo,study
223,real,study
225,pseudo,study
91,real,study
191,pseudo,study
99,real,study
44,pseudo,study
157,pseudo,study
157,pseudo,study
136,real,study
214,pseudo,study
145,real,study
20,pseudo,study
11,pseudo,study
41,pseudo,study
111,pseudo,study
136,real,study
127,pseudo,study
26,real,study
103,real,study
202,pseudo,study
222,pseudo,study
37,real,study
181,real,study
149,real,study
61,pseudo,study
155,pseudo,study
77,pseudo,study
178,real,study
26,real,study
83,pseudo,study
43,real,study
178,real,study
82,pseudo,study
239,real,study
212,pseudo,study
106,pseudo,study
192,real,study
169,real,study
14,real,study
94,pseudo,study
96,pseudo,study
91,pseudo,study
151,pseudo,study
65,real,study
4,pseudo,study
158,real,study
100,real,study
122,real,study
14,real,study
147,real,study
202,pseudo,study
225,pseudo,study
214,pseudo,study
91,real,study
223,pseudo,study
72,pseudo,study
147,real,study
20,pseudo,study
30,real,study
213,pseudo,study
106,pseudo,study
173,pseudo,study
57,real,study
180,pseudo,study
132,real,study
150,real,study
239,real,study
182,pseudo,study
173,pseudo,study
4,pseudo,study
224,real,study
57,real,study
217,real,study
