94,real,study
230,real,study
132,pseudo,study
79,pseudo,study
212,real,study
171,real,study
110,pseudo,study
121,pseudo,study
108,real,study
138,pseudo,study
54,pseudo,study
212,real,study
205,real,study
171,pseudo,study
132,pseudo,study
165,real,study
157,real,study
28,real,study
21,pseudo,study
128,pseudo,study
94,real,study
199,pseudo,study
179,pseudo,study
54,real,study
235,pseudo,study
121,pseudo,study
211,real,study
210,real,study
174,real,study
53,pseudo,study
79,real,study
215,real,study
29,pseudo,study
173,pseudo,study
13,pseudo,study
38,real,study
238,real,study
238,real,study
205,real,study
119,pseudo,study
144,real,study
119,pseudo,study
208,pseudo,study
55,real,study
232,pseudo,study
171,real,study
164,real,study
71,real,study
169,pseudo,study
74,real,study
29,pseudo,study
235,pseudo,study
54,real,study
194,real,study
107,pseudo,study
108,real,study
215,real,study
176,real,study
213,pseudo,study
203,pseudo,study
13,pseudo,study
128,real,study
30,real,study
156,pseudo,study
112,pseudo,study
69,pseudo,study
49,real,study
174,real,study
60,pseudo,study
11,pseudo,study
230,real,study
148,pseudo,study
203,pseudo,study
54,pseudo,study
166,real,study
223,real,study
39,real,study
106,real,study
28,real,study
222,real,study
166,real,study
147,real,study
138,pseudo,study
127,pseudo,study
182,pseudo,study
38,real,study
91,pseudo,study
230,pseudo,study
184,pseudo,study
211,real,study
91,pseudo,study
157,real,study
188,real,study
78,real,study
112,pseudo,study
213,pseudo,study
118,pseudo,study
128,real,study
79,pseudo,study
78,real,study
39,real,study
106,pseudo,study
21,pseudo,study
125,pseudo,study
55,real,study
1,pseudo,study
53,pseudo,study
199,pseudo,study
188,real,study
176,real,study
223,real,study
208,pseudo,study
80,pseudo,study
169,pseudo,study
60,pseudo,study
71,real,study
127,pseudo,study
49,real,study
1,pseudo,study
107,pseudo,study
106,pseudo,study
182,pseudo,study
79,real,study
144,real,study
11,pseudo,study
187,real,study
69,pseudo,study
210,real,study
164,real,study
147,real,study
232,pseudo,study
106,real,study
74,real,study
156,pseudo,study
125,pseudo,study
111,pseudo,study
165,real,study
80,pseudo,study
111,pseudo,study
173,pseudo,study
61,real,study
151,real,study
61,real,study
230,pseudo,study
184,pseudo,study
128,pseudo,study
140,real,study
179,pseudo,study
140,real,study
190,real,study
151,real,study
118,pseudo,study
171,pseudo,study
148,pseudo,study
190,real,study
30,real,study
194,real,study
110,pseudo,study
187,real,study
222,real,study
