bathroom,real,study
gentleman,real,study
mask,real,study
toast,real,study
theer,pseudo,study
nuse,pseudo,study
situation,real,study
base,real,study
prease,pseudo,study
rocket,real,study
stitch,real,study
interest,real,study
rush,real,study
smeed,pseudo,study
smone,pseudo,study
surprise,real,study
dorld,pseudo,study
grix,pseudo,study
trour,pseudo,study
shoe,real,study
interest,real,study
page,real,study
pup,real,study
director,real,study
zip,real,study
streer,pseudo,study
breakfast,real,study
crop,real,study
dorld,pseudo,study
trings,pseudo,study
smeed,pseudo,study
wosts,pseudo,study
concert,real,study
fass,pseudo,study
crop,real,study
ginds,pseudo,study
trings,pseudo,study
hese,pseudo,study
chicken,real,study
smorth,pseudo,study
concert,real,study
floor,real,study
rocket,real,study
wresh,pseudo,study
ginds,pseudo,study
vills,pseudo,study
stitch,real,study
pup,real,study
blark,pseudo,study
director,real,study
scrength,pseudo,study
gentleman,real,study
altitude,real,study
prease,pseudo,study
wosts,pseudo,study
sergeant,real,study
woice,pseudo,study
pleaties,pseudo,study
wall,real,study
altitude,real,study
smorth,pseudo,study
strat,pseudo,study
clept,pseudo,study
hole,real,study
nis,pseudo,study
wroke,pseudo,study
borms,pseudo,study
clars,pseudo,study
trour,pseudo,study
drong,pseudo,study
clept,pseudo,study
blark,pseudo,study
sprint,real,study
chicken,real,study
skreets,pseudo,study
situation,real,study
theer,pseudo,study
drong,pseudo,study
smone,pseudo,study
boose,pseudo,study
insurance,real,study
fold,real,study
hank,real,study
base,real,study
date,real,study
sprint,real,study
spords,pseudo,study
scrength,pseudo,study
nuse,pseudo,study
streer,pseudo,study
surprise,real,study
hook,real,study
page,real,study
practice,real,study
pleaties,pseudo,study
woice,pseudo,study
sire,real,study
bastard,real,study
shreet,pseudo,study
shreet,pseudo,study
skreets,pseudo,study
breakfast,real,study
degs,pseudo,study
sire,real,study
pork,real,study
spice,real,study
spice,real,study
hank,real,study
crime,real,study
degs,pseudo,study
rush,real,study
thich,pseudo,study
fass,pseudo,study
fren,pseudo,study
cone,real,study
fold,real,study
mask,real,study
spords,pseudo,study
hole,real,study
toast,real,study
wall,real,study
wroke,pseudo,study
thich,pseudo,study
shoe,real,study
date,real,study
nis,pseudo,study
tiss,pseudo,study
clars,pseudo,study
shroad,pseudo,study
crime,real,study
pange,pseudo,study
floor,real,study
machine,real,study
borms,pseudo,study
hese,pseudo,study
insurance,real,study
bastard,real,study
pange,pseudo,study
guy,real,study
sergeant,real,study
practice,real,study
vills,pseudo,study
cone,real,study
abbunition,pseudo,study
thown,pseudo,study
hook,real,study
bathroom,real,study
wresh,pseudo,study
guy,real,study
grix,pseudo,study
zip,real,study
strat,pseudo,study
fren,pseudo,study
abbunition,pseudo,study
boose,pseudo,study
shroad,pseudo,study
thown,pseudo,study
machine,real,study
tiss,pseudo,study
pork,real,study
