spraw,pseudo,study
ginger,real,study
wash,real,study
chelp,pseudo,study
gown,real,study
frost,real,study
spraw,pseudo,study
felse,pseudo,study
crust,real,study
ratio,real,study
president,real,study
gheet,pseudo,study
target,real,study
greast,pseudo,study
prave,pseudo,study
rords,pseudo,study
teacher,real,study
bud,real,study
cright,pseudo,study
pength,pseudo,study
brinds,pseudo,study
fonths,pseudo,study
condition,real,study
grectral,pseudo,study
zalk,pseudo,study
frawn,pseudo,study
thars,pseudo,study
rink,real,study
sived,pseudo,study
pights,pseudo,study
blied,pseudo,study
throm,pseudo,study
crock,real,study
giles,pseudo,study
spet,pseudo,study
nonsense,real,study
frost,real,study
blourig,pseudo,study
dreril,pseudo,study
zalls,pseudo,study
bullet,real,study
pair,real,study
drowblin,pseudo,study
leg,real,study
patient,real,study
dose,real,study
strope,pseudo,study
thome,pseudo,study
fear,real,study
captain,real,study
bud,real,study
lace,real,study
prave,pseudo,study
arrailig,pseudo,study
pength,pseudo,study
leg,real,study
captain,real,study
hospital,real,study
gheet,pseudo,study
president,real,study
target,real,study
wames,pseudo,study
brinds,pseudo,study
wax,real,study
thome,pseudo,study
condition,real,study
demon,real,study
chelp,pseudo,study
ratio,real,study
wax,real,study
spell,real,study
shem,pseudo,study
pights,pseudo,study
death,real,study
peach,real,study
spet,pseudo,study
vord,pseudo,study
support,real,study
bomb,real,study
swith,pseudo,study
cable,real,study
gown,real,study
felse,pseudo,study
dreril,pseudo,study
zalls,pseudo,study
arrenuate,pseudo,study
wash,real,study
scine,pseudo,study
peck,real,study
whoss,pseudo,study
police,real,study
blied,pseudo,study
decision,real,study
hospital,real,study
giles,pseudo,study
death,real,study
greast,pseudo,study
demon,real,study
pitch,real,study
shem,pseudo,study
cright,pseudo,study
rords,pseudo,study
rhurch,pseudo,study
cable,real,study
drowblin,pseudo,study
nonsense,real,study
stomes,pseudo,study
pump,real,study
spell,real,study
daughter,real,study
decision,real,study
sived,pseudo,study
scine,pseudo,study
bile,real,study
strope,pseudo,study
throm,pseudo,study
fear,real,study
creer,pseudo,study
peck,real,study
pump,real,study
ruin,real,study
arrailig,pseudo,study
jince,pseudo,study
lace,real,study
care,real,study
thars,pseudo,study
prunk,pseudo,study
crust,real,study
blourig,pseudo,study
frawn,pseudo,study
police,real,study
teacher,real,study
patient,real,study
support,real,study
whoss,pseudo,study
creer,pseudo,study
daughter,real,study
grectral,pseudo,study
peach,real,study
bullet,real,study
prunk,pseudo,study
care,real,study
stomes,pseudo,study
dose,real,study
ruin,real,study
ginger,real,study
jince,pseudo,study
zalk,pseudo,study
rink,real,study
arrenuate,pseudo,study
rhurch,pseudo,study
vord,pseudo,study
swith,pseudo,study
bile,real,study
fonths,pseudo,study
pair,real,study
crock,real,study
pitch,real,study
wames,pseudo,study
bomb,real,study
