144,pseudo,study
3,pseudo,study
194,real,study
30,real,study
38,real,study
230,pseudo,study
135,pseudo,study
99,pseudo,study
48,real,study
48,real,study
169,real,study
38,real,study
104,real,study
134,real,study
195,pseudo,study
183,real,study
46,pseudo,study
94,pseudo,study
45,pseudo,study
230,pseudo,study
144,pseudo,study
128,real,study
46,real,study
79,real,study
208,pseudo,study
223,real,study
213,pseudo,study
82,real,study
42,real,study
2,real,study
52,pseudo,study
94,pseudo,study
66,pseudo,study
163,real,study
4,real,study
26,pseudo,study
237,real,study
135,pseudo,study
186,real,study
107,real,study
220,real,study
104,real,study
46,real,study
3,pseudo,study
84,pseudo,study
163,pseudo,study
29,pseudo,study
209,real,study
211,pseudo,study
89,pseudo,study
159,pseudo,study
47,real,study
90,real,study
46,pseudo,study
143,real,study
134,real,study
62,real,study
61,real,study
58,pseudo,study
211,pseudo,study
45,pseudo,study
13,real,study
128,real,study
130,pseudo,study
2,real,study
13,pseudo,study
182,pseudo,study
43,pseudo,study
213,pseudo,study
29,real,study
29,pseudo,study
169,real,study
12,real,study
187,pseudo,study
159,pseudo,study
209,real,study
97,real,study
105,real,study
112,real,study
201,pseudo,study
30,real,study
5,real,study
185,pseudo,study
240,real,study
197,real,study
131,real,study
52,pseudo,study
200,real,study
81,pseudo,study
240,real,study
5,real,study
47,real,study
119,pseudo,study
130,pseudo,study
81,pseudo,study
201,pseudo,study
220,real,study
8,pseudo,study
29,real,study
141,pseudo,study
82,real,study
119,pseudo,study
97,real,study
189,real,study
186,real,study
61,real,study
8,pseudo,study
189,real,study
1,pseudo,study
66,pseudo,study
125,pseudo,study
107,pseudo,study
112,real,study
125,pseudo,study
62,real,study
89,pseudo,study
237,real,study
195,pseudo,study
12,real,study
90,real,study
74,pseudo,study
163,real,study
225,pseudo,study
165,pseudo,study
25,pseudo,study
143,real,study
84,pseudo,study
187,pseudo,study
141,pseudo,study
203,real,study
79,real,study
105,real,study
183,real,study
200,real,study
223,real,study
74,pseudo,study
107,real,study
26,pseudo,study
165,pseudo,study
203,real,study
225,pseudo,study
1,pseudo,study
185,pseudo,study
235,pseudo,study
208,pseudo,study
107,pseudo,study
42,real,study
58,pseudo,study
163,pseudo,study
131,real,study
43,pseudo,study
13,pseudo,study
13,real,study
235,pseudo,study
182,pseudo,study
25,pseudo,study
197,real,study
4,real,study
99,pseudo,study
194,real,study
