129,real,study
233,real,study
95,real,study
62,pseudo,study
188,real,study
80,real,study
46,pseudo,study
42,real,study
71,real,study
176,pseudo,study
71,real,study
230,real,study
159,pseudo,study
126,real,study
193,real,study
60,pseudo,study
100,pseudo,study
46,pseudo,study
233,real,study
115,real,study
154,real,study
207,real,study
125,real,study
228,pseudo,study
62,pseudo,study
211,real,study
239,pseudo,study
91,real,study
132,real,study
101,pseudo,study
206,real,study
202,pseudo,study
111,pseudo,study
211,real,study
82,pseudo,study
105,real,study
89,pseudo,study
33,pseudo,study
100,pseudo,study
115,real,study
95,real,study
196,pseudo,study
33,pseudo,study
47,real,study
207,pseudo,study
199,pseudo,study
8,pseudo,study
120,pseudo,study
129,real,study
24,real,study
151,pseudo,study
230,real,study
199,pseudo,study
190,pseudo,study
80,real,study
154,real,study
34,pseudo,study
53,real,study
165,pseudo,study
207,real,study
42,pseudo,study
10,pseudo,study
115,pseudo,study
126,real,study
188,real,study
229,pseudo,study
237,real,study
75,real,study
46,real,study
236,pseudo,study
164,pseudo,study
25,real,study
112,pseudo,study
229,pseudo,study
30,pseudo,study
191,real,study
78,real,study
207,pseudo,study
169,pseudo,study
1,real,study
172,pseudo,study
119,pseudo,study
182,real,study
196,pseudo,study
112,pseudo,study
219,real,study
44,real,study
44,real,study
20,pseudo,study
138,pseudo,study
176,pseudo,study
181,real,study
94,real,study
66,pseudo,study
46,real,study
155,real,study
24,real,study
193,real,study
239,pseudo,study
237,real,study
206,real,study
236,pseudo,study
155,real,study
30,pseudo,study
42,real,study
18,pseudo,study
96,real,study
138,pseudo,study
140,pseudo,study
96,real,study
233,pseudo,study
4,real,study
164,pseudo,study
228,pseudo,study
91,real,study
125,real,study
89,pseudo,study
181,real,study
190,pseudo,study
47,real,study
159,pseudo,study
18,pseudo,study
25,real,study
233,pseudo,study
75,real,study
202,pseudo,study
78,real,study
191,real,study
4,real,study
111,pseudo,study
119,pseudo,study
151,pseudo,study
132,real,study
1,real,study
192,real,study
60,pseudo,study
101,pseudo,study
54,real,study
169,pseudo,study
59,real,study
105,real,study
53,real,study
66,pseudo,study
42,pseudo,study
94,real,study
120,pseudo,study
34,pseudo,study
165,pseudo,study
182,real,study
219,real,study
172,pseudo,study
192,real,study
54,real,study
115,pseudo,study
8,pseudo,study
10,pseudo,study
140,pseudo,study
59,real,study
82,pseudo,study
20,pseudo,study
