spones,pseudo,study
stitch,real,study
arrenuate,pseudo,study
sich,pseudo,study
arrenuate,pseudo,study
monster,real,study
phote,pseudo,study
phrass,pseudo,study
princess,real,study
spords,pseudo,study
target,real,study
monster,real,study
thown,pseudo,study
slit,real,study
neld,pseudo,study
half,real,study
stould,pseudo,study
bead,real,study
tham,pseudo,study
bastard,real,study
sign,real,study
witness,real,study
chocolate,real,study
crock,real,study
thairs,pseudo,study
pup,real,study
crallest,pseudo,study
swars,pseudo,study
twade,pseudo,study
rent,real,study
pair,real,study
smorth,pseudo,study
dorth,pseudo,study
tomorrow,real,study
zalls,pseudo,study
lab,real,study
slit,real,study
floth,pseudo,study
spled,pseudo,study
cright,pseudo,study
swars,pseudo,study
pair,real,study
freeze,real,study
crallest,pseudo,study
glow,real,study
shees,pseudo,study
soy,real,study
glow,real,study
half,real,study
chicken,real,study
marriage,real,study
rent,real,study
soldier,real,study
chip,real,study
prunk,pseudo,study
today,real,study
crock,real,study
spones,pseudo,study
shight,pseudo,study
bead,real,study
crurch,pseudo,study
cring,pseudo,study
shem,pseudo,study
leer,real,study
fear,real,study
plis,pseudo,study
fission,real,study
crives,pseudo,study
chicken,real,study
phank,pseudo,study
snats,pseudo,study
shight,pseudo,study
brinner,pseudo,study
floth,pseudo,study
cring,pseudo,study
cloose,pseudo,study
marriage,real,study
trour,pseudo,study
trecimen,pseudo,study
press,real,study
tomorrow,real,study
smorth,pseudo,study
leer,real,study
soy,real,study
sich,pseudo,study
staff,real,study
freeze,real,study
plis,pseudo,study
whope,pseudo,study
par,real,study
princess,real,study
crurch,pseudo,study
spled,pseudo,study
lab,real,study
weather,real,study
fission,real,study
opinion,real,study
number,real,study
soldier,real,study
chocolate,real,study
par,real,study
today,real,study
twade,pseudo,study
thairs,pseudo,study
skrong,pseudo,study
weather,real,study
fear,real,study
chip,real,study
staff,real,study
swest,pseudo,study
brinner,pseudo,study
phank,pseudo,study
license,real,study
prunk,pseudo,study
neld,pseudo,study
crives,pseudo,study
stould,pseudo,study
skrong,pseudo,study
tham,pseudo,study
hank,real,study
phrass,pseudo,study
truce,real,study
shore,real,study
whope,pseudo,study
snats,pseudo,study
number,real,study
shore,real,study
pup,real,study
cloose,pseudo,study
trour,pseudo,study
shem,pseudo,study
chelp,pseudo,study
hank,real,study
thown,pseudo,study
spords,pseudo,study
press,real,study
opinion,real,study
gars,pseudo,study
guy,real,study
bay,real,study
truce,real,study
cright,pseudo,study
sign,real,study
bastard,real,study
dorth,pseudo,study
whoss,pseudo,study
phote,pseudo,study
gars,pseudo,study
bay,real,study
witness,real,study
guy,real,study
target,real,study
license,real,study
chelp,pseudo,study
whoss,pseudo,study
swest,pseudo,study
shees,pseudo,study
trecimen,pseudo,study
zalls,pseudo,study
stitch,real,study
