drist,pseudo,study
concert,real,study
fonths,pseudo,study
ego,real,study
toast,real,study
wiece,pseudo,study
froo,pseudo,study
jince,pseudo,study
wall,real,study
jince,pseudo,study
bile,real,study
stass,pseudo,study
thite,pseudo,study
sprint,real,study
song,real,study
cleist,pseudo,study
strope,pseudo,study
bomb,real,study
vonce,pseudo,study
mint,real,study
wax,real,study
mart,real,study
mood,real,study
wonder,real,study
poison,real,study
concert,real,study
scruck,pseudo,study
mart,real,study
greal,pseudo,study
greal,pseudo,study
hospital,real,study
snow,real,study
strimes,pseudo,study
teacher,real,study
centre,real,study
lust,real,study
zount,pseudo,study
support,real,study
sprint,real,study
crell,pseudo,study
account,real,study
swene,pseudo,study
nis,pseudo,study
stass,pseudo,study
seconds,real,study
meems,pseudo,study
cat,real,study
student,real,study
drowblin,pseudo,study
vense,pseudo,study
peach,real,study
shoe,real,study
streer,pseudo,study
fault,real,study
gnard,pseudo,study
hospital,real,study
dreril,pseudo,study
fonths,pseudo,study
doe,real,study
doe,real,study
account,real,study
pleasure,real,study
stredule,pseudo,study
swene,pseudo,study
gheet,pseudo,study
strope,pseudo,study
mint,real,study
birch,real,study
congruoat,pseudo,study
crell,pseudo,study
chess,real,study
seconds,real,study
vonce,pseudo,study
shape,real,study
mood,real,study
drong,pseudo,study
plales,pseudo,study
drist,pseudo,study
facks,pseudo,study
sail,real,study
patient,real,study
drong,pseudo,study
rocket,real,study
drowblin,pseudo,study
crallow,pseudo,study
poison,real,study
downstairs,real,study
shack,real,study
facks,pseudo,study
tranders,pseudo,study
wall,real,study
wax,real,study
crallow,pseudo,study
thines,pseudo,study
rocket,real,study
downstairs,real,study
police,real,study
attliction,pseudo,study
shoe,real,study
wonder,real,study
ego,real,study
tranders,pseudo,study
pights,pseudo,study
hook,real,study
pike,real,study
stinds,pseudo,study
stinds,pseudo,study
cat,real,study
kreat,pseudo,study
student,real,study
song,real,study
kreat,pseudo,study
meems,pseudo,study
lust,real,study
plales,pseudo,study
shape,real,study
centre,real,study
phants,pseudo,study
streer,pseudo,study
strimes,pseudo,study
birch,real,study
gheet,pseudo,study
nis,pseudo,study
bile,real,study
telp,pseudo,study
patient,real,study
teacher,real,study
froo,pseudo,study
gnard,pseudo,study
fault,real,study
attliction,pseudo,study
congruoat,pseudo,study
scruck,pseudo,study
trote,pseudo,study
phants,pseudo,study
thines,pseudo,study
stredule,pseudo,study
peach,real,study
police,real,study
hook,real,study
cleep,pseudo,study
telp,pseudo,study
pike,real,study
pleasure,real,study
trote,pseudo,study
support,real,study
vense,pseudo,study
pights,pseudo,study
thite,pseudo,study
cleist,pseudo,study
chess,real,study
shack,real,study
toast,real,study
cleep,pseudo,study
wiece,pseudo,study
bomb,real,study
sail,real,study
snow,real,study
dreril,pseudo,study
zount,pseudo,study
