235,real,study
79,pseudo,study
226,pseudo,study
50,pseudo,study
117,pseudo,study
60,real,study
174,real,study
202,real,study
19,pseudo,study
3,pseudo,study
87,pseudo,study
95,real,study
229,pseudo,study
163,real,study
182,pseudo,study
73,real,study
73,real,study
64,real,study
72,pseudo,study
126,pseudo,study
174,real,study
19,pseudo,study
163,real,study
219,real,study
43,real,study
74,real,study
191,real,study
168,pseudo,study
130,pseudo,study
192,real,study
54,real,study
168,pseudo,study
117,pseudo,study
84,pseudo,study
133,real,study
211,pseudo,study
85,real,study
164,real,study
233,pseudo,study
15,real,study
202,real,study
124,pseudo,study
152,pseudo,study
97,real,study
11,real,study
59,real,study
26,real,study
100,pseudo,study
114,real,study
181,pseudo,study
15,real,study
229,pseudo,study
22,real,study
41,real,study
6,real,study
191,real,study
182,pseudo,study
74,real,study
225,pseudo,study
208,real,study
114,real,study
181,pseudo,study
26,real,study
170,pseudo,study
133,pseudo,study
130,pseudo,study
152,pseudo,study
170,pseudo,study
60,real,study
39,pseudo,study
53,pseudo,study
126,pseudo,study
36,real,study
50,pseudo,study
121,pseudo,study
1,real,study
107,real,study
210,pseudo,study
106,pseudo,study
170,real,study
176,pseudo,study
145,real,study
112,real,study
36,real,study
176,pseudo,study
88,pseudo,study
48,pseudo,study
112,real,study
188,pseudo,study
210,pseudo,study
24,real,study
43,real,study
164,real,study
219,real,study
59,real,study
11,real,study
107,real,study
41,real,study
72,pseudo,study
83,pseudo,study
113,pseudo,study
75,real,study
235,real,study
229,real,study
97,real,study
100,pseudo,study
234,pseudo,study
211,pseudo,study
106,pseudo,study
195,pseudo,study
87,pseudo,study
85,real,study
84,pseudo,study
145,real,study
48,pseudo,study
88,pseudo,study
23,real,study
83,pseudo,study
64,real,study
54,real,study
121,real,study
226,pseudo,study
195,pseudo,study
121,pseudo,study
120,pseudo,study
3,pseudo,study
234,pseudo,study
79,pseudo,study
65,real,study
23,real,study
229,real,study
111,pseudo,study
123,real,study
39,pseudo,study
75,real,study
6,real,study
233,pseudo,study
111,pseudo,study
170,real,study
133,pseudo,study
124,pseudo,study
60,pseudo,study
113,pseudo,study
161,pseudo,study
161,pseudo,study
123,real,study
1,real,study
133,real,study
225,pseudo,study
208,real,study
53,pseudo,study
188,pseudo,study
120,pseudo,study
121,real,study
60,pseudo,study
24,real,study
22,real,study
192,real,study
95,real,study
65,real,study
