155,pseudo,study
208,pseudo,study
202,real,study
240,real,study
208,pseudo,study
88,real,study
240,real,study
30,real,study
150,pseudo,study
45,real,study
193,pseudo,study
11,pseudo,study
101,pseudo,study
208,real,study
16,pseudo,study
208,real,study
201,real,study
169,real,study
149,real,study
25,pseudo,study
202,real,study
148,pseudo,study
215,real,study
199,real,study
219,pseudo,study
195,real,study
115,real,study
219,pseudo,study
101,real,study
154,real,study
229,real,study
87,real,study
146,pseudo,study
1,real,study
200,pseudo,study
75,real,study
181,real,study
215,real,study
240,pseudo,study
45,real,study
206,pseudo,study
153,pseudo,study
56,pseudo,study
130,pseudo,study
85,pseudo,study
207,real,study
193,pseudo,study
87,real,study
20,pseudo,study
183,pseudo,study
88,real,study
37,real,study
169,real,study
148,pseudo,study
46,pseudo,study
192,real,study
72,real,study
238,pseudo,study
226,pseudo,study
133,real,study
139,pseudo,study
224,pseudo,study
37,real,study
177,real,study
27,pseudo,study
64,pseudo,study
207,real,study
6,pseudo,study
168,real,study
78,real,study
101,pseudo,study
80,pseudo,study
10,pseudo,study
135,real,study
229,real,study
3,real,study
149,real,study
73,pseudo,study
112,pseudo,study
227,pseudo,study
16,pseudo,study
168,real,study
119,pseudo,study
80,pseudo,study
193,real,study
112,pseudo,study
146,pseudo,study
220,real,study
50,pseudo,study
73,pseudo,study
72,real,study
181,real,study
42,real,study
201,real,study
150,pseudo,study
50,pseudo,study
16,real,study
26,real,study
115,real,study
133,real,study
192,real,study
107,pseudo,study
11,real,study
78,real,study
6,pseudo,study
30,real,study
240,pseudo,study
238,pseudo,study
107,pseudo,study
85,pseudo,study
139,pseudo,study
45,pseudo,study
26,pseudo,study
114,real,study
20,pseudo,study
220,real,study
206,pseudo,study
3,real,study
193,real,study
155,pseudo,study
144,real,study
114,real,study
196,pseudo,study
56,pseudo,study
1,real,study
177,real,study
11,real,study
135,real,study
200,pseudo,study
226,pseudo,study
223,real,study
144,real,study
153,pseudo,study
69,real,study
199,real,study
190,pseudo,study
25,pseudo,study
46,pseudo,study
190,pseudo,study
224,pseudo,study
10,pseudo,study
27,pseudo,study
101,real,study
154,real,study
196,pseudo,study
16,real,study
11,pseudo,study
223,real,study
69,real,study
119,pseudo,study
195,real,study
227,pseudo,study
26,pseudo,study
26,real,study
183,pseudo,study
42,real,study
64,pseudo,study
45,pseudo,study
75,real,study
130,pseudo,study
