reectont,pseudo,study
snats,pseudo,study
brer,pseudo,study
prease,pseudo,study
juns,pseudo,study
pange,pseudo,study
box,real,study
spice,real,study
trote,pseudo,study
vills,pseudo,study
surprise,real,study
flind,pseudo,study
shin,real,study
shroad,pseudo,study
himes,pseudo,study
prease,pseudo,study
bell,real,study
gentleman,real,study
fault,real,study
clief,pseudo,study
smise,pseudo,study
smise,pseudo,study
fonths,pseudo,study
tith,pseudo,study
husband,real,study
spice,real,study
novice,real,study
vills,pseudo,study
nurse,real,study
pruit,pseudo,study
jury,real,study
cring,pseudo,study
nairs,pseudo,study
stinds,pseudo,study
jouse,pseudo,study
peck,real,study
toast,real,study
glow,real,study
toast,real,study
witness,real,study
bell,real,study
chip,real,study
kreen,pseudo,study
gentleman,real,study
soldier,real,study
student,real,study
plense,pseudo,study
rocket,real,study
nairs,pseudo,study
jouse,pseudo,study
tith,pseudo,study
brer,pseudo,study
hole,real,study
nont,pseudo,study
position,real,study
gath,pseudo,study
novice,real,study
juns,pseudo,study
shance,pseudo,study
shoe,real,study
shance,pseudo,study
pength,pseudo,study
swith,pseudo,study
sich,pseudo,study
nurse,real,study
reectont,pseudo,study
floor,real,study
skrong,pseudo,study
longuisher,pseudo,study
ratio,real,study
poker,real,study
clief,pseudo,study
boose,pseudo,study
snow,real,study
flind,pseudo,study
husband,real,study
lab,real,study
stent,pseudo,study
date,real,study
trote,pseudo,study
peck,real,study
plense,pseudo,study
gath,pseudo,study
company,real,study
flench,pseudo,study
bastard,real,study
pights,pseudo,study
gag,real,study
fault,real,study
longuisher,pseudo,study
harp,real,study
kreen,pseudo,study
floor,real,study
ratio,real,study
spet,pseudo,study
coal,real,study
coal,real,study
fight,real,study
pruit,pseudo,study
jury,real,study
football,real,study
surprise,real,study
smone,pseudo,study
flench,pseudo,study
football,real,study
gag,real,study
dreril,pseudo,study
pength,pseudo,study
rocket,real,study
stinds,pseudo,study
soldier,real,study
smone,pseudo,study
chip,real,study
today,real,study
pights,pseudo,study
hole,real,study
insurance,real,study
grix,pseudo,study
cring,pseudo,study
shack,real,study
arrenuate,pseudo,study
pange,pseudo,study
trial,real,study
snow,real,study
sich,pseudo,study
insurance,real,study
ruin,real,study
dreril,pseudo,study
today,real,study
grix,pseudo,study
student,real,study
poker,real,study
bastard,real,study
spet,pseudo,study
ruin,real,study
arrenuate,pseudo,study
himes,pseudo,study
shroad,pseudo,study
swith,pseudo,study
stent,pseudo,study
harp,real,study
date,real,study
trial,real,study
glow,real,study
shoe,real,study
snats,pseudo,study
fonths,pseudo,study
box,real,study
wosts,pseudo,study
lab,real,study
company,real,study
position,real,study
skrong,pseudo,study
shack,real,study
wosts,pseudo,study
shin,real,study
fight,real,study
witness,real,study
boose,pseudo,study
nont,pseudo,study
