fad,real,study
swene,pseudo,study
stitch,real,study
stould,pseudo,study
pot,real,study
flight,real,study
wind,real,study
wonder,real,study
streer,pseudo,study
taid,pseudo,study
flight,real,study
swest,pseudo,study
hospital,real,study
freeze,real,study
froud,pseudo,study
fad,real,study
freeze,real,study
practice,real,study
swene,pseudo,study
kreat,pseudo,study
pleasure,real,study
lace,real,study
condition,real,study
taid,pseudo,study
voved,pseudo,study
condition,real,study
shandstand,pseudo,study
promise,real,study
pives,pseudo,study
krey,pseudo,study
process,real,study
leer,real,study
cleist,pseudo,study
test,real,study
kreat,pseudo,study
null,real,study
dreptical,pseudo,study
sergeant,real,study
sergeant,real,study
blark,pseudo,study
wort,real,study
streer,pseudo,study
frars,pseudo,study
crallow,pseudo,study
fren,pseudo,study
strept,pseudo,study
leer,real,study
frars,pseudo,study
axe,real,study
song,real,study
troes,pseudo,study
daughter,real,study
press,real,study
hatch,real,study
stross,pseudo,study
fren,pseudo,study
restaurant,real,study
wind,real,study
tract,real,study
restaurant,real,study
states,real,study
press,real,study
choth,pseudo,study
swest,pseudo,study
twade,pseudo,study
base,real,study
blark,pseudo,study
chorce,pseudo,study
suspect,real,study
strat,pseudo,study
yeave,pseudo,study
throuch,pseudo,study
stould,pseudo,study
jince,pseudo,study
bullet,real,study
prounds,pseudo,study
troat,pseudo,study
stomes,pseudo,study
frawn,pseudo,study
crallow,pseudo,study
wonder,real,study
stitch,real,study
strat,pseudo,study
monster,real,study
centre,real,study
voved,pseudo,study
wort,real,study
hospital,real,study
lace,real,study
twade,pseudo,study
process,real,study
krey,pseudo,study
truce,real,study
practice,real,study
peach,real,study
doe,real,study
promise,real,study
bullet,real,study
sin,real,study
song,real,study
pot,real,study
woice,pseudo,study
truce,real,study
clars,pseudo,study
pleasure,real,study
throuch,pseudo,study
jend,pseudo,study
peach,real,study
troes,pseudo,study
hese,pseudo,study
hatch,real,study
tract,real,study
test,real,study
woice,pseudo,study
community,real,study
tregs,pseudo,study
mask,real,study
shandstand,pseudo,study
strept,pseudo,study
prave,pseudo,study
jince,pseudo,study
froud,pseudo,study
axe,real,study
troat,pseudo,study
yeave,pseudo,study
daughter,real,study
groys,pseudo,study
iggitation,pseudo,study
mask,real,study
dreptical,pseudo,study
tregs,pseudo,study
hese,pseudo,study
rink,real,study
clars,pseudo,study
rink,real,study
iggitation,pseudo,study
doe,real,study
monster,real,study
centre,real,study
community,real,study
throm,pseudo,study
base,real,study
stross,pseudo,study
throm,pseudo,study
choth,pseudo,study
null,real,study
pives,pseudo,study
birch,real,study
frawn,pseudo,study
stomes,pseudo,study
prounds,pseudo,study
states,real,study
cleist,pseudo,study
prave,pseudo,study
jend,pseudo,study
chorce,pseudo,study
birch,real,study
sin,real,study
suspect,real,study
groys,pseudo,study
