177,pseudo,study
236,pseudo,study
176,real,study
21,pseudo,study
226,pseudo,study
117,real,study
81,real,study
104,real,study
154,real,study
145,pseudo,study
229,pseudo,study
145,pseudo,study
233,real,study
191,real,study
197,real,study
168,real,study
142,pseudo,study
236,pseudo,study
84,pseudo,study
113,pseudo,study
99,real,study
81,real,study
113,pseudo,study
77,pseudo,study
84,pseudo,study
46,pseudo,study
75,real,study
12,pseudo,study
125,real,study
199,real,study
60,real,study
29,real,study
162,real,study
155,pseudo,study
92,real,study
112,pseudo,study
162,real,study
171,pseudo,study
199,real,study
197,real,study
208,real,study
127,real,study
220,pseudo,study
90,pseudo,study
234,real,study
159,real,study
117,real,study
16,pseudo,study
159,real,study
159,pseudo,study
230,real,study
13,real,study
43,pseudo,study
155,pseudo,study
164,pseudo,study
138,pseudo,study
234,real,study
21,pseudo,study
14,pseudo,study
208,real,study
100,real,study
209,real,study
187,real,study
230,real,study
14,pseudo,study
29,real,study
142,pseudo,study
171,pseudo,study
122,real,study
177,pseudo,study
176,real,study
91,pseudo,study
60,real,study
168,real,study
152,real,study
12,pseudo,study
152,real,study
187,real,study
233,real,study
191,real,study
157,pseudo,study
82,pseudo,study
203,real,study
159,pseudo,study
85,pseudo,study
85,real,study
23,pseudo,study
112,pseudo,study
212,real,study
220,pseudo,study
164,pseudo,study
82,pseudo,study
86,real,study
127,real,study
23,pseudo,study
138,pseudo,study
8,real,study
212,real,study
220,real,study
209,real,study
190,pseudo,study
226,pseudo,study
154,pseudo,study
91,pseudo,study
194,real,study
43,pseudo,study
85,real,study
71,real,study
59,pseudo,study
211,real,study
229,pseudo,study
192,pseudo,study
45,pseudo,study
137,pseudo,study
101,real,study
100,real,study
203,real,study
46,pseudo,study
58,real,study
71,real,study
227,real,study
190,pseudo,study
90,pseudo,study
122,real,study
77,pseudo,study
56,pseudo,study
194,real,study
45,pseudo,study
75,real,study
78,pseudo,study
8,real,study
99,real,study
31,pseudo,study
220,real,study
59,pseudo,study
100,pseudo,study
86,real,study
16,pseudo,study
158,pseudo,study
192,pseudo,study
56,pseudo,study
104,real,study
100,pseudo,study
154,real,study
115,pseudo,study
101,real,study
92,real,study
13,real,study
157,pseudo,study
227,real,study
137,pseudo,study
85,pseudo,study
154,pseudo,study
78,pseudo,study
211,real,study
158,pseudo,study
115,pseudo,study
31,pseudo,study
125,real,study
58,real,study
