180,pseudo,study
54,pseudo,study
125,pseudo,study
133,pseudo,study
199,pseudo,study
203,pseudo,study
155,real,study
226,real,study
180,pseudo,study
82,real,study
86,pseudo,study
108,pseudo,study
142,real,study
34,real,study
199,pseudo,study
24,pseudo,study
113,real,study
154,real,study
97,pseudo,study
155,pseudo,study
73,real,study
69,real,study
47,real,study
77,pseudo,study
29,pseudo,study
207,real,study
153,real,study
219,real,study
155,pseudo,study
122,pseudo,study
103,pseudo,study
140,real,study
108,pseudo,study
116,real,study
103,pseudo,study
122,pseudo,study
121,real,study
150,pseudo,study
15,pseudo,study
91,real,study
213,real,study
102,real,study
123,pseudo,study
162,real,study
19,real,study
62,pseudo,study
91,pseudo,study
187,real,study
226,real,study
9,real,study
235,pseudo,study
155,real,study
34,real,study
121,pseudo,study
9,real,study
7,pseudo,study
220,pseudo,study
2,real,study
91,pseudo,study
24,pseudo,study
54,pseudo,study
230,real,study
150,pseudo,study
68,pseudo,study
217,real,study
136,pseudo,study
120,real,study
57,real,study
213,real,study
33,real,study
117,pseudo,study
161,real,study
125,pseudo,study
177,pseudo,study
19,real,study
18,pseudo,study
33,real,study
123,pseudo,study
213,pseudo,study
69,real,study
172,pseudo,study
97,real,study
13,real,study
22,pseudo,study
232,real,study
142,real,study
227,real,study
2,real,study
170,pseudo,study
52,pseudo,study
136,pseudo,study
97,real,study
170,pseudo,study
121,pseudo,study
117,pseudo,study
18,pseudo,study
80,pseudo,study
30,real,study
162,real,study
172,pseudo,study
212,pseudo,study
40,pseudo,study
145,real,study
40,pseudo,study
30,real,study
161,pseudo,study
13,real,study
22,pseudo,study
161,pseudo,study
7,pseudo,study
97,pseudo,study
213,pseudo,study
153,real,study
207,real,study
113,real,study
219,real,study
133,pseudo,study
121,real,study
177,pseudo,study
220,pseudo,study
67,real,study
73,real,study
203,pseudo,study
160,pseudo,study
211,real,study
235,pseudo,study
62,pseudo,study
91,real,study
179,real,study
154,real,study
67,real,study
52,pseudo,study
102,real,study
15,pseudo,study
212,pseudo,study
227,real,study
211,real,study
80,pseudo,study
232,real,study
116,real,study
57,real,study
140,real,study
68,pseudo,study
230,real,study
217,real,study
29,pseudo,study
156,pseudo,study
120,real,study
234,real,study
77,pseudo,study
160,pseudo,study
86,pseudo,study
145,real,study
156,pseudo,study
179,real,study
47,real,study
161,real,study
82,real,study
234,real,study
187,real,study
