motel,real,study
theer,pseudo,study
firm,real,study
change,real,study
gars,pseudo,study
wind,real,study
phrass,pseudo,study
swars,pseudo,study
thite,pseudo,study
leer,real,study
shreet,pseudo,study
shoe,real,study
glam,pseudo,study
wonder,real,study
stink,real,study
opinion,real,study
peads,pseudo,study
scrength,pseudo,study
change,real,study
leer,real,study
care,real,study
husband,real,study
fonths,pseudo,study
mint,real,study
fass,pseudo,study
woice,pseudo,study
choth,pseudo,study
stink,real,study
strat,pseudo,study
plood,pseudo,study
chip,real,study
thite,pseudo,study
plood,pseudo,study
glam,pseudo,study
pould,pseudo,study
meat,real,study
ruin,real,study
shoe,real,study
leg,real,study
husband,real,study
community,real,study
giant,real,study
wonder,real,study
attliction,pseudo,study
concert,real,study
theer,pseudo,study
phrass,pseudo,study
snats,pseudo,study
gentleman,real,study
tourse,pseudo,study
slouresce,pseudo,study
gars,pseudo,study
motel,real,study
stass,pseudo,study
gomes,pseudo,study
shreet,pseudo,study
ruin,real,study
care,real,study
rink,real,study
strope,pseudo,study
concert,real,study
lawn,real,study
tourse,pseudo,study
doe,real,study
fonths,pseudo,study
gentleman,real,study
gnard,pseudo,study
peads,pseudo,study
snats,pseudo,study
wind,real,study
opinion,real,study
plis,pseudo,study
jince,pseudo,study
doe,real,study
crurch,pseudo,study
peach,real,study
throm,pseudo,study
leg,real,study
community,real,study
harp,real,study
meat,real,study
whope,pseudo,study
load,real,study
dorth,pseudo,study
slouresce,pseudo,study
stass,pseudo,study
shees,pseudo,study
splim,pseudo,study
sprint,real,study
rink,real,study
surprise,real,study
pould,pseudo,study
evidence,real,study
twose,pseudo,study
jince,pseudo,study
dorth,pseudo,study
nonsense,real,study
nonsense,real,study
crurch,pseudo,study
gomes,pseudo,study
strope,pseudo,study
evidence,real,study
load,real,study
insurance,real,study
firm,real,study
wuite,pseudo,study
emergency,real,study
swars,pseudo,study
guy,real,study
meems,pseudo,study
reectont,pseudo,study
truce,real,study
chip,real,study
dinner,real,study
stinds,pseudo,study
monster,real,study
stinds,pseudo,study
truce,real,study
choth,pseudo,study
dinner,real,study
surprise,real,study
mint,real,study
tham,pseudo,study
woice,pseudo,study
professor,real,study
nones,pseudo,study
gnard,pseudo,study
insurance,real,study
attliction,pseudo,study
emergency,real,study
monster,real,study
scrength,pseudo,study
meems,pseudo,study
peach,real,study
gath,pseudo,study
shees,pseudo,study
diet,real,study
crock,real,study
twose,pseudo,study
fun,real,study
wuite,pseudo,study
fun,real,study
fass,pseudo,study
gath,pseudo,study
plis,pseudo,study
strat,pseudo,study
splim,pseudo,study
giant,real,study
throm,pseudo,study
reectont,pseudo,study
sprint,real,study
tham,pseudo,study
nones,pseudo,study
guy,real,study
professor,real,study
crock,real,study
lawn,real,study
whope,pseudo,study
harp,real,study
diet,real,study
