keaves,pseudo,study
sin,real,study
spords,pseudo,study
iggitation,pseudo,study
quarter,real,study
skreets,pseudo,study
stent,pseudo,study
stent,pseudo,study
taid,pseudo,study
skreets,pseudo,study
zalls,pseudo,study
floor,real,study
par,real,study
frars,pseudo,study
fad,real,study
tocks,pseudo,study
swith,pseudo,study
dagger,real,study
prile,pseudo,study
hospital,real,study
streer,pseudo,study
vills,pseudo,study
nis,pseudo,study
jury,real,study
grive,pseudo,study
brinner,pseudo,study
trial,real,study
axe,real,study
situation,real,study
tocks,pseudo,study
zalls,pseudo,study
thown,pseudo,study
seconds,real,study
krench,pseudo,study
snow,real,study
someone,real,study
neld,pseudo,study
wort,real,study
keaves,pseudo,study
trecimen,pseudo,study
cat,real,study
sin,real,study
smands,pseudo,study
floor,real,study
phank,pseudo,study
grive,pseudo,study
plense,pseudo,study
someone,real,study
level,real,study
smands,pseudo,study
phank,pseudo,study
yesterday,real,study
neld,pseudo,study
creer,pseudo,study
crallow,pseudo,study
facks,pseudo,study
cable,real,study
snow,real,study
taid,pseudo,study
prile,pseudo,study
kreat,pseudo,study
groys,pseudo,study
level,real,study
today,real,study
rirls,pseudo,study
stredule,pseudo,study
shack,real,study
police,real,study
quarter,real,study
bunk,real,study
fear,real,study
crime,real,study
seconds,real,study
groys,pseudo,study
shack,real,study
trecimen,pseudo,study
colour,real,study
dreril,pseudo,study
colour,real,study
bit,real,study
dagger,real,study
doll,real,study
rirls,pseudo,study
number,real,study
today,real,study
process,real,study
project,real,study
wort,real,study
picture,real,study
jury,real,study
fad,real,study
swith,pseudo,study
spords,pseudo,study
process,real,study
crallow,pseudo,study
vills,pseudo,study
frars,pseudo,study
shance,pseudo,study
feed,real,study
facks,pseudo,study
creer,pseudo,study
grectral,pseudo,study
thet,pseudo,study
plense,pseudo,study
bit,real,study
situation,real,study
number,real,study
promise,real,study
iggitation,pseudo,study
krench,pseudo,study
project,real,study
pleaties,pseudo,study
rocket,real,study
bunk,real,study
brinner,pseudo,study
bleast,pseudo,study
fear,real,study
cat,real,study
nis,pseudo,study
promise,real,study
pleaties,pseudo,study
hank,real,study
pives,pseudo,study
sneep,pseudo,study
wig,real,study
police,real,study
hank,real,study
doll,real,study
picture,real,study
rocket,real,study
feed,real,study
captain,real,study
crime,real,study
pives,pseudo,study
crell,pseudo,study
shin,real,study
grectral,pseudo,study
crell,pseudo,study
captain,real,study
yesterday,real,study
support,real,study
dreril,pseudo,study
kreat,pseudo,study
thet,pseudo,study
wig,real,study
stredule,pseudo,study
streer,pseudo,study
hospital,real,study
bleast,pseudo,study
par,real,study
shroad,pseudo,study
shin,real,study
shance,pseudo,study
cable,real,study
thown,pseudo,study
trial,real,study
shroad,pseudo,study
support,real,study
axe,real,study
sneep,pseudo,study
