120,pseudo,study
120,pseudo,study
185,real,study
46,pseudo,study
74,real,study
42,pseudo,study
158,pseudo,study
102,real,study
168,pseudo,study
102,real,study
237,real,study
95,real,study
190,pseudo,study
117,pseudo,study
128,real,study
135,real,study
46,pseudo,study
196,real,study
204,pseudo,study
158,pseudo,study
209,real,study
123,pseudo,study
80,pseudo,study
7,pseudo,study
90,pseudo,study
106,real,study
11,real,study
32,pseudo,study
135,real,study
90,pseudo,study
129,real,study
195,real,study
167,real,study
78,real,study
43,pseudo,study
91,pseudo,study
202,pseudo,study
204,pseudo,study
111,real,study
207,real,study
98,real,study
118,real,study
216,real,study
218,real,study
80,pseudo,study
122,pseudo,study
204,real,study
212,real,study
196,real,study
91,pseudo,study
76,real,study
53,pseudo,study
129,real,study
106,real,study
81,real,study
88,real,study
15,pseudo,study
111,real,study
195,real,study
13,pseudo,study
203,real,study
53,pseudo,study
88,real,study
33,real,study
236,pseudo,study
117,pseudo,study
19,pseudo,study
74,pseudo,study
48,pseudo,study
98,real,study
207,pseudo,study
216,real,study
190,pseudo,study
173,real,study
1,pseudo,study
167,real,study
209,real,study
236,pseudo,study
109,pseudo,study
28,real,study
207,real,study
118,real,study
78,real,study
209,pseudo,study
13,pseudo,study
176,real,study
203,pseudo,study
109,real,study
74,pseudo,study
152,real,study
218,real,study
140,real,study
113,real,study
95,real,study
204,real,study
89,pseudo,study
166,pseudo,study
224,real,study
207,pseudo,study
199,pseudo,study
209,pseudo,study
166,pseudo,study
149,pseudo,study
224,real,study
134,pseudo,study
48,pseudo,study
175,pseudo,study
20,pseudo,study
89,pseudo,study
11,pseudo,study
176,real,study
19,pseudo,study
11,real,study
33,real,study
134,pseudo,study
113,real,study
170,real,study
43,pseudo,study
149,pseudo,study
170,real,study
77,pseudo,study
168,pseudo,study
7,pseudo,study
74,real,study
11,pseudo,study
109,real,study
77,pseudo,study
42,pseudo,study
128,real,study
173,real,study
81,real,study
185,real,study
140,real,study
203,real,study
200,real,study
76,real,study
175,pseudo,study
109,pseudo,study
19,real,study
32,pseudo,study
176,pseudo,study
133,real,study
202,pseudo,study
20,pseudo,study
199,pseudo,study
133,real,study
152,real,study
200,real,study
163,pseudo,study
203,pseudo,study
123,pseudo,study
176,pseudo,study
1,pseudo,study
163,pseudo,study
212,real,study
15,pseudo,study
19,real,study
122,pseudo,study
28,real,study
237,real,study
