29,real,study
120,real,study
40,real,study
217,real,study
220,pseudo,study
134,real,study
235,real,study
222,real,study
209,real,study
92,real,study
217,real,study
101,pseudo,study
109,real,study
127,pseudo,study
239,pseudo,study
46,real,study
28,pseudo,study
154,pseudo,study
226,pseudo,study
222,pseudo,study
79,real,study
29,real,study
204,real,study
179,pseudo,study
5,real,study
54,pseudo,study
12,real,study
235,real,study
28,pseudo,study
153,real,study
110,pseudo,study
84,pseudo,study
46,real,study
126,pseudo,study
65,real,study
35,pseudo,study
222,pseudo,study
65,real,study
214,pseudo,study
220,pseudo,study
172,real,study
154,real,study
202,pseudo,study
176,pseudo,study
153,real,study
150,pseudo,study
201,pseudo,study
201,pseudo,study
151,pseudo,study
176,pseudo,study
82,pseudo,study
110,real,study
119,pseudo,study
15,real,study
61,pseudo,study
179,pseudo,study
72,pseudo,study
216,real,study
193,real,study
25,real,study
82,real,study
77,real,study
214,pseudo,study
62,real,study
40,real,study
193,real,study
181,real,study
62,real,study
154,pseudo,study
11,pseudo,study
32,pseudo,study
110,pseudo,study
152,pseudo,study
128,real,study
154,real,study
17,pseudo,study
54,pseudo,study
150,pseudo,study
66,real,study
226,real,study
17,pseudo,study
98,pseudo,study
234,pseudo,study
86,real,study
236,real,study
172,real,study
209,pseudo,study
209,pseudo,study
189,real,study
191,pseudo,study
182,pseudo,study
234,pseudo,study
211,pseudo,study
128,real,study
119,pseudo,study
92,real,study
185,real,study
160,pseudo,study
59,pseudo,study
61,pseudo,study
5,pseudo,study
151,pseudo,study
99,pseudo,study
99,pseudo,study
204,real,study
5,pseudo,study
216,real,study
66,real,study
86,real,study
211,pseudo,study
126,pseudo,study
51,real,study
5,real,study
209,real,study
110,real,study
11,pseudo,study
82,real,study
226,real,study
219,real,study
134,real,study
59,pseudo,study
15,real,study
191,pseudo,study
117,real,study
152,pseudo,study
89,pseudo,study
200,real,study
200,real,study
19,pseudo,study
32,pseudo,study
101,pseudo,study
117,real,study
19,pseudo,study
219,real,study
240,real,study
51,real,study
185,real,study
160,pseudo,study
109,real,study
222,real,study
181,real,study
77,real,study
12,real,study
182,pseudo,study
236,real,study
79,real,study
35,pseudo,study
89,pseudo,study
202,pseudo,study
72,pseudo,study
25,real,study
120,real,study
127,pseudo,study
84,pseudo,study
226,pseudo,study
98,pseudo,study
239,pseudo,study
240,real,study
82,pseudo,study
189,real,study
