phote,pseudo,study
machine,real,study
scine,pseudo,study
leg,real,study
choth,pseudo,study
glasses,real,study
taid,pseudo,study
daughter,real,study
concert,real,study
jouse,pseudo,study
magazine,real,study
bleast,pseudo,study
skreets,pseudo,study
captain,real,study
audience,real,study
brinds,pseudo,study
boose,pseudo,study
vallisit,pseudo,study
program,real,study
bullet,real,study
attliction,pseudo,study
fratements,pseudo,study
greast,pseudo,study
mood,real,study
crop,real,study
ginds,pseudo,study
peads,pseudo,study
choth,pseudo,study
wiece,pseudo,study
half,real,study
drum,real,study
gag,real,study
lab,real,study
daughter,real,study
plene,pseudo,study
chess,real,study
froo,pseudo,study
trecimen,pseudo,study
boose,pseudo,study
plales,pseudo,study
congruoat,pseudo,study
emergency,real,study
hank,real,study
splangle,pseudo,study
chould,pseudo,study
floor,real,study
concert,real,study
shack,real,study
nacts,pseudo,study
phote,pseudo,study
shoe,real,study
prave,pseudo,study
floor,real,study
fission,real,study
splangle,pseudo,study
shoe,real,study
wuite,pseudo,study
dunch,pseudo,study
suspect,real,study
aggall,pseudo,study
shin,real,study
prether,pseudo,study
jouse,pseudo,study
crop,real,study
half,real,study
himes,pseudo,study
leg,real,study
shack,real,study
skreets,pseudo,study
rush,real,study
states,real,study
gag,real,study
stredule,pseudo,study
dunch,pseudo,study
shin,real,study
meems,pseudo,study
spraw,pseudo,study
sail,real,study
machine,real,study
degs,pseudo,study
fratements,pseudo,study
brinner,pseudo,study
greast,pseudo,study
chess,real,study
birch,real,study
chould,pseudo,study
hank,real,study
sail,real,study
surprise,real,study
position,real,study
eye,real,study
congruoat,pseudo,study
interest,real,study
fault,real,study
spraw,pseudo,study
flind,pseudo,study
taid,pseudo,study
birch,real,study
drum,real,study
wuite,pseudo,study
aggall,pseudo,study
magazine,real,study
trap,real,study
fault,real,study
rush,real,study
audience,real,study
tregs,pseudo,study
brinner,pseudo,study
states,real,study
health,real,study
fission,real,study
captain,real,study
nacts,pseudo,study
glasses,real,study
flind,pseudo,study
fun,real,study
eye,real,study
brots,pseudo,study
fun,real,study
ratio,real,study
wiece,pseudo,study
treleton,pseudo,study
mesh,real,study
surprise,real,study
vallisit,pseudo,study
kitchen,real,study
stredule,pseudo,study
scine,pseudo,study
meems,pseudo,study
attliction,pseudo,study
brots,pseudo,study
mesh,real,study
health,real,study
peads,pseudo,study
program,real,study
mood,real,study
ratio,real,study
brinds,pseudo,study
trecimen,pseudo,study
ginds,pseudo,study
trap,real,study
emergency,real,study
bullet,real,study
plales,pseudo,study
treleton,pseudo,study
bleast,pseudo,study
lab,real,study
position,real,study
himes,pseudo,study
suspect,real,study
prave,pseudo,study
tregs,pseudo,study
interest,real,study
stinds,pseudo,study
froo,pseudo,study
degs,pseudo,study
prether,pseudo,study
stinds,pseudo,study
kitchen,real,study
plene,pseudo,study
