creer,pseudo,study
freeze,real,study
swene,pseudo,study
situation,real,study
marriage,real,study
cise,pseudo,study
frost,real,study
stent,pseudo,study
tocks,pseudo,study
gnard,pseudo,study
sived,pseudo,study
fad,real,study
sprint,real,study
chicken,real,study
spept,pseudo,study
pair,real,study
spept,pseudo,study
stross,pseudo,study
staff,real,study
diet,real,study
trools,pseudo,study
lawn,real,study
blied,pseudo,study
nuse,pseudo,study
spones,pseudo,study
shirl,pseudo,study
condition,real,study
plate,real,study
yeave,pseudo,study
troat,pseudo,study
hospital,real,study
sived,pseudo,study
slouresce,pseudo,study
anybody,real,study
reectont,pseudo,study
dinner,real,study
chelp,pseudo,study
flench,pseudo,study
tocks,pseudo,study
abbunition,pseudo,study
officer,real,study
glear,pseudo,study
stross,pseudo,study
freeze,real,study
date,real,study
yesterday,real,study
lace,real,study
strept,pseudo,study
shore,real,study
hospital,real,study
spled,pseudo,study
doll,real,study
plate,real,study
krench,pseudo,study
flench,pseudo,study
abbunition,pseudo,study
van,real,study
trools,pseudo,study
scrength,pseudo,study
yeave,pseudo,study
cise,pseudo,study
accident,real,study
dorld,pseudo,study
sprint,real,study
marriage,real,study
swene,pseudo,study
axe,real,study
shreet,pseudo,study
percent,real,study
officer,real,study
groys,pseudo,study
frars,pseudo,study
staff,real,study
stent,pseudo,study
project,real,study
teacher,real,study
coal,real,study
fight,real,study
pair,real,study
juns,pseudo,study
spones,pseudo,study
massage,real,study
harp,real,study
gnard,pseudo,study
blied,pseudo,study
fight,real,study
plood,pseudo,study
yoke,real,study
slouresce,pseudo,study
grectral,pseudo,study
level,real,study
reectont,pseudo,study
jend,pseudo,study
groys,pseudo,study
hole,real,study
prayer,real,study
evidence,real,study
anybody,real,study
lawn,real,study
plis,pseudo,study
strept,pseudo,study
theer,pseudo,study
theer,pseudo,study
grectral,pseudo,study
chelp,pseudo,study
glear,pseudo,study
level,real,study
doll,real,study
troat,pseudo,study
trial,real,study
longuisher,pseudo,study
shirl,pseudo,study
longuisher,pseudo,study
seconds,real,study
arrailig,pseudo,study
yoke,real,study
juns,pseudo,study
dinner,real,study
frost,real,study
teacher,real,study
jend,pseudo,study
harp,real,study
yesterday,real,study
plis,pseudo,study
krench,pseudo,study
arrailig,pseudo,study
fad,real,study
sich,pseudo,study
frars,pseudo,study
target,real,study
situation,real,study
diet,real,study
evidence,real,study
spled,pseudo,study
accident,real,study
prayer,real,study
sich,pseudo,study
splim,pseudo,study
percent,real,study
shreet,pseudo,study
target,real,study
shore,real,study
massage,real,study
splim,pseudo,study
creer,pseudo,study
seconds,real,study
condition,real,study
chicken,real,study
dorld,pseudo,study
van,real,study
nuse,pseudo,study
lace,real,study
hole,real,study
coal,real,study
plood,pseudo,study
axe,real,study
trial,real,study
project,real,study
date,real,study
scrength,pseudo,study
