6,real,study
170,real,study
70,pseudo,study
171,pseudo,study
225,real,study
230,pseudo,study
135,real,study
88,pseudo,study
230,real,study
197,real,study
171,real,study
11,real,study
38,real,study
127,real,study
106,real,study
213,real,study
11,real,study
200,real,study
113,pseudo,study
225,real,study
33,pseudo,study
95,pseudo,study
7,real,study
182,pseudo,study
213,pseudo,study
16,pseudo,study
64,pseudo,study
154,real,study
95,pseudo,study
28,pseudo,study
226,real,study
166,pseudo,study
3,real,study
129,real,study
4,pseudo,study
36,pseudo,study
32,pseudo,study
127,pseudo,study
203,pseudo,study
214,real,study
184,pseudo,study
180,pseudo,study
111,pseudo,study
160,real,study
33,pseudo,study
138,pseudo,study
224,real,study
84,real,study
59,real,study
159,real,study
226,pseudo,study
163,pseudo,study
150,pseudo,study
160,real,study
4,pseudo,study
173,pseudo,study
75,real,study
80,real,study
84,real,study
150,pseudo,study
150,real,study
69,pseudo,study
212,pseudo,study
111,pseudo,study
182,pseudo,study
114,pseudo,study
16,real,study
70,pseudo,study
224,real,study
213,real,study
135,real,study
170,real,study
59,real,study
28,pseudo,study
206,pseudo,study
165,pseudo,study
226,real,study
240,real,study
159,real,study
54,real,study
30,pseudo,study
184,pseudo,study
216,real,study
88,pseudo,study
230,real,study
174,real,study
212,pseudo,study
36,pseudo,study
109,pseudo,study
165,pseudo,study
75,real,study
54,real,study
64,real,study
140,real,study
140,real,study
150,real,study
63,pseudo,study
217,real,study
203,pseudo,study
125,pseudo,study
16,real,study
206,pseudo,study
48,real,study
49,pseudo,study
106,real,study
77,real,study
133,pseudo,study
64,pseudo,study
217,real,study
7,real,study
127,pseudo,study
214,real,study
129,real,study
49,pseudo,study
48,real,study
90,pseudo,study
16,pseudo,study
197,real,study
125,pseudo,study
230,pseudo,study
77,real,study
154,real,study
226,pseudo,study
63,real,study
216,real,study
63,pseudo,study
30,pseudo,study
171,pseudo,study
32,pseudo,study
90,pseudo,study
180,pseudo,study
161,pseudo,study
171,real,study
104,real,study
127,real,study
114,pseudo,study
138,pseudo,study
196,real,study
166,pseudo,study
6,real,study
104,real,study
113,pseudo,study
196,real,study
69,pseudo,study
240,real,study
64,real,study
133,pseudo,study
174,real,study
213,pseudo,study
38,real,study
37,pseudo,study
3,real,study
173,pseudo,study
109,pseudo,study
37,pseudo,study
200,real,study
80,real,study
161,pseudo,study
63,real,study
163,pseudo,study
