24,pseudo,study
44,pseudo,study
14,pseudo,study
220,real,study
186,pseudo,study
189,real,study
141,pseudo,study
201,real,study
149,real,study
141,pseudo,study
148,real,study
28,pseudo,study
143,real,study
79,real,study
46,pseudo,study
178,pseudo,study
48,real,study
142,pseudo,study
80,real,study
220,real,study
220,pseudo,study
237,real,study
196,pseudo,study
148,pseudo,study
24,pseudo,study
148,pseudo,study
28,real,study
178,pseudo,study
123,pseudo,study
25,real,study
52,real,study
21,pseudo,study
168,real,study
28,real,study
212,real,study
87,real,study
134,pseudo,study
9,pseudo,study
233,pseudo,study
203,real,study
21,real,study
38,real,study
167,pseudo,study
172,real,study
188,pseudo,study
30,real,study
207,pseudo,study
210,real,study
48,real,study
55,pseudo,study
177,real,study
129,pseudo,study
97,real,study
59,pseudo,study
220,pseudo,study
196,real,study
82,pseudo,study
5,pseudo,study
67,pseudo,study
196,pseudo,study
67,pseudo,study
212,real,study
133,real,study
102,pseudo,study
186,pseudo,study
196,real,study
47,real,study
150,pseudo,study
172,real,study
125,pseudo,study
83,pseudo,study
201,real,study
175,real,study
149,real,study
126,real,study
175,real,study
78,real,study
210,real,study
25,pseudo,study
8,real,study
191,real,study
52,real,study
30,real,study
74,pseudo,study
138,pseudo,study
213,pseudo,study
44,pseudo,study
21,pseudo,study
74,pseudo,study
143,real,study
46,real,study
55,pseudo,study
142,pseudo,study
213,pseudo,study
78,real,study
81,real,study
34,pseudo,study
203,real,study
114,real,study
8,real,study
115,pseudo,study
9,pseudo,study
237,real,study
43,pseudo,study
233,pseudo,study
115,pseudo,study
97,real,study
77,pseudo,study
102,real,study
125,pseudo,study
189,real,study
129,pseudo,study
83,pseudo,study
123,pseudo,study
82,pseudo,study
153,real,study
191,real,study
239,pseudo,study
82,real,study
168,real,study
133,real,study
82,real,study
34,pseudo,study
114,real,study
138,pseudo,study
239,pseudo,study
28,pseudo,study
134,pseudo,study
177,real,study
102,real,study
102,pseudo,study
47,real,study
38,real,study
125,real,study
77,pseudo,study
25,pseudo,study
126,real,study
79,real,study
167,pseudo,study
184,pseudo,study
59,pseudo,study
43,pseudo,study
32,real,study
21,real,study
125,real,study
46,real,study
14,pseudo,study
184,pseudo,study
207,pseudo,study
81,real,study
150,pseudo,study
5,pseudo,study
80,real,study
148,real,study
46,pseudo,study
25,real,study
87,real,study
153,real,study
188,pseudo,study
32,real,study
