crallest,pseudo,study
torch,real,study
spice,real,study
null,real,study
stredule,pseudo,study
change,real,study
chip,real,study
change,real,study
chocolate,real,study
stent,pseudo,study
ghare,pseudo,study
ghare,pseudo,study
grape,real,study
muck,real,study
wonder,real,study
hese,pseudo,study
reectont,pseudo,study
skrong,pseudo,study
wiece,pseudo,study
twade,pseudo,study
football,real,study
gown,real,study
altitude,real,study
fren,pseudo,study
whilk,pseudo,study
shreet,pseudo,study
pleaties,pseudo,study
toast,real,study
whilk,pseudo,study
tregs,pseudo,study
chocolate,real,study
trial,real,study
chicken,real,study
gars,pseudo,study
rent,real,study
nonsense,real,study
pair,real,study
torch,real,study
trial,real,study
weather,real,study
shees,pseudo,study
gag,real,study
rent,real,study
situation,real,study
spords,pseudo,study
account,real,study
spords,pseudo,study
par,real,study
rocket,real,study
drowblin,pseudo,study
surprise,real,study
slouresce,pseudo,study
wonder,real,study
crime,real,study
football,real,study
null,real,study
chould,pseudo,study
bell,real,study
longuisher,pseudo,study
sail,real,study
shreet,pseudo,study
facks,pseudo,study
harp,real,study
glear,pseudo,study
ginds,pseudo,study
chicken,real,study
sprint,real,study
prounds,pseudo,study
wiece,pseudo,study
twade,pseudo,study
stredule,pseudo,study
altitude,real,study
bastard,real,study
sail,real,study
iggitation,pseudo,study
scine,pseudo,study
vonce,pseudo,study
page,real,study
weather,real,study
creath,pseudo,study
crime,real,study
hatch,real,study
bastard,real,study
muck,real,study
rocket,real,study
community,real,study
soldier,real,study
gween,pseudo,study
smands,pseudo,study
facks,pseudo,study
process,real,study
stent,pseudo,study
shandstand,pseudo,study
grape,real,study
skrong,pseudo,study
ginds,pseudo,study
process,real,study
swort,pseudo,study
spones,pseudo,study
longuisher,pseudo,study
glear,pseudo,study
taid,pseudo,study
gween,pseudo,study
surprise,real,study
vorse,pseudo,study
peads,pseudo,study
account,real,study
fren,pseudo,study
page,real,study
soldier,real,study
spice,real,study
purpose,real,study
theer,pseudo,study
gown,real,study
gag,real,study
taid,pseudo,study
chip,real,study
hatch,real,study
tregs,pseudo,study
gars,pseudo,study
bell,real,study
theer,pseudo,study
spones,pseudo,study
demon,real,study
swort,pseudo,study
creath,pseudo,study
wig,real,study
harp,real,study
vonce,pseudo,study
fun,real,study
crallest,pseudo,study
stould,pseudo,study
demon,real,study
prile,pseudo,study
peads,pseudo,study
prounds,pseudo,study
shees,pseudo,study
vorse,pseudo,study
community,real,study
stould,pseudo,study
prile,pseudo,study
chould,pseudo,study
wig,real,study
situation,real,study
reectont,pseudo,study
toast,real,study
shandstand,pseudo,study
smands,pseudo,study
par,real,study
fun,real,study
pair,real,study
purpose,real,study
hese,pseudo,study
drowblin,pseudo,study
pleaties,pseudo,study
scine,pseudo,study
iggitation,pseudo,study
slouresce,pseudo,study
sprint,real,study
nonsense,real,study
