stips,pseudo,study
thairs,pseudo,study
veen,pseudo,study
prether,pseudo,study
soy,real,study
greal,pseudo,study
glasses,real,study
princess,real,study
evidence,real,study
fratements,pseudo,study
rhurch,pseudo,study
pork,real,study
dunch,pseudo,study
position,real,study
fratements,pseudo,study
blied,pseudo,study
crop,real,study
dream,real,study
fission,real,study
stomes,pseudo,study
midnight,real,study
pights,pseudo,study
drum,real,study
care,real,study
strat,pseudo,study
choud,pseudo,study
breakfast,real,study
breakfast,real,study
grive,pseudo,study
dune,real,study
phrass,pseudo,study
froo,pseudo,study
ginger,real,study
groys,pseudo,study
dunch,pseudo,study
wort,real,study
crurch,pseudo,study
manager,real,study
program,real,study
thairs,pseudo,study
glasses,real,study
student,real,study
dagger,real,study
stips,pseudo,study
evidence,real,study
dagger,real,study
fad,real,study
dune,real,study
lace,real,study
vord,pseudo,study
company,real,study
nairs,pseudo,study
phants,pseudo,study
program,real,study
hook,real,study
tree,real,study
vord,pseudo,study
poker,real,study
audience,real,study
crurch,pseudo,study
floor,real,study
fad,real,study
thome,pseudo,study
boose,pseudo,study
poker,real,study
bomb,real,study
midnight,real,study
tomorrow,real,study
cat,real,study
block,real,study
wife,real,study
cat,real,study
thines,pseudo,study
wort,real,study
boose,pseudo,study
scrength,pseudo,study
shin,real,study
jince,pseudo,study
company,real,study
trote,pseudo,study
phrass,pseudo,study
sergeant,real,study
trote,pseudo,study
rhurch,pseudo,study
grive,pseudo,study
birch,real,study
soy,real,study
zalk,pseudo,study
trecimen,pseudo,study
choud,pseudo,study
greal,pseudo,study
student,real,study
nacts,pseudo,study
strat,pseudo,study
scrength,pseudo,study
trecimen,pseudo,study
thome,pseudo,study
clept,pseudo,study
clept,pseudo,study
bomb,real,study
suspect,real,study
thines,pseudo,study
lace,real,study
marriage,real,study
pives,pseudo,study
princess,real,study
shem,pseudo,study
phants,pseudo,study
coal,real,study
shem,pseudo,study
jince,pseudo,study
telp,pseudo,study
shirl,pseudo,study
brots,pseudo,study
position,real,study
hook,real,study
clars,pseudo,study
sergeant,real,study
coal,real,study
nacts,pseudo,study
fission,real,study
pights,pseudo,study
marriage,real,study
groys,pseudo,study
ginger,real,study
manager,real,study
wife,real,study
door,real,study
clars,pseudo,study
door,real,study
gath,pseudo,study
prether,pseudo,study
brots,pseudo,study
shirl,pseudo,study
stomes,pseudo,study
shin,real,study
prunk,pseudo,study
birch,real,study
suspect,real,study
veen,pseudo,study
tomorrow,real,study
zalk,pseudo,study
block,real,study
pives,pseudo,study
skarts,pseudo,study
blied,pseudo,study
tree,real,study
prunk,pseudo,study
skarts,pseudo,study
crop,real,study
gath,pseudo,study
froo,pseudo,study
audience,real,study
dream,real,study
nairs,pseudo,study
care,real,study
floor,real,study
pork,real,study
telp,pseudo,study
drum,real,study
