154,pseudo,study
133,real,study
131,real,study
99,pseudo,study
134,real,study
88,pseudo,study
190,pseudo,study
107,real,study
44,pseudo,study
50,real,study
97,pseudo,study
113,real,study
71,real,study
97,pseudo,study
239,real,study
95,real,study
226,pseudo,study
23,real,study
234,real,study
169,pseudo,study
144,real,study
87,pseudo,study
224,pseudo,study
134,real,study
165,pseudo,study
133,real,study
199,real,study
31,real,study
56,pseudo,study
226,pseudo,study
222,real,study
9,pseudo,study
129,real,study
186,pseudo,study
67,pseudo,study
232,real,study
128,pseudo,study
180,real,study
31,real,study
36,pseudo,study
96,real,study
122,pseudo,study
207,real,study
32,pseudo,study
221,real,study
144,real,study
221,real,study
222,real,study
207,real,study
48,real,study
121,real,study
214,pseudo,study
138,real,study
21,real,study
169,pseudo,study
85,pseudo,study
162,real,study
121,real,study
87,pseudo,study
32,pseudo,study
234,real,study
50,real,study
154,pseudo,study
62,real,study
185,real,study
107,pseudo,study
120,pseudo,study
127,real,study
158,real,study
69,real,study
2,real,study
160,real,study
185,real,study
239,real,study
163,pseudo,study
224,pseudo,study
2,real,study
160,real,study
183,pseudo,study
47,pseudo,study
23,real,study
64,pseudo,study
21,real,study
13,pseudo,study
128,pseudo,study
232,real,study
120,pseudo,study
135,pseudo,study
99,pseudo,study
69,real,study
52,pseudo,study
113,real,study
225,real,study
85,pseudo,study
199,real,study
7,pseudo,study
139,pseudo,study
188,real,study
62,real,study
205,real,study
48,real,study
109,pseudo,study
205,real,study
116,pseudo,study
56,pseudo,study
139,pseudo,study
36,pseudo,study
188,real,study
165,pseudo,study
89,real,study
71,real,study
122,pseudo,study
47,pseudo,study
109,pseudo,study
138,pseudo,study
20,real,study
225,real,study
67,pseudo,study
116,pseudo,study
44,pseudo,study
50,pseudo,study
200,pseudo,study
52,pseudo,study
54,pseudo,study
200,pseudo,study
96,real,study
103,pseudo,study
103,pseudo,study
180,real,study
127,real,study
28,real,study
107,pseudo,study
211,pseudo,study
135,pseudo,study
28,real,study
183,pseudo,study
211,pseudo,study
214,pseudo,study
64,pseudo,study
40,real,study
89,real,study
107,real,study
129,real,study
162,real,study
20,real,study
186,pseudo,study
50,pseudo,study
138,real,study
40,real,study
88,pseudo,study
163,pseudo,study
131,real,study
190,pseudo,study
9,pseudo,study
13,pseudo,study
138,pseudo,study
95,real,study
7,pseudo,study
158,real,study
54,pseudo,study
