196,pseudo,study
38,pseudo,study
93,pseudo,study
124,real,study
3,pseudo,study
72,real,study
200,pseudo,study
210,pseudo,study
79,real,study
122,pseudo,study
209,pseudo,study
230,real,study
191,real,study
213,pseudo,study
72,real,study
140,pseudo,study
140,pseudo,study
234,real,study
200,pseudo,study
232,pseudo,study
99,pseudo,study
40,pseudo,study
170,real,study
163,pseudo,study
2,pseudo,study
199,pseudo,study
89,pseudo,study
230,real,study
176,real,study
80,pseudo,study
168,real,study
192,real,study
230,pseudo,study
176,real,study
126,real,study
178,real,study
141,pseudo,study
33,pseudo,study
233,real,study
178,real,study
119,real,study
196,pseudo,study
158,pseudo,study
219,pseudo,study
122,pseudo,study
60,pseudo,study
209,real,study
141,pseudo,study
23,pseudo,study
85,real,study
31,real,study
87,real,study
124,real,study
140,real,study
218,real,study
85,real,study
80,pseudo,study
119,real,study
218,real,study
37,real,study
238,pseudo,study
40,pseudo,study
60,pseudo,study
234,real,study
160,pseudo,study
240,pseudo,study
236,real,study
170,real,study
209,pseudo,study
76,real,study
82,real,study
126,real,study
219,pseudo,study
12,real,study
148,pseudo,study
58,real,study
161,real,study
181,real,study
206,pseudo,study
177,real,study
205,real,study
203,real,study
106,pseudo,study
3,pseudo,study
47,pseudo,study
12,real,study
205,pseudo,study
240,pseudo,study
199,pseudo,study
123,real,study
15,pseudo,study
154,real,study
38,pseudo,study
203,real,study
93,pseudo,study
150,pseudo,study
221,pseudo,study
58,real,study
205,real,study
213,pseudo,study
84,real,study
99,pseudo,study
154,real,study
15,pseudo,study
168,real,study
147,real,study
150,pseudo,study
230,pseudo,study
224,pseudo,study
181,real,study
232,pseudo,study
73,pseudo,study
177,real,study
158,pseudo,study
61,pseudo,study
41,real,study
40,real,study
223,real,study
106,pseudo,study
33,pseudo,study
140,real,study
2,pseudo,study
206,pseudo,study
82,real,study
224,pseudo,study
238,pseudo,study
87,real,study
41,real,study
76,real,study
47,real,study
89,pseudo,study
210,pseudo,study
221,pseudo,study
163,pseudo,study
37,real,study
123,real,study
148,pseudo,study
4,pseudo,study
4,pseudo,study
61,pseudo,study
160,pseudo,study
191,real,study
31,real,study
192,real,study
26,real,study
26,real,study
79,real,study
147,real,study
233,real,study
223,real,study
209,real,study
47,real,study
40,real,study
84,real,study
73,pseudo,study
47,pseudo,study
23,pseudo,study
205,pseudo,study
161,real,study
236,real,study
