swith,pseudo,study
fear,real,study
whope,pseudo,study
whoss,pseudo,study
blass,pseudo,study
trail,real,study
demon,real,study
sived,pseudo,study
student,real,study
fass,pseudo,study
trools,pseudo,study
fren,pseudo,study
whilk,pseudo,study
smorth,pseudo,study
truce,real,study
poison,real,study
spled,pseudo,study
theer,pseudo,study
pould,pseudo,study
frince,pseudo,study
fad,real,study
nont,pseudo,study
program,real,study
wresh,pseudo,study
pitch,real,study
gnard,pseudo,study
camp,real,study
snats,pseudo,study
peck,real,study
chain,real,study
hole,real,study
thown,pseudo,study
treleton,pseudo,study
gween,pseudo,study
chorce,pseudo,study
crives,pseudo,study
frince,pseudo,study
dagger,real,study
nont,pseudo,study
hole,real,study
suspect,real,study
facks,pseudo,study
zip,real,study
corner,real,study
purpose,real,study
cloose,pseudo,study
shoe,real,study
whope,pseudo,study
crust,real,study
thown,pseudo,study
gween,pseudo,study
firm,real,study
tract,real,study
phrise,pseudo,study
thite,pseudo,study
treleton,pseudo,study
trial,real,study
shack,real,study
shack,real,study
wuite,pseudo,study
drist,pseudo,study
poison,real,study
thome,pseudo,study
wresh,pseudo,study
snats,pseudo,study
program,real,study
patient,real,study
spled,pseudo,study
trial,real,study
flinness,pseudo,study
peck,real,study
student,real,study
demon,real,study
whilk,pseudo,study
rocket,real,study
frawn,pseudo,study
crives,pseudo,study
ginds,pseudo,study
police,real,study
half,real,study
restaurant,real,study
gnard,pseudo,study
peach,real,study
bead,real,study
half,real,study
wuite,pseudo,study
concert,real,study
theer,pseudo,study
language,real,study
nuse,pseudo,study
chain,real,study
dagger,real,study
thite,pseudo,study
phrise,pseudo,study
mees,pseudo,study
swith,pseudo,study
inniberal,pseudo,study
frost,real,study
trools,pseudo,study
pitch,real,study
concert,real,study
troes,pseudo,study
truce,real,study
drist,pseudo,study
ginds,pseudo,study
meat,real,study
rocket,real,study
lust,real,study
pould,pseudo,study
sived,pseudo,study
corner,real,study
cloose,pseudo,study
troes,pseudo,study
skrong,pseudo,study
vense,pseudo,study
firm,real,study
police,real,study
skrong,pseudo,study
longuisher,pseudo,study
suspect,real,study
blass,pseudo,study
tract,real,study
license,real,study
crust,real,study
chorce,pseudo,study
daughter,real,study
inniberal,pseudo,study
anybody,real,study
thome,pseudo,study
fad,real,study
restaurant,real,study
license,real,study
bead,real,study
frost,real,study
patient,real,study
officer,real,study
meat,real,study
longuisher,pseudo,study
whoss,pseudo,study
mees,pseudo,study
smorth,pseudo,study
officer,real,study
zip,real,study
purpose,real,study
fear,real,study
frawn,pseudo,study
vense,pseudo,study
flinness,pseudo,study
nuse,pseudo,study
anybody,real,study
lust,real,study
language,real,study
trail,real,study
fren,pseudo,study
camp,real,study
facks,pseudo,study
fass,pseudo,study
daughter,real,study
peach,real,study
shoe,real,study
