neast,pseudo,study
gentleman,real,study
colour,real,study
cable,real,study
death,real,study
plales,pseudo,study
sich,pseudo,study
crurch,pseudo,study
spones,pseudo,study
prounds,pseudo,study
interest,real,study
sail,real,study
base,real,study
zount,pseudo,study
bud,real,study
date,real,study
dralactite,pseudo,study
target,real,study
zount,pseudo,study
mask,real,study
bathroom,real,study
prease,pseudo,study
arrailig,pseudo,study
bell,real,study
sheriff,real,study
spones,pseudo,study
slit,real,study
shreet,pseudo,study
twan,pseudo,study
promise,real,study
base,real,study
plense,pseudo,study
evidence,real,study
sich,pseudo,study
evidence,real,study
mask,real,study
block,real,study
thich,pseudo,study
bolt,real,study
target,real,study
phrass,pseudo,study
thich,pseudo,study
prether,pseudo,study
audience,real,study
floth,pseudo,study
swene,pseudo,study
pork,real,study
song,real,study
nacts,pseudo,study
harp,real,study
prunk,pseudo,study
song,real,study
bolt,real,study
poker,real,study
wind,real,study
test,real,study
dralactite,pseudo,study
doll,real,study
test,real,study
opinion,real,study
phote,pseudo,study
bell,real,study
audience,real,study
rink,real,study
slit,real,study
stould,pseudo,study
pength,pseudo,study
promise,real,study
chess,real,study
stinds,pseudo,study
pork,real,study
swest,pseudo,study
pength,pseudo,study
shreet,pseudo,study
professor,real,study
flench,pseudo,study
attliction,pseudo,study
professor,real,study
skreets,pseudo,study
nacts,pseudo,study
colour,real,study
wind,real,study
wroke,pseudo,study
community,real,study
soy,real,study
neast,pseudo,study
phrass,pseudo,study
prunk,pseudo,study
cone,real,study
boose,pseudo,study
gentleman,real,study
rink,real,study
tham,pseudo,study
opinion,real,study
bastard,real,study
date,real,study
krench,pseudo,study
sin,real,study
krey,pseudo,study
bastard,real,study
prease,pseudo,study
cable,real,study
plales,pseudo,study
bathroom,real,study
wroke,pseudo,study
eye,real,study
degs,pseudo,study
bud,real,study
sheriff,real,study
poker,real,study
floth,pseudo,study
dreptical,pseudo,study
trings,pseudo,study
felse,pseudo,study
river,real,study
pair,real,study
interest,real,study
skreets,pseudo,study
crurch,pseudo,study
prether,pseudo,study
phote,pseudo,study
trings,pseudo,study
scrength,pseudo,study
chess,real,study
krench,pseudo,study
doll,real,study
community,real,study
pruit,pseudo,study
block,real,study
flench,pseudo,study
jend,pseudo,study
percent,real,study
boose,pseudo,study
plense,pseudo,study
jend,pseudo,study
death,real,study
arrailig,pseudo,study
harp,real,study
tham,pseudo,study
eye,real,study
scrength,pseudo,study
prounds,pseudo,study
sail,real,study
degs,pseudo,study
swest,pseudo,study
soy,real,study
pruit,pseudo,study
swene,pseudo,study
attliction,pseudo,study
twan,pseudo,study
stould,pseudo,study
felse,pseudo,study
percent,real,study
stinds,pseudo,study
dreptical,pseudo,study
krey,pseudo,study
pair,real,study
cone,real,study
sin,real,study
river,real,study
