142,pseudo,study
145,pseudo,study
197,pseudo,study
31,real,study
28,pseudo,study
185,real,study
182,pseudo,study
205,real,study
170,pseudo,study
92,real,study
51,pseudo,study
70,pseudo,study
191,real,study
70,pseudo,study
122,pseudo,study
43,pseudo,study
71,real,study
206,pseudo,study
104,pseudo,study
24,real,study
138,pseudo,study
155,pseudo,study
226,pseudo,study
222,real,study
28,real,study
60,real,study
118,real,study
142,real,study
106,real,study
237,pseudo,study
82,real,study
233,pseudo,study
43,pseudo,study
191,real,study
234,real,study
32,pseudo,study
7,real,study
234,real,study
135,pseudo,study
138,real,study
142,real,study
235,pseudo,study
92,real,study
82,real,study
58,pseudo,study
167,pseudo,study
84,real,study
231,real,study
39,real,study
16,pseudo,study
169,real,study
148,real,study
31,real,study
169,real,study
58,pseudo,study
153,real,study
84,real,study
6,real,study
32,pseudo,study
155,pseudo,study
145,pseudo,study
15,real,study
170,pseudo,study
129,real,study
7,real,study
176,real,study
231,real,study
20,real,study
197,real,study
68,real,study
33,pseudo,study
118,real,study
15,pseudo,study
7,pseudo,study
122,pseudo,study
148,real,study
163,pseudo,study
79,real,study
21,pseudo,study
48,pseudo,study
168,pseudo,study
180,pseudo,study
68,real,study
80,pseudo,study
163,pseudo,study
108,pseudo,study
51,pseudo,study
176,real,study
25,real,study
108,pseudo,study
116,pseudo,study
60,real,study
40,pseudo,study
219,real,study
79,real,study
224,real,study
28,pseudo,study
72,real,study
80,pseudo,study
219,real,study
235,pseudo,study
110,pseudo,study
6,real,study
197,pseudo,study
184,real,study
138,real,study
7,pseudo,study
185,real,study
33,pseudo,study
157,pseudo,study
180,pseudo,study
110,pseudo,study
54,pseudo,study
205,real,study
222,real,study
118,pseudo,study
153,real,study
237,pseudo,study
226,pseudo,study
106,real,study
142,pseudo,study
129,real,study
21,pseudo,study
28,real,study
48,pseudo,study
206,pseudo,study
15,real,study
157,pseudo,study
131,real,study
188,pseudo,study
85,real,study
72,real,study
182,pseudo,study
224,real,study
118,pseudo,study
168,pseudo,study
116,pseudo,study
39,real,study
197,real,study
131,real,study
15,pseudo,study
40,pseudo,study
20,real,study
24,real,study
188,pseudo,study
25,real,study
233,pseudo,study
34,real,study
138,pseudo,study
135,pseudo,study
167,pseudo,study
34,real,study
16,pseudo,study
54,pseudo,study
184,real,study
85,real,study
104,pseudo,study
113,real,study
113,real,study
71,real,study
