194,pseudo,study
108,real,study
86,pseudo,study
72,real,study
77,pseudo,study
115,real,study
42,pseudo,study
151,pseudo,study
93,pseudo,study
106,pseudo,study
213,real,study
132,real,study
232,pseudo,study
32,real,study
23,real,study
185,real,study
237,pseudo,study
9,real,study
181,real,study
106,pseudo,study
174,pseudo,study
202,real,study
26,pseudo,study
189,pseudo,study
49,real,study
75,pseudo,study
197,real,study
69,real,study
109,pseudo,study
116,real,study
41,pseudo,study
129,pseudo,study
2,pseudo,study
164,pseudo,study
122,pseudo,study
74,pseudo,study
51,pseudo,study
26,pseudo,study
102,real,study
188,pseudo,study
116,real,study
187,real,study
227,real,study
185,real,study
183,real,study
212,real,study
44,pseudo,study
87,real,study
69,real,study
44,pseudo,study
77,pseudo,study
112,real,study
221,pseudo,study
74,pseudo,study
32,real,study
233,pseudo,study
204,real,study
233,pseudo,study
67,real,study
124,real,study
163,pseudo,study
51,pseudo,study
217,real,study
72,real,study
121,real,study
109,real,study
213,real,study
109,real,study
31,real,study
55,pseudo,study
207,pseudo,study
62,real,study
237,pseudo,study
43,real,study
73,real,study
65,pseudo,study
167,pseudo,study
159,pseudo,study
212,real,study
121,real,study
49,real,study
81,real,study
209,real,study
115,pseudo,study
2,pseudo,study
188,pseudo,study
111,real,study
235,real,study
25,pseudo,study
124,real,study
217,real,study
111,real,study
115,real,study
9,real,study
75,pseudo,study
34,real,study
73,real,study
49,pseudo,study
25,pseudo,study
34,real,study
49,pseudo,study
109,pseudo,study
43,real,study
88,real,study
154,pseudo,study
41,pseudo,study
108,real,study
238,pseudo,study
221,pseudo,study
189,pseudo,study
87,real,study
209,real,study
132,real,study
117,real,study
164,pseudo,study
197,real,study
154,pseudo,study
23,real,study
117,real,study
232,pseudo,study
227,real,study
151,pseudo,study
207,pseudo,study
202,real,study
65,pseudo,study
42,pseudo,study
55,pseudo,study
81,real,study
238,pseudo,study
159,pseudo,study
115,pseudo,study
201,pseudo,study
82,pseudo,study
235,real,study
122,pseudo,study
88,real,study
93,pseudo,study
15,pseudo,study
86,pseudo,study
17,real,study
201,pseudo,study
167,pseudo,study
163,pseudo,study
17,real,study
82,pseudo,study
31,real,study
129,pseudo,study
47,pseudo,study
183,real,study
15,pseudo,study
112,real,study
67,real,study
194,pseudo,study
204,real,study
62,real,study
187,real,study
47,pseudo,study
181,real,study
174,pseudo,study
102,real,study
