stinds,pseudo,study
door,real,study
picture,real,study
quarter,real,study
cable,real,study
interest,real,study
mart,real,study
dorth,pseudo,study
grive,pseudo,study
nairs,pseudo,study
dreril,pseudo,study
otterings,pseudo,study
colour,real,study
snells,pseudo,study
half,real,study
freeze,real,study
project,real,study
change,real,study
skreets,pseudo,study
arrenuate,pseudo,study
swars,pseudo,study
stinds,pseudo,study
fren,pseudo,study
voved,pseudo,study
yeave,pseudo,study
community,real,study
vorse,pseudo,study
skreets,pseudo,study
hank,real,study
health,real,study
shack,real,study
pope,real,study
guy,real,study
sived,pseudo,study
sived,pseudo,study
wroke,pseudo,study
ginds,pseudo,study
tomorrow,real,study
swars,pseudo,study
clief,pseudo,study
bleast,pseudo,study
dralactite,pseudo,study
emergency,real,study
pope,real,study
chicken,real,study
tomorrow,real,study
voved,pseudo,study
tract,real,study
phrise,pseudo,study
fratements,pseudo,study
dose,real,study
health,real,study
dreril,pseudo,study
freeze,real,study
arrenuate,pseudo,study
dralactite,pseudo,study
cable,real,study
sire,real,study
practice,real,study
frince,pseudo,study
picture,real,study
rords,pseudo,study
dose,real,study
project,real,study
date,real,study
community,real,study
spords,pseudo,study
trour,pseudo,study
opinion,real,study
vorse,pseudo,study
breakfast,real,study
yeave,pseudo,study
bleast,pseudo,study
wroke,pseudo,study
cone,real,study
crell,pseudo,study
frince,pseudo,study
nis,pseudo,study
tract,real,study
rords,pseudo,study
cat,real,study
taid,pseudo,study
blied,pseudo,study
cat,real,study
scruck,pseudo,study
cone,real,study
ginds,pseudo,study
pike,real,study
glasses,real,study
torch,real,study
states,real,study
frars,pseudo,study
half,real,study
date,real,study
torch,real,study
wuite,pseudo,study
peads,pseudo,study
practice,real,study
shroad,pseudo,study
crallow,pseudo,study
coal,real,study
pike,real,study
scrength,pseudo,study
chicken,real,study
lace,real,study
crell,pseudo,study
glasses,real,study
fren,pseudo,study
swene,pseudo,study
frars,pseudo,study
situation,real,study
peck,real,study
guy,real,study
grive,pseudo,study
emergency,real,study
otterings,pseudo,study
peads,pseudo,study
shroad,pseudo,study
program,real,study
change,real,study
breakfast,real,study
colour,real,study
interest,real,study
drowblin,pseudo,study
drowblin,pseudo,study
snells,pseudo,study
taid,pseudo,study
states,real,study
quarter,real,study
coal,real,study
lace,real,study
phrise,pseudo,study
door,real,study
sire,real,study
swest,pseudo,study
wuite,pseudo,study
situation,real,study
lore,real,study
crallow,pseudo,study
nis,pseudo,study
lore,real,study
mart,real,study
nairs,pseudo,study
opinion,real,study
clief,pseudo,study
scrength,pseudo,study
program,real,study
doe,real,study
peck,real,study
scruck,pseudo,study
spords,pseudo,study
hank,real,study
fratements,pseudo,study
trour,pseudo,study
swene,pseudo,study
swest,pseudo,study
blied,pseudo,study
shack,real,study
dorth,pseudo,study
doe,real,study
