phream,pseudo,study
chain,real,study
accident,real,study
gomes,pseudo,study
filtraneon,pseudo,study
trial,real,study
rush,real,study
mule,real,study
crust,real,study
yats,pseudo,study
harp,real,study
stould,pseudo,study
shore,real,study
thines,pseudo,study
dreptical,pseudo,study
phrass,pseudo,study
groys,pseudo,study
shandstand,pseudo,study
chess,real,study
dream,real,study
zands,pseudo,study
magazine,real,study
thown,pseudo,study
zands,pseudo,study
brinds,pseudo,study
thown,pseudo,study
midnight,real,study
stould,pseudo,study
neld,pseudo,study
rush,real,study
wash,real,study
nurse,real,study
strope,pseudo,study
facks,pseudo,study
yoke,real,study
monster,real,study
cleep,pseudo,study
harp,real,study
crives,pseudo,study
birch,real,study
bolt,real,study
account,real,study
base,real,study
feed,real,study
meems,pseudo,study
seam,real,study
crust,real,study
number,real,study
fold,real,study
plood,pseudo,study
thines,pseudo,study
river,real,study
wash,real,study
whoss,pseudo,study
crallest,pseudo,study
trial,real,study
crallest,pseudo,study
sneep,pseudo,study
facks,pseudo,study
crase,pseudo,study
hole,real,study
rent,real,study
sin,real,study
smise,pseudo,study
tocks,pseudo,study
phream,pseudo,study
phants,pseudo,study
meat,real,study
mule,real,study
blourig,pseudo,study
midnight,real,study
president,real,study
treleton,pseudo,study
pair,real,study
miracle,real,study
crives,pseudo,study
percent,real,study
river,real,study
pair,real,study
rent,real,study
plood,pseudo,study
sneep,pseudo,study
gath,pseudo,study
birch,real,study
dreptical,pseudo,study
accident,real,study
tree,real,study
nurse,real,study
filtraneon,pseudo,study
strope,pseudo,study
meat,real,study
shandstand,pseudo,study
miracle,real,study
stitch,real,study
dinner,real,study
chain,real,study
thich,pseudo,study
feed,real,study
tree,real,study
vallisit,pseudo,study
pruit,pseudo,study
floth,pseudo,study
monster,real,study
fold,real,study
zip,real,study
phants,pseudo,study
shore,real,study
skarts,pseudo,study
smise,pseudo,study
stitch,real,study
skarts,pseudo,study
base,real,study
pruit,pseudo,study
number,real,study
seam,real,study
toast,real,study
bud,real,study
floth,pseudo,study
groys,pseudo,study
sin,real,study
yats,pseudo,study
meems,pseudo,study
neld,pseudo,study
firm,real,study
dountian,pseudo,study
firm,real,study
dream,real,study
crase,pseudo,study
tourse,pseudo,study
whoss,pseudo,study
toast,real,study
thich,pseudo,study
tocks,pseudo,study
twade,pseudo,study
yoke,real,study
percent,real,study
dountian,pseudo,study
twade,pseudo,study
dinner,real,study
magazine,real,study
zip,real,study
brinds,pseudo,study
stass,pseudo,study
vallisit,pseudo,study
stass,pseudo,study
shees,pseudo,study
gomes,pseudo,study
shees,pseudo,study
cleep,pseudo,study
phrass,pseudo,study
tourse,pseudo,study
gath,pseudo,study
treleton,pseudo,study
bolt,real,study
chess,real,study
blourig,pseudo,study
account,real,study
president,real,study
bud,real,study
hole,real,study
