159,real,study
11,pseudo,study
22,pseudo,study
132,real,study
72,pseudo,study
238,pseudo,study
50,real,study
150,pseudo,study
170,real,study
157,real,study
78,real,study
37,pseudo,study
53,real,study
35,pseudo,study
227,pseudo,study
98,real,study
190,pseudo,study
232,real,study
231,pseudo,study
226,pseudo,study
34,real,study
49,real,study
10,real,study
6,pseudo,study
129,pseudo,study
17,real,study
129,real,study
22,pseudo,study
34,real,study
54,pseudo,study
179,pseudo,study
30,pseudo,study
11,real,study
115,real,study
50,real,study
194,pseudo,study
129,real,study
226,pseudo,study
151,real,study
198,pseudo,study
69,pseudo,study
11,real,study
234,real,study
16,pseudo,study
111,pseudo,study
65,pseudo,study
70,pseudo,study
206,real,study
151,real,study
157,real,study
54,real,study
30,pseudo,study
190,pseudo,study
102,real,study
80,real,study
123,pseudo,study
16,pseudo,study
194,pseudo,study
112,pseudo,study
231,pseudo,study
5,pseudo,study
129,pseudo,study
122,pseudo,study
232,real,study
141,real,study
170,real,study
69,pseudo,study
8,real,study
54,pseudo,study
199,pseudo,study
65,pseudo,study
239,pseudo,study
6,pseudo,study
67,pseudo,study
102,pseudo,study
66,real,study
176,real,study
122,pseudo,study
234,real,study
123,pseudo,study
103,pseudo,study
120,real,study
10,real,study
169,pseudo,study
132,real,study
212,real,study
120,real,study
192,real,study
188,real,study
220,pseudo,study
78,real,study
54,real,study
195,real,study
70,pseudo,study
198,pseudo,study
67,pseudo,study
206,real,study
5,pseudo,study
225,real,study
1,real,study
99,real,study
179,pseudo,study
66,real,study
118,pseudo,study
239,pseudo,study
102,pseudo,study
199,pseudo,study
80,pseudo,study
238,pseudo,study
77,pseudo,study
17,real,study
72,pseudo,study
118,pseudo,study
220,pseudo,study
98,real,study
150,pseudo,study
115,real,study
37,pseudo,study
103,pseudo,study
169,pseudo,study
141,real,study
80,pseudo,study
80,real,study
130,real,study
225,real,study
155,real,study
192,real,study
188,real,study
222,real,study
146,real,study
132,pseudo,study
132,pseudo,study
49,real,study
77,real,study
130,real,study
155,real,study
111,pseudo,study
26,real,study
222,real,study
176,real,study
102,real,study
8,real,study
146,real,study
53,real,study
15,pseudo,study
42,pseudo,study
35,pseudo,study
99,real,study
42,pseudo,study
11,pseudo,study
1,real,study
26,real,study
195,real,study
212,real,study
227,pseudo,study
77,real,study
112,pseudo,study
159,real,study
77,pseudo,study
15,pseudo,study
