137,pseudo,study
198,real,study
111,real,study
153,pseudo,study
153,pseudo,study
192,pseudo,study
57,real,study
21,pseudo,study
48,pseudo,study
136,real,study
135,pseudo,study
29,real,study
19,real,study
137,pseudo,study
4,pseudo,study
57,pseudo,study
155,pseudo,study
147,real,study
145,pseudo,study
103,real,study
149,pseudo,study
122,pseudo,study
31,pseudo,study
235,real,study
135,pseudo,study
69,pseudo,study
120,real,study
110,real,study
52,real,study
127,real,study
151,real,study
22,real,study
50,real,study
224,pseudo,study
238,pseudo,study
123,pseudo,study
5,pseudo,study
204,pseudo,study
192,pseudo,study
184,real,study
79,real,study
125,pseudo,study
29,pseudo,study
11,pseudo,study
5,pseudo,study
122,pseudo,study
38,real,study
83,real,study
206,pseudo,study
12,real,study
191,pseudo,study
108,real,study
208,pseudo,study
224,pseudo,study
123,pseudo,study
45,real,study
57,pseudo,study
182,pseudo,study
6,pseudo,study
65,real,study
208,pseudo,study
191,pseudo,study
166,pseudo,study
197,real,study
28,pseudo,study
127,real,study
236,real,study
166,pseudo,study
175,real,study
134,pseudo,study
136,real,study
108,real,study
33,real,study
144,real,study
174,pseudo,study
69,pseudo,study
220,pseudo,study
134,pseudo,study
38,real,study
120,real,study
29,pseudo,study
86,pseudo,study
5,real,study
105,pseudo,study
213,pseudo,study
103,real,study
198,real,study
27,real,study
155,pseudo,study
175,real,study
213,pseudo,study
86,pseudo,study
49,pseudo,study
144,real,study
182,pseudo,study
50,real,study
125,pseudo,study
22,real,study
79,real,study
157,real,study
111,real,study
47,pseudo,study
232,pseudo,study
12,real,study
21,pseudo,study
184,real,study
118,pseudo,study
57,real,study
19,real,study
6,pseudo,study
236,real,study
33,real,study
197,real,study
149,pseudo,study
116,real,study
187,real,study
187,real,study
5,real,study
176,real,study
11,pseudo,study
39,real,study
238,pseudo,study
232,pseudo,study
118,pseudo,study
65,real,study
206,pseudo,study
39,real,study
204,pseudo,study
29,real,study
27,real,study
151,real,study
217,real,study
106,real,study
106,real,study
52,real,study
28,pseudo,study
145,pseudo,study
157,real,study
127,pseudo,study
86,real,study
235,real,study
105,pseudo,study
127,pseudo,study
196,real,study
147,real,study
110,real,study
4,pseudo,study
217,real,study
49,pseudo,study
31,pseudo,study
48,pseudo,study
174,pseudo,study
83,real,study
47,pseudo,study
220,pseudo,study
176,real,study
86,real,study
45,real,study
196,real,study
116,real,study
