forge,real,study
veen,pseudo,study
thome,pseudo,study
spept,pseudo,study
test,real,study
groys,pseudo,study
release,real,study
feed,real,study
van,real,study
glear,pseudo,study
nurse,real,study
jury,real,study
gween,pseudo,study
eye,real,study
groys,pseudo,study
bleast,pseudo,study
spice,real,study
test,real,study
phall,pseudo,study
rirls,pseudo,study
splim,pseudo,study
husband,real,study
gween,pseudo,study
tiss,pseudo,study
flight,real,study
accident,real,study
phall,pseudo,study
process,real,study
eye,real,study
trools,pseudo,study
leg,real,study
swith,pseudo,study
prile,pseudo,study
altitude,real,study
wuite,pseudo,study
coal,real,study
picture,real,study
level,real,study
wash,real,study
shroad,pseudo,study
accident,real,study
dune,real,study
magazine,real,study
states,real,study
ratio,real,study
grive,pseudo,study
veen,pseudo,study
wosts,pseudo,study
fountain,real,study
thome,pseudo,study
rirls,pseudo,study
tith,pseudo,study
altitude,real,study
spraw,pseudo,study
release,real,study
spice,real,study
nairs,pseudo,study
sire,real,study
ratio,real,study
meat,real,study
nairs,pseudo,study
van,real,study
coal,real,study
stips,pseudo,study
flight,real,study
nones,pseudo,study
yared,pseudo,study
grive,pseudo,study
magazine,real,study
project,real,study
tiss,pseudo,study
skreets,pseudo,study
husband,real,study
dunch,pseudo,study
block,real,study
door,real,study
motel,real,study
crown,real,study
swean,pseudo,study
block,real,study
chould,pseudo,study
stips,pseudo,study
spept,pseudo,study
zalk,pseudo,study
picture,real,study
dunch,pseudo,study
tregs,pseudo,study
prile,pseudo,study
skreets,pseudo,study
process,real,study
dorld,pseudo,study
rush,real,study
leg,real,study
giles,pseudo,study
grectral,pseudo,study
sire,real,study
taid,pseudo,study
chould,pseudo,study
language,real,study
splim,pseudo,study
trools,pseudo,study
tocks,pseudo,study
level,real,study
professor,real,study
taid,pseudo,study
tregs,pseudo,study
choth,pseudo,study
president,real,study
nones,pseudo,study
professor,real,study
tith,pseudo,study
swean,pseudo,study
bit,real,study
fountain,real,study
boose,pseudo,study
director,real,study
dorld,pseudo,study
nurse,real,study
tocks,pseudo,study
dune,real,study
gill,real,study
grectral,pseudo,study
pange,pseudo,study
wash,real,study
language,real,study
mesh,real,study
choth,pseudo,study
president,real,study
jury,real,study
spraw,pseudo,study
cise,pseudo,study
boose,pseudo,study
blark,pseudo,study
pange,pseudo,study
bunk,real,study
swith,pseudo,study
rush,real,study
bunk,real,study
motel,real,study
wosts,pseudo,study
gill,real,study
states,real,study
wuite,pseudo,study
bleast,pseudo,study
mesh,real,study
shroad,pseudo,study
bit,real,study
forge,real,study
meat,real,study
crown,real,study
feed,real,study
door,real,study
project,real,study
yared,pseudo,study
giles,pseudo,study
glear,pseudo,study
cise,pseudo,study
director,real,study
blark,pseudo,study
zalk,pseudo,study
