borms,pseudo,study
voved,pseudo,study
swort,pseudo,study
brinds,pseudo,study
fight,real,study
pruit,pseudo,study
pength,pseudo,study
phream,pseudo,study
camp,real,study
trings,pseudo,study
prave,pseudo,study
percent,real,study
cruth,pseudo,study
yats,pseudo,study
ginds,pseudo,study
harp,real,study
colour,real,study
shreet,pseudo,study
creer,pseudo,study
nuse,pseudo,study
wind,real,study
jouse,pseudo,study
theer,pseudo,study
theer,pseudo,study
giant,real,study
brinds,pseudo,study
bolt,real,study
woice,pseudo,study
community,real,study
camp,real,study
sergeant,real,study
gomes,pseudo,study
fren,pseudo,study
neast,pseudo,study
percent,real,study
plate,real,study
troat,pseudo,study
gown,real,study
machine,real,study
grix,pseudo,study
prether,pseudo,study
borms,pseudo,study
prave,pseudo,study
harp,real,study
anybody,real,study
sergeant,real,study
twose,pseudo,study
prayer,real,study
abbunition,pseudo,study
dagger,real,study
pruit,pseudo,study
trial,real,study
bolt,real,study
health,real,study
giant,real,study
tract,real,study
demon,real,study
pope,real,study
demon,real,study
troat,pseudo,study
pength,pseudo,study
condition,real,study
prayer,real,study
mees,pseudo,study
blied,pseudo,study
base,real,study
peck,real,study
plate,real,study
doll,real,study
bullet,real,study
abbunition,pseudo,study
froud,pseudo,study
massage,real,study
shirl,pseudo,study
twose,pseudo,study
wind,real,study
otterings,pseudo,study
bell,real,study
froud,pseudo,study
fad,real,study
ginds,pseudo,study
juns,pseudo,study
diet,real,study
trial,real,study
cruth,pseudo,study
position,real,study
base,real,study
someone,real,study
plood,pseudo,study
prether,pseudo,study
pope,real,study
peck,real,study
position,real,study
restaurant,real,study
grix,pseudo,study
bullet,real,study
krey,pseudo,study
massage,real,study
troes,pseudo,study
machine,real,study
wig,real,study
condition,real,study
fight,real,study
flench,pseudo,study
mees,pseudo,study
yates,pseudo,study
trings,pseudo,study
tract,real,study
slen,pseudo,study
colour,real,study
smeed,pseudo,study
gown,real,study
woice,pseudo,study
frost,real,study
wig,real,study
diet,real,study
rink,real,study
swort,pseudo,study
fad,real,study
anybody,real,study
fren,pseudo,study
voved,pseudo,study
someone,real,study
phream,pseudo,study
shreet,pseudo,study
hole,real,study
plood,pseudo,study
smise,pseudo,study
jouse,pseudo,study
frost,real,study
date,real,study
blied,pseudo,study
community,real,study
yats,pseudo,study
flench,pseudo,study
creer,pseudo,study
troes,pseudo,study
mask,real,study
doll,real,study
dagger,real,study
lore,real,study
krey,pseudo,study
slen,pseudo,study
nuse,pseudo,study
otterings,pseudo,study
smeed,pseudo,study
yates,pseudo,study
health,real,study
date,real,study
gomes,pseudo,study
bell,real,study
lore,real,study
mask,real,study
rink,real,study
juns,pseudo,study
shirl,pseudo,study
neast,pseudo,study
hole,real,study
smise,pseudo,study
restaurant,real,study
