129,pseudo,study
41,real,study
91,pseudo,study
225,pseudo,study
206,real,study
204,pseudo,study
127,real,study
98,real,study
15,real,study
89,pseudo,study
38,real,study
83,pseudo,study
164,pseudo,study
122,pseudo,study
85,pseudo,study
14,real,study
199,real,study
25,pseudo,study
80,pseudo,study
179,real,study
92,real,study
6,real,study
120,real,study
13,real,study
67,pseudo,study
40,real,study
169,real,study
15,real,study
124,real,study
123,real,study
146,pseudo,study
85,real,study
239,real,study
129,pseudo,study
23,pseudo,study
65,real,study
193,real,study
143,pseudo,study
124,pseudo,study
40,real,study
14,real,study
239,real,study
128,pseudo,study
67,pseudo,study
89,pseudo,study
87,real,study
233,pseudo,study
92,real,study
41,pseudo,study
55,real,study
87,real,study
169,real,study
124,pseudo,study
135,pseudo,study
236,pseudo,study
103,real,study
184,real,study
106,pseudo,study
153,real,study
199,real,study
229,pseudo,study
188,pseudo,study
13,real,study
185,real,study
43,real,study
149,real,study
108,pseudo,study
236,real,study
91,pseudo,study
191,real,study
152,pseudo,study
118,pseudo,study
55,real,study
152,pseudo,study
98,real,study
65,real,study
45,pseudo,study
93,pseudo,study
236,pseudo,study
99,pseudo,study
165,real,study
154,pseudo,study
221,real,study
226,real,study
135,pseudo,study
28,real,study
149,real,study
236,real,study
179,pseudo,study
184,real,study
105,pseudo,study
106,pseudo,study
85,pseudo,study
126,pseudo,study
118,pseudo,study
218,pseudo,study
121,real,study
25,pseudo,study
136,pseudo,study
143,pseudo,study
204,real,study
120,pseudo,study
93,pseudo,study
218,pseudo,study
204,real,study
43,real,study
123,real,study
211,pseudo,study
221,real,study
121,real,study
127,real,study
179,real,study
205,pseudo,study
154,pseudo,study
211,pseudo,study
191,real,study
45,pseudo,study
196,real,study
136,pseudo,study
41,pseudo,study
146,pseudo,study
188,pseudo,study
124,real,study
226,real,study
85,real,study
126,pseudo,study
105,pseudo,study
120,real,study
108,pseudo,study
185,real,study
128,pseudo,study
164,pseudo,study
38,real,study
29,real,study
83,pseudo,study
28,real,study
204,pseudo,study
51,real,study
29,real,study
103,real,study
80,pseudo,study
41,real,study
99,pseudo,study
120,pseudo,study
229,pseudo,study
51,real,study
233,pseudo,study
205,pseudo,study
193,real,study
179,pseudo,study
145,pseudo,study
196,real,study
6,real,study
145,pseudo,study
122,pseudo,study
23,pseudo,study
225,pseudo,study
165,real,study
206,real,study
153,real,study
