153,pseudo,study
139,real,study
58,pseudo,study
173,real,study
120,real,study
102,real,study
167,pseudo,study
78,real,study
179,real,study
161,real,study
220,real,study
120,real,study
154,real,study
206,pseudo,study
154,pseudo,study
223,real,study
240,pseudo,study
140,pseudo,study
169,pseudo,study
59,pseudo,study
67,real,study
100,real,study
33,pseudo,study
98,pseudo,study
33,pseudo,study
7,real,study
121,real,study
222,pseudo,study
67,real,study
50,pseudo,study
132,pseudo,study
153,pseudo,study
40,pseudo,study
15,pseudo,study
71,pseudo,study
181,real,study
238,real,study
117,real,study
32,pseudo,study
237,real,study
133,real,study
133,real,study
181,real,study
59,pseudo,study
206,pseudo,study
45,pseudo,study
121,real,study
65,pseudo,study
170,pseudo,study
149,pseudo,study
44,real,study
80,pseudo,study
158,pseudo,study
182,real,study
219,real,study
205,pseudo,study
166,pseudo,study
91,real,study
221,pseudo,study
220,pseudo,study
237,real,study
107,pseudo,study
211,pseudo,study
115,real,study
85,real,study
189,pseudo,study
211,pseudo,study
149,pseudo,study
78,pseudo,study
147,pseudo,study
220,pseudo,study
7,real,study
158,pseudo,study
203,real,study
169,pseudo,study
65,pseudo,study
66,real,study
40,pseudo,study
50,real,study
85,real,study
234,real,study
115,real,study
224,real,study
15,pseudo,study
134,pseudo,study
176,real,study
179,real,study
161,real,study
46,real,study
18,real,study
142,real,study
58,pseudo,study
100,real,study
140,pseudo,study
123,real,study
156,pseudo,study
134,pseudo,study
34,real,study
150,pseudo,study
203,real,study
214,real,study
240,pseudo,study
67,pseudo,study
219,real,study
163,real,study
189,pseudo,study
163,real,study
32,pseudo,study
34,real,study
50,real,study
234,real,study
154,real,study
142,real,study
173,real,study
223,real,study
78,real,study
71,pseudo,study
18,real,study
176,real,study
150,pseudo,study
131,pseudo,study
139,real,study
166,pseudo,study
154,pseudo,study
50,pseudo,study
100,pseudo,study
214,real,study
182,real,study
45,pseudo,study
66,real,study
107,pseudo,study
220,real,study
102,real,study
78,pseudo,study
131,pseudo,study
205,pseudo,study
222,pseudo,study
123,real,study
67,pseudo,study
224,real,study
80,pseudo,study
46,real,study
27,pseudo,study
100,pseudo,study
167,pseudo,study
27,pseudo,study
132,pseudo,study
44,real,study
63,real,study
4,real,study
170,pseudo,study
117,real,study
238,real,study
63,real,study
4,real,study
91,real,study
221,pseudo,study
156,pseudo,study
98,pseudo,study
147,pseudo,study
