bunk,real,study
treleton,pseudo,study
stinds,pseudo,study
practice,real,study
practice,real,study
bang,real,study
hole,real,study
slen,pseudo,study
truce,real,study
chocolate,real,study
crime,real,study
spept,pseudo,study
rink,real,study
dorth,pseudo,study
smise,pseudo,study
stass,pseudo,study
swith,pseudo,study
choth,pseudo,study
manager,real,study
chess,real,study
lust,real,study
jince,pseudo,study
ginger,real,study
soldier,real,study
yoke,real,study
jury,real,study
anybody,real,study
stinds,pseudo,study
mint,real,study
torch,real,study
smeed,pseudo,study
pike,real,study
choud,pseudo,study
brinds,pseudo,study
spept,pseudo,study
attliction,pseudo,study
yoke,real,study
splangle,pseudo,study
grectral,pseudo,study
dose,real,study
jince,pseudo,study
thite,pseudo,study
pights,pseudo,study
shance,pseudo,study
chess,real,study
blark,pseudo,study
pleasure,real,study
lust,real,study
thite,pseudo,study
shape,real,study
treleton,pseudo,study
stitch,real,study
shance,pseudo,study
gween,pseudo,study
blark,pseudo,study
congruoat,pseudo,study
vense,pseudo,study
stitch,real,study
pope,real,study
pot,real,study
soldier,real,study
bang,real,study
strope,pseudo,study
fear,real,study
wames,pseudo,study
pope,real,study
smeed,pseudo,study
ginger,real,study
whope,pseudo,study
torch,real,study
pike,real,study
nacts,pseudo,study
null,real,study
pleaties,pseudo,study
target,real,study
whope,pseudo,study
sire,real,study
pights,pseudo,study
vense,pseudo,study
bastard,real,study
wiece,pseudo,study
president,real,study
surgery,real,study
phants,pseudo,study
wort,real,study
gheet,pseudo,study
dorth,pseudo,study
gheet,pseudo,study
tourse,pseudo,study
jury,real,study
zount,pseudo,study
massage,real,study
drowblin,pseudo,study
truce,real,study
wames,pseudo,study
dose,real,study
snells,pseudo,study
brinds,pseudo,study
program,real,study
gween,pseudo,study
splangle,pseudo,study
bastard,real,study
pleaties,pseudo,study
shight,pseudo,study
pleasure,real,study
borms,pseudo,study
stink,real,study
mint,real,study
phants,pseudo,study
stass,pseudo,study
congruoat,pseudo,study
manager,real,study
stink,real,study
shight,pseudo,study
wiece,pseudo,study
plales,pseudo,study
audience,real,study
snells,pseudo,study
null,real,study
hole,real,study
wort,real,study
strope,pseudo,study
chocolate,real,study
surgery,real,study
choth,pseudo,study
massage,real,study
shape,real,study
anybody,real,study
borms,pseudo,study
drowblin,pseudo,study
tourse,pseudo,study
crime,real,study
otterings,pseudo,study
cone,real,study
plales,pseudo,study
smise,pseudo,study
slen,pseudo,study
press,real,study
fear,real,study
program,real,study
otterings,pseudo,study
choud,pseudo,study
rink,real,study
pot,real,study
attliction,pseudo,study
yesterday,real,study
swith,pseudo,study
grectral,pseudo,study
bunk,real,study
yesterday,real,study
zount,pseudo,study
press,real,study
phall,pseudo,study
cone,real,study
phall,pseudo,study
president,real,study
nacts,pseudo,study
audience,real,study
target,real,study
sire,real,study
