par,real,study
zalls,pseudo,study
bell,real,study
soy,real,study
smone,pseudo,study
throm,pseudo,study
dinner,real,study
cise,pseudo,study
stould,pseudo,study
demon,real,study
dreril,pseudo,study
picture,real,study
interview,real,study
zalls,pseudo,study
dreril,pseudo,study
frince,pseudo,study
floth,pseudo,study
prayer,real,study
blied,pseudo,study
bell,real,study
smands,pseudo,study
trial,real,study
rent,real,study
greal,pseudo,study
gentleman,real,study
vonce,pseudo,study
axe,real,study
jouse,pseudo,study
drist,pseudo,study
shoe,real,study
level,real,study
plood,pseudo,study
bay,real,study
sich,pseudo,study
stould,pseudo,study
blied,pseudo,study
crell,pseudo,study
himes,pseudo,study
vallisit,pseudo,study
level,real,study
smands,pseudo,study
clept,pseudo,study
license,real,study
sprint,real,study
sail,real,study
crown,real,study
spet,pseudo,study
gown,real,study
poker,real,study
insurance,real,study
spraw,pseudo,study
harp,real,study
test,real,study
trools,pseudo,study
whoss,pseudo,study
tiss,pseudo,study
spones,pseudo,study
monster,real,study
teacher,real,study
gentleman,real,study
thome,pseudo,study
decision,real,study
poker,real,study
thome,pseudo,study
telp,pseudo,study
cise,pseudo,study
phank,pseudo,study
stips,pseudo,study
axe,real,study
glanslator,pseudo,study
glasses,real,study
spraw,pseudo,study
arrailig,pseudo,study
project,real,study
bolt,real,study
dorld,pseudo,study
phank,pseudo,study
whoss,pseudo,study
shack,real,study
wall,real,study
frince,pseudo,study
project,real,study
whilk,pseudo,study
vallisit,pseudo,study
kitchen,real,study
nairs,pseudo,study
kitchen,real,study
greal,pseudo,study
quarter,real,study
shoe,real,study
mesh,real,study
par,real,study
plene,pseudo,study
bolt,real,study
pump,real,study
pork,real,study
dorld,pseudo,study
decision,real,study
glasses,real,study
bay,real,study
swort,pseudo,study
whilk,pseudo,study
glanslator,pseudo,study
flind,pseudo,study
vonce,pseudo,study
plood,pseudo,study
brots,pseudo,study
stips,pseudo,study
jouse,pseudo,study
soy,real,study
drist,pseudo,study
tiss,pseudo,study
clept,pseudo,study
spones,pseudo,study
rent,real,study
insurance,real,study
gown,real,study
license,real,study
test,real,study
floth,pseudo,study
freeze,real,study
quarter,real,study
chicken,real,study
sich,pseudo,study
harp,real,study
trools,pseudo,study
telp,pseudo,study
teacher,real,study
freeze,real,study
crell,pseudo,study
mesh,real,study
nairs,pseudo,study
himes,pseudo,study
giant,real,study
chicken,real,study
interview,real,study
wall,real,study
crives,pseudo,study
dinner,real,study
crives,pseudo,study
arrailig,pseudo,study
pump,real,study
prayer,real,study
brots,pseudo,study
giant,real,study
crown,real,study
swort,pseudo,study
spet,pseudo,study
picture,real,study
shack,real,study
sprint,real,study
demon,real,study
throm,pseudo,study
trial,real,study
smone,pseudo,study
plene,pseudo,study
monster,real,study
pork,real,study
sail,real,study
flind,pseudo,study
