193,real,study
1,real,study
53,pseudo,study
15,pseudo,study
163,pseudo,study
48,real,study
236,real,study
1,real,study
183,real,study
101,real,study
160,real,study
240,pseudo,study
68,real,study
240,pseudo,study
63,pseudo,study
134,real,study
15,pseudo,study
69,pseudo,study
137,real,study
2,pseudo,study
87,real,study
144,pseudo,study
46,pseudo,study
66,real,study
2,pseudo,study
141,pseudo,study
35,real,study
141,pseudo,study
75,pseudo,study
102,pseudo,study
153,pseudo,study
158,pseudo,study
129,real,study
83,real,study
86,pseudo,study
198,real,study
126,pseudo,study
134,real,study
116,pseudo,study
58,pseudo,study
121,real,study
170,real,study
110,pseudo,study
185,real,study
217,pseudo,study
168,real,study
162,pseudo,study
160,real,study
143,real,study
139,pseudo,study
83,real,study
127,real,study
201,pseudo,study
178,pseudo,study
234,pseudo,study
144,pseudo,study
34,real,study
153,pseudo,study
201,real,study
78,real,study
68,real,study
172,real,study
139,pseudo,study
131,real,study
217,pseudo,study
180,real,study
129,pseudo,study
67,real,study
210,pseudo,study
66,real,study
231,real,study
137,real,study
199,pseudo,study
199,pseudo,study
190,real,study
129,pseudo,study
228,pseudo,study
201,pseudo,study
64,real,study
69,pseudo,study
48,pseudo,study
127,real,study
15,real,study
156,real,study
156,real,study
190,real,study
237,pseudo,study
73,real,study
142,real,study
193,real,study
142,real,study
48,real,study
62,real,study
132,pseudo,study
24,real,study
236,real,study
230,pseudo,study
98,real,study
64,real,study
185,real,study
75,pseudo,study
86,pseudo,study
59,pseudo,study
50,pseudo,study
234,pseudo,study
198,real,study
25,pseudo,study
230,pseudo,study
163,pseudo,study
58,pseudo,study
34,real,study
45,pseudo,study
194,real,study
45,pseudo,study
116,pseudo,study
48,pseudo,study
172,real,study
185,pseudo,study
126,pseudo,study
228,pseudo,study
158,pseudo,study
73,real,study
237,pseudo,study
98,real,study
162,pseudo,study
35,real,study
15,real,study
185,pseudo,study
210,pseudo,study
53,pseudo,study
170,real,study
110,pseudo,study
194,real,study
231,real,study
59,pseudo,study
25,pseudo,study
161,pseudo,study
131,real,study
161,pseudo,study
239,pseudo,study
46,pseudo,study
50,pseudo,study
87,real,study
63,pseudo,study
183,real,study
168,real,study
201,real,study
24,real,study
121,real,study
101,real,study
178,pseudo,study
180,real,study
67,real,study
239,pseudo,study
132,pseudo,study
102,pseudo,study
143,real,study
78,real,study
129,real,study
62,real,study
