42,pseudo,study
45,real,study
204,pseudo,study
77,real,study
221,real,study
152,pseudo,study
150,real,study
210,pseudo,study
124,pseudo,study
214,real,study
215,pseudo,study
90,pseudo,study
43,pseudo,study
158,pseudo,study
74,pseudo,study
202,real,study
185,real,study
229,pseudo,study
88,pseudo,study
105,real,study
226,pseudo,study
92,pseudo,study
56,real,study
225,pseudo,study
107,real,study
196,pseudo,study
56,real,study
225,real,study
233,real,study
88,pseudo,study
225,real,study
92,real,study
119,real,study
227,pseudo,study
197,real,study
204,pseudo,study
178,real,study
137,pseudo,study
101,pseudo,study
114,pseudo,study
172,real,study
158,pseudo,study
159,real,study
105,real,study
137,pseudo,study
216,real,study
53,real,study
133,real,study
45,real,study
146,pseudo,study
92,pseudo,study
201,pseudo,study
42,pseudo,study
16,real,study
165,pseudo,study
175,pseudo,study
239,pseudo,study
3,real,study
107,real,study
226,pseudo,study
222,pseudo,study
82,pseudo,study
175,pseudo,study
237,real,study
59,real,study
133,real,study
27,pseudo,study
172,real,study
101,pseudo,study
152,real,study
86,pseudo,study
215,pseudo,study
123,real,study
165,pseudo,study
214,real,study
86,pseudo,study
26,pseudo,study
155,real,study
177,pseudo,study
69,real,study
152,pseudo,study
87,pseudo,study
202,real,study
87,pseudo,study
82,pseudo,study
59,real,study
222,pseudo,study
53,real,study
90,pseudo,study
76,real,study
170,real,study
216,real,study
84,real,study
133,pseudo,study
178,real,study
76,real,study
227,pseudo,study
74,pseudo,study
136,pseudo,study
197,real,study
110,real,study
3,real,study
149,real,study
233,real,study
155,real,study
133,pseudo,study
233,pseudo,study
196,pseudo,study
91,real,study
225,pseudo,study
91,real,study
13,real,study
114,pseudo,study
239,pseudo,study
130,real,study
185,real,study
90,real,study
145,real,study
146,pseudo,study
150,real,study
110,real,study
26,pseudo,study
95,pseudo,study
124,pseudo,study
43,pseudo,study
119,real,study
96,pseudo,study
152,real,study
136,pseudo,study
16,real,study
130,real,study
233,pseudo,study
201,pseudo,study
92,real,study
123,real,study
221,real,study
96,pseudo,study
149,real,study
177,pseudo,study
200,pseudo,study
69,real,study
90,real,study
200,pseudo,study
27,pseudo,study
25,real,study
84,real,study
237,real,study
77,real,study
210,pseudo,study
37,pseudo,study
170,real,study
37,pseudo,study
15,pseudo,study
13,real,study
229,pseudo,study
159,real,study
95,pseudo,study
145,real,study
25,real,study
15,pseudo,study
