downstairs,real,study
crallow,pseudo,study
chocolate,real,study
yesterday,real,study
prether,pseudo,study
dagger,real,study
crurch,pseudo,study
nacts,pseudo,study
phote,pseudo,study
zands,pseudo,study
account,real,study
officer,real,study
bunk,real,study
pike,real,study
accident,real,study
poison,real,study
dagger,real,study
shees,pseudo,study
stross,pseudo,study
firm,real,study
zount,pseudo,study
prile,pseudo,study
zount,pseudo,study
today,real,study
yates,pseudo,study
yoke,real,study
trools,pseudo,study
motel,real,study
yesterday,real,study
phote,pseudo,study
shin,real,study
plood,pseudo,study
wife,real,study
bang,real,study
shight,pseudo,study
cleist,pseudo,study
level,real,study
treleton,pseudo,study
stent,pseudo,study
veen,pseudo,study
voved,pseudo,study
peads,pseudo,study
today,real,study
pives,pseudo,study
wife,real,study
officer,real,study
half,real,study
rent,real,study
brer,pseudo,study
kreen,pseudo,study
shape,real,study
fission,real,study
bang,real,study
marriage,real,study
program,real,study
crallest,pseudo,study
wind,real,study
swort,pseudo,study
stould,pseudo,study
fault,real,study
bunk,real,study
pould,pseudo,study
pike,real,study
mees,pseudo,study
poison,real,study
stent,pseudo,study
pives,pseudo,study
voved,pseudo,study
spept,pseudo,study
swort,pseudo,study
bell,real,study
fun,real,study
level,real,study
student,real,study
mees,pseudo,study
nacts,pseudo,study
witness,real,study
telp,pseudo,study
poker,real,study
fun,real,study
tregs,pseudo,study
thite,pseudo,study
prile,pseudo,study
pould,pseudo,study
wig,real,study
brer,pseudo,study
thairs,pseudo,study
wind,real,study
magazine,real,study
downstairs,real,study
kitchen,real,study
plales,pseudo,study
press,real,study
zands,pseudo,study
accident,real,study
kreen,pseudo,study
gag,real,study
swest,pseudo,study
program,real,study
telp,pseudo,study
cleist,pseudo,study
chocolate,real,study
student,real,study
spept,pseudo,study
slen,pseudo,study
krench,pseudo,study
phank,pseudo,study
bell,real,study
shees,pseudo,study
phank,pseudo,study
account,real,study
groys,pseudo,study
coal,real,study
plood,pseudo,study
half,real,study
staff,real,study
shape,real,study
rent,real,study
press,real,study
poker,real,study
thite,pseudo,study
crallest,pseudo,study
gag,real,study
tregs,pseudo,study
yoke,real,study
prether,pseudo,study
witness,real,study
crurch,pseudo,study
trote,pseudo,study
kitchen,real,study
jury,real,study
sap,real,study
staff,real,study
plales,pseudo,study
marriage,real,study
groys,pseudo,study
crallow,pseudo,study
shight,pseudo,study
stould,pseudo,study
peads,pseudo,study
sap,real,study
coal,real,study
stross,pseudo,study
swest,pseudo,study
thairs,pseudo,study
yates,pseudo,study
magazine,real,study
jury,real,study
treleton,pseudo,study
trools,pseudo,study
shin,real,study
firm,real,study
slen,pseudo,study
veen,pseudo,study
fault,real,study
motel,real,study
wig,real,study
krench,pseudo,study
trote,pseudo,study
fission,real,study
