lab,real,study
mule,real,study
seam,real,study
van,real,study
leer,real,study
promise,real,study
van,real,study
restaurant,real,study
cise,pseudo,study
gars,pseudo,study
floth,pseudo,study
sneep,pseudo,study
pruit,pseudo,study
rirls,pseudo,study
fight,real,study
chould,pseudo,study
troat,pseudo,study
master,real,study
test,real,study
splim,pseudo,study
sheriff,real,study
troat,pseudo,study
seam,real,study
neld,pseudo,study
chain,real,study
snats,pseudo,study
par,real,study
gars,pseudo,study
states,real,study
stry,pseudo,study
crown,real,study
longuisher,pseudo,study
brans,pseudo,study
shance,pseudo,study
mint,real,study
shirl,pseudo,study
par,real,study
change,real,study
license,real,study
phrass,pseudo,study
spones,pseudo,study
mint,real,study
krey,pseudo,study
license,real,study
phream,pseudo,study
trail,real,study
stredule,pseudo,study
thines,pseudo,study
pruit,pseudo,study
leer,real,study
sin,real,study
meat,real,study
block,real,study
dunch,pseudo,study
bead,real,study
river,real,study
krey,pseudo,study
tract,real,study
tranders,pseudo,study
null,real,study
snells,pseudo,study
vonce,pseudo,study
thines,pseudo,study
dountian,pseudo,study
season,real,study
states,real,study
project,real,study
gath,pseudo,study
sin,real,study
brans,pseudo,study
longuisher,pseudo,study
river,real,study
nones,pseudo,study
swean,pseudo,study
strimes,pseudo,study
project,real,study
meat,real,study
change,real,study
tocks,pseudo,study
nairs,pseudo,study
fight,real,study
dunch,pseudo,study
mule,real,study
snats,pseudo,study
cise,pseudo,study
dountian,pseudo,study
surgery,real,study
bit,real,study
swean,pseudo,study
tranders,pseudo,study
massage,real,study
flench,pseudo,study
crell,pseudo,study
release,real,study
bit,real,study
dralactite,pseudo,study
flench,pseudo,study
surgery,real,study
bead,real,study
iggitation,pseudo,study
swene,pseudo,study
chain,real,study
soldier,real,study
gath,pseudo,study
wonder,real,study
shance,pseudo,study
sheriff,real,study
doe,real,study
rirls,pseudo,study
plense,pseudo,study
shirl,pseudo,study
soldier,real,study
spoes,pseudo,study
restaurant,real,study
sign,real,study
promise,real,study
release,real,study
stry,pseudo,study
strimes,pseudo,study
tocks,pseudo,study
nones,pseudo,study
phream,pseudo,study
null,real,study
crown,real,study
nurse,real,study
iggitation,pseudo,study
mood,real,study
neld,pseudo,study
test,real,study
snells,pseudo,study
chould,pseudo,study
dralactite,pseudo,study
block,real,study
swene,pseudo,study
doe,real,study
eye,real,study
spoes,pseudo,study
eye,real,study
splim,pseudo,study
lab,real,study
stredule,pseudo,study
sneep,pseudo,study
nurse,real,study
season,real,study
massage,real,study
sign,real,study
phrass,pseudo,study
plense,pseudo,study
nairs,pseudo,study
tomorrow,real,study
floth,pseudo,study
tract,real,study
tomorrow,real,study
wonder,real,study
spones,pseudo,study
crell,pseudo,study
vonce,pseudo,study
trail,real,study
mood,real,study
master,real,study
