120,pseudo,study
73,pseudo,study
22,real,study
168,real,study
193,pseudo,study
30,real,study
137,real,study
9,pseudo,study
11,pseudo,study
149,pseudo,study
105,real,study
90,real,study
68,real,study
134,pseudo,study
112,real,study
77,pseudo,study
232,pseudo,study
164,real,study
110,real,study
110,pseudo,study
147,pseudo,study
68,pseudo,study
143,real,study
164,real,study
78,pseudo,study
137,real,study
148,pseudo,study
129,pseudo,study
91,pseudo,study
218,pseudo,study
177,real,study
36,real,study
110,pseudo,study
195,pseudo,study
45,real,study
161,real,study
104,pseudo,study
239,real,study
79,pseudo,study
73,real,study
45,real,study
157,real,study
156,real,study
42,pseudo,study
123,pseudo,study
65,real,study
12,real,study
45,pseudo,study
167,real,study
172,pseudo,study
144,real,study
239,real,study
123,real,study
96,real,study
44,pseudo,study
239,pseudo,study
15,real,study
231,real,study
193,pseudo,study
229,pseudo,study
73,pseudo,study
144,real,study
44,pseudo,study
148,pseudo,study
9,pseudo,study
79,pseudo,study
91,real,study
134,pseudo,study
111,real,study
111,real,study
95,real,study
109,real,study
117,pseudo,study
23,pseudo,study
122,pseudo,study
168,real,study
12,pseudo,study
42,pseudo,study
172,real,study
140,pseudo,study
189,real,study
123,real,study
95,real,study
11,pseudo,study
76,pseudo,study
73,real,study
110,real,study
75,pseudo,study
238,real,study
101,pseudo,study
78,pseudo,study
65,real,study
172,pseudo,study
105,real,study
30,real,study
104,pseudo,study
147,pseudo,study
151,real,study
33,real,study
86,pseudo,study
22,real,study
62,real,study
229,pseudo,study
122,pseudo,study
91,pseudo,study
123,pseudo,study
156,real,study
238,real,study
15,real,study
91,real,study
86,pseudo,study
109,real,study
223,real,study
231,real,study
29,pseudo,study
210,pseudo,study
117,pseudo,study
45,pseudo,study
143,real,study
76,pseudo,study
195,pseudo,study
29,pseudo,study
12,pseudo,study
218,pseudo,study
177,real,study
189,real,study
68,real,study
96,real,study
79,real,study
129,pseudo,study
157,real,study
79,real,study
140,pseudo,study
239,pseudo,study
120,pseudo,study
210,pseudo,study
172,real,study
101,pseudo,study
151,real,study
173,real,study
161,real,study
77,pseudo,study
232,pseudo,study
112,real,study
62,real,study
23,pseudo,study
167,real,study
75,pseudo,study
173,real,study
36,real,study
90,real,study
33,real,study
235,pseudo,study
235,pseudo,study
201,pseudo,study
223,real,study
68,pseudo,study
149,pseudo,study
12,real,study
201,pseudo,study
