151,real,study
224,real,study
147,real,study
114,pseudo,study
177,pseudo,study
94,real,study
218,pseudo,study
224,real,study
171,real,study
159,pseudo,study
195,real,study
181,real,study
135,pseudo,study
16,real,study
130,pseudo,study
51,real,study
76,pseudo,study
63,real,study
94,real,study
86,pseudo,study
10,pseudo,study
165,pseudo,study
17,pseudo,study
121,real,study
181,pseudo,study
53,real,study
127,pseudo,study
221,pseudo,study
10,pseudo,study
50,pseudo,study
31,real,study
127,pseudo,study
226,pseudo,study
165,pseudo,study
229,pseudo,study
180,real,study
229,pseudo,study
139,pseudo,study
96,pseudo,study
198,real,study
107,real,study
94,pseudo,study
188,real,study
155,pseudo,study
119,pseudo,study
237,pseudo,study
53,real,study
90,real,study
147,pseudo,study
100,real,study
64,real,study
8,pseudo,study
69,pseudo,study
147,real,study
139,pseudo,study
73,real,study
14,real,study
76,pseudo,study
230,pseudo,study
126,pseudo,study
176,real,study
37,real,study
31,real,study
92,real,study
181,pseudo,study
155,pseudo,study
67,real,study
147,pseudo,study
195,pseudo,study
182,real,study
222,real,study
56,pseudo,study
190,pseudo,study
226,pseudo,study
94,pseudo,study
200,pseudo,study
178,real,study
86,real,study
14,real,study
34,real,study
15,pseudo,study
35,real,study
106,pseudo,study
92,real,study
96,pseudo,study
195,real,study
90,real,study
132,real,study
221,pseudo,study
17,pseudo,study
171,real,study
95,real,study
100,real,study
2,pseudo,study
51,real,study
130,pseudo,study
119,pseudo,study
181,real,study
95,real,study
145,real,study
180,real,study
16,real,study
176,real,study
151,pseudo,study
34,real,study
135,pseudo,study
86,pseudo,study
85,pseudo,study
140,real,study
140,real,study
198,real,study
172,pseudo,study
69,pseudo,study
85,pseudo,study
33,real,study
182,real,study
230,pseudo,study
33,real,study
132,real,study
160,real,study
107,real,study
151,real,study
126,pseudo,study
35,real,study
50,real,study
114,pseudo,study
15,pseudo,study
8,pseudo,study
50,real,study
86,real,study
37,real,study
67,real,study
2,pseudo,study
3,real,study
63,real,study
222,real,study
172,pseudo,study
195,pseudo,study
3,real,study
145,real,study
50,pseudo,study
151,pseudo,study
188,real,study
64,real,study
159,pseudo,study
178,real,study
200,pseudo,study
56,pseudo,study
180,pseudo,study
160,real,study
177,pseudo,study
218,pseudo,study
70,pseudo,study
190,pseudo,study
70,pseudo,study
180,pseudo,study
73,real,study
121,real,study
237,pseudo,study
106,pseudo,study
