stim,pseudo,study
crock,real,study
shoe,real,study
centre,real,study
sich,pseudo,study
sived,pseudo,study
filtraneon,pseudo,study
floth,pseudo,study
spraw,pseudo,study
language,real,study
troat,pseudo,study
gnard,pseudo,study
shight,pseudo,study
centre,real,study
degs,pseudo,study
wames,pseudo,study
swene,pseudo,study
respect,real,study
promise,real,study
dose,real,study
filtraneon,pseudo,study
half,real,study
shight,pseudo,study
shance,pseudo,study
practice,real,study
guy,real,study
spell,real,study
tract,real,study
neast,pseudo,study
promise,real,study
cright,pseudo,study
inniberal,pseudo,study
troes,pseudo,study
strimes,pseudo,study
sived,pseudo,study
plis,pseudo,study
smorth,pseudo,study
states,real,study
mees,pseudo,study
trools,pseudo,study
condition,real,study
shoe,real,study
brans,pseudo,study
phrise,pseudo,study
plis,pseudo,study
jend,pseudo,study
snells,pseudo,study
professor,real,study
license,real,study
sich,pseudo,study
crell,pseudo,study
snells,pseudo,study
zands,pseudo,study
lawn,real,study
hole,real,study
cone,real,study
spet,pseudo,study
van,real,study
diet,real,study
shance,pseudo,study
spet,pseudo,study
spraw,pseudo,study
fonths,pseudo,study
grectral,pseudo,study
van,real,study
zands,pseudo,study
press,real,study
downstairs,real,study
bathroom,real,study
stitch,real,study
swith,pseudo,study
attorney,real,study
professor,real,study
stitch,real,study
spell,real,study
chess,real,study
stim,pseudo,study
concert,real,study
death,real,study
condition,real,study
jury,real,study
river,real,study
blourig,pseudo,study
novice,real,study
fonths,pseudo,study
states,real,study
project,real,study
someone,real,study
project,real,study
cloose,pseudo,study
practice,real,study
jury,real,study
downstairs,real,study
jend,pseudo,study
attorney,real,study
yates,pseudo,study
attliction,pseudo,study
tract,real,study
river,real,study
crell,pseudo,study
bleast,pseudo,study
concert,real,study
bathroom,real,study
attliction,pseudo,study
crase,pseudo,study
leg,real,study
cright,pseudo,study
swene,pseudo,study
strimes,pseudo,study
crase,pseudo,study
shack,real,study
degs,pseudo,study
hole,real,study
respect,real,study
language,real,study
brans,pseudo,study
bleast,pseudo,study
chess,real,study
gnard,pseudo,study
pike,real,study
trools,pseudo,study
season,real,study
crock,real,study
license,real,study
leg,real,study
mees,pseudo,study
swith,pseudo,study
pike,real,study
blourig,pseudo,study
floth,pseudo,study
shack,real,study
diet,real,study
season,real,study
smorth,pseudo,study
neast,pseudo,study
wames,pseudo,study
phrise,pseudo,study
novice,real,study
death,real,study
yared,pseudo,study
inniberal,pseudo,study
insurance,real,study
phall,pseudo,study
troat,pseudo,study
cone,real,study
mule,real,study
mule,real,study
press,real,study
dose,real,study
insurance,real,study
troes,pseudo,study
guy,real,study
grectral,pseudo,study
lawn,real,study
half,real,study
yates,pseudo,study
cloose,pseudo,study
someone,real,study
yared,pseudo,study
phall,pseudo,study
