prease,pseudo,study
interest,real,study
strope,pseudo,study
whoss,pseudo,study
abbunition,pseudo,study
shape,real,study
twose,pseudo,study
pange,pseudo,study
nones,pseudo,study
seconds,real,study
phream,pseudo,study
spoes,pseudo,study
arrailig,pseudo,study
tham,pseudo,study
wind,real,study
pruit,pseudo,study
monster,real,study
juns,pseudo,study
leer,real,study
thars,pseudo,study
plense,pseudo,study
skreets,pseudo,study
sneep,pseudo,study
clief,pseudo,study
forge,real,study
forge,real,study
snow,real,study
throm,pseudo,study
thars,pseudo,study
restaurant,real,study
swean,pseudo,study
vills,pseudo,study
dralactite,pseudo,study
number,real,study
mint,real,study
shape,real,study
splangle,pseudo,study
lab,real,study
miracle,real,study
officer,real,study
sire,real,study
target,real,study
cring,pseudo,study
poison,real,study
fault,real,study
fight,real,study
gill,real,study
mint,real,study
gill,real,study
chain,real,study
miracle,real,study
frost,real,study
trour,pseudo,study
nones,pseudo,study
plate,real,study
twose,pseudo,study
flench,pseudo,study
fear,real,study
tham,pseudo,study
lore,real,study
cable,real,study
wash,real,study
cring,pseudo,study
fold,real,study
voved,pseudo,study
felse,pseudo,study
pruit,pseudo,study
bud,real,study
voved,pseudo,study
pange,pseudo,study
dralactite,pseudo,study
lore,real,study
brinds,pseudo,study
husband,real,study
plense,pseudo,study
sire,real,study
wosts,pseudo,study
wind,real,study
sin,real,study
clief,pseudo,study
chelp,pseudo,study
pength,pseudo,study
frawn,pseudo,study
chain,real,study
aggall,pseudo,study
rirls,pseudo,study
pength,pseudo,study
juns,pseudo,study
date,real,study
yats,pseudo,study
fear,real,study
tiss,pseudo,study
felse,pseudo,study
phream,pseudo,study
restaurant,real,study
number,real,study
fault,real,study
trour,pseudo,study
stink,real,study
arrailig,pseudo,study
tiss,pseudo,study
date,real,study
bang,real,study
brinds,pseudo,study
splangle,pseudo,study
seconds,real,study
bang,real,study
wash,real,study
giles,pseudo,study
frost,real,study
interest,real,study
massage,real,study
flench,pseudo,study
massage,real,study
strope,pseudo,study
aggall,pseudo,study
yats,pseudo,study
plate,real,study
hospital,real,study
monster,real,study
bit,real,study
hospital,real,study
cruth,pseudo,study
trap,real,study
krench,pseudo,study
cruth,pseudo,study
target,real,study
whoss,pseudo,study
giles,pseudo,study
husband,real,study
wosts,pseudo,study
prease,pseudo,study
poison,real,study
skreets,pseudo,study
sneep,pseudo,study
abbunition,pseudo,study
crust,real,study
bud,real,study
snow,real,study
throm,pseudo,study
fight,real,study
stink,real,study
fold,real,study
leer,real,study
frawn,pseudo,study
crust,real,study
bit,real,study
trap,real,study
vills,pseudo,study
spoes,pseudo,study
chelp,pseudo,study
cable,real,study
sin,real,study
rirls,pseudo,study
freeze,real,study
officer,real,study
freeze,real,study
swean,pseudo,study
krench,pseudo,study
lab,real,study
