89,real,study
90,pseudo,study
14,pseudo,study
22,pseudo,study
195,real,study
113,real,study
150,pseudo,study
192,real,study
229,pseudo,study
106,pseudo,study
224,real,study
150,pseudo,study
132,real,study
169,real,study
54,pseudo,study
32,pseudo,study
32,real,study
35,real,study
14,pseudo,study
232,pseudo,study
220,real,study
219,pseudo,study
77,real,study
72,pseudo,study
15,real,study
106,real,study
65,pseudo,study
41,pseudo,study
31,real,study
22,real,study
224,real,study
158,real,study
101,real,study
127,pseudo,study
189,pseudo,study
170,real,study
165,real,study
87,pseudo,study
89,real,study
192,real,study
230,pseudo,study
230,pseudo,study
208,real,study
99,real,study
114,real,study
206,real,study
101,real,study
170,real,study
3,real,study
25,pseudo,study
3,pseudo,study
135,pseudo,study
136,real,study
3,pseudo,study
135,pseudo,study
219,pseudo,study
11,pseudo,study
35,real,study
169,real,study
185,pseudo,study
220,real,study
31,real,study
221,pseudo,study
25,pseudo,study
106,real,study
109,real,study
228,real,study
109,real,study
41,pseudo,study
229,pseudo,study
110,pseudo,study
161,real,study
195,real,study
226,real,study
208,real,study
118,real,study
70,pseudo,study
3,real,study
103,pseudo,study
223,pseudo,study
232,pseudo,study
99,real,study
127,pseudo,study
133,pseudo,study
78,pseudo,study
30,pseudo,study
76,pseudo,study
200,real,study
148,real,study
77,real,study
19,pseudo,study
72,pseudo,study
158,real,study
114,real,study
132,real,study
165,real,study
54,pseudo,study
77,pseudo,study
113,real,study
133,pseudo,study
76,pseudo,study
37,pseudo,study
145,real,study
32,pseudo,study
65,pseudo,study
125,real,study
223,pseudo,study
148,real,study
89,pseudo,study
32,real,study
221,pseudo,study
200,real,study
103,pseudo,study
206,real,study
22,pseudo,study
200,pseudo,study
90,pseudo,study
161,real,study
131,pseudo,study
136,real,study
213,pseudo,study
190,real,study
15,real,study
141,real,study
70,pseudo,study
78,pseudo,study
160,real,study
37,pseudo,study
189,pseudo,study
77,pseudo,study
19,pseudo,study
25,real,study
200,pseudo,study
125,real,study
131,pseudo,study
53,real,study
11,pseudo,study
89,pseudo,study
110,pseudo,study
145,real,study
37,real,study
153,pseudo,study
30,pseudo,study
25,real,study
213,pseudo,study
226,real,study
185,pseudo,study
190,real,study
118,real,study
153,pseudo,study
1,pseudo,study
228,real,study
37,real,study
22,real,study
53,real,study
87,pseudo,study
1,pseudo,study
106,pseudo,study
160,real,study
141,real,study
