85,real,study
4,real,study
22,pseudo,study
175,real,study
96,pseudo,study
60,real,study
70,pseudo,study
233,real,study
71,real,study
51,pseudo,study
61,pseudo,study
187,pseudo,study
154,pseudo,study
174,pseudo,study
171,real,study
95,real,study
17,pseudo,study
6,real,study
182,real,study
211,pseudo,study
6,real,study
174,pseudo,study
57,real,study
85,real,study
53,pseudo,study
10,real,study
188,pseudo,study
89,pseudo,study
25,real,study
225,pseudo,study
8,real,study
74,pseudo,study
70,pseudo,study
58,pseudo,study
163,real,study
148,pseudo,study
225,pseudo,study
211,pseudo,study
239,real,study
184,real,study
210,pseudo,study
93,pseudo,study
190,real,study
90,pseudo,study
218,real,study
185,pseudo,study
156,pseudo,study
55,real,study
146,real,study
146,real,study
154,pseudo,study
86,pseudo,study
134,real,study
13,real,study
184,real,study
192,pseudo,study
17,pseudo,study
179,pseudo,study
83,real,study
91,pseudo,study
92,real,study
171,real,study
238,pseudo,study
53,pseudo,study
214,pseudo,study
141,real,study
93,pseudo,study
210,pseudo,study
69,pseudo,study
194,real,study
16,pseudo,study
51,pseudo,study
223,pseudo,study
10,real,study
175,real,study
193,real,study
59,real,study
16,pseudo,study
147,pseudo,study
124,real,study
22,pseudo,study
229,real,study
82,real,study
55,pseudo,study
148,pseudo,study
82,real,study
90,pseudo,study
8,real,study
233,real,study
96,pseudo,study
194,real,study
58,pseudo,study
222,real,study
163,real,study
214,pseudo,study
59,real,study
61,pseudo,study
92,real,study
124,real,study
239,real,study
200,real,study
198,pseudo,study
221,real,study
60,real,study
18,real,study
35,real,study
188,pseudo,study
240,real,study
229,real,study
37,pseudo,study
185,pseudo,study
223,pseudo,study
238,pseudo,study
136,pseudo,study
25,real,study
179,pseudo,study
169,pseudo,study
182,real,study
156,pseudo,study
18,real,study
35,real,study
91,pseudo,study
193,real,study
134,real,study
187,pseudo,study
32,real,study
169,pseudo,study
69,pseudo,study
33,pseudo,study
222,real,study
198,pseudo,study
192,pseudo,study
190,real,study
33,pseudo,study
71,real,study
221,real,study
37,pseudo,study
136,pseudo,study
29,pseudo,study
200,real,study
32,real,study
46,real,study
84,pseudo,study
240,real,study
57,real,study
89,pseudo,study
95,real,study
84,pseudo,study
141,real,study
83,real,study
218,real,study
13,real,study
4,real,study
46,real,study
86,pseudo,study
55,real,study
147,pseudo,study
55,pseudo,study
29,pseudo,study
74,pseudo,study
