shees,pseudo,study
skrong,pseudo,study
peach,real,study
fass,pseudo,study
grix,pseudo,study
twose,pseudo,study
master,real,study
fass,pseudo,study
choud,pseudo,study
stent,pseudo,study
gheet,pseudo,study
lace,real,study
peach,real,study
shees,pseudo,study
shoe,real,study
strat,pseudo,study
gween,pseudo,study
thars,pseudo,study
practice,real,study
centre,real,study
lore,real,study
surgery,real,study
strat,pseudo,study
crurch,pseudo,study
jince,pseudo,study
lab,real,study
director,real,study
clief,pseudo,study
stry,pseudo,study
director,real,study
scrength,pseudo,study
choud,pseudo,study
seconds,real,study
mart,real,study
license,real,study
trial,real,study
spoes,pseudo,study
witness,real,study
clief,pseudo,study
brer,pseudo,study
spled,pseudo,study
ginger,real,study
ruin,real,study
pup,real,study
stips,pseudo,study
nonsense,real,study
jince,pseudo,study
spoes,pseudo,study
plis,pseudo,study
lawn,real,study
iggitation,pseudo,study
chess,real,study
stry,pseudo,study
wind,real,study
stent,pseudo,study
opinion,real,study
master,real,study
opinion,real,study
wall,real,study
fonths,pseudo,study
facks,pseudo,study
chess,real,study
yoke,real,study
theer,pseudo,study
frars,pseudo,study
twose,pseudo,study
rush,real,study
prave,pseudo,study
stross,pseudo,study
gween,pseudo,study
doll,real,study
priend,pseudo,study
thars,pseudo,study
brer,pseudo,study
tourse,pseudo,study
rush,real,study
ginger,real,study
wind,real,study
tourse,pseudo,study
crown,real,study
prave,pseudo,study
blourig,pseudo,study
gheet,pseudo,study
prease,pseudo,study
poison,real,study
lawn,real,study
bay,real,study
today,real,study
chain,real,study
skrong,pseudo,study
death,real,study
frars,pseudo,study
bleast,pseudo,study
blourig,pseudo,study
cring,pseudo,study
spell,real,study
cring,pseudo,study
pup,real,study
nones,pseudo,study
trial,real,study
shoe,real,study
doll,real,study
fratements,pseudo,study
spled,pseudo,study
fratements,pseudo,study
base,real,study
priend,pseudo,study
facks,pseudo,study
yeave,pseudo,study
today,real,study
spell,real,study
prounds,pseudo,study
giles,pseudo,study
mart,real,study
prounds,pseudo,study
bunk,real,study
mesh,real,study
base,real,study
bay,real,study
plis,pseudo,study
ruin,real,study
vallisit,pseudo,study
mesh,real,study
picture,real,study
lab,real,study
death,real,study
bleast,pseudo,study
chain,real,study
bunk,real,study
centre,real,study
yoke,real,study
fonths,pseudo,study
yeave,pseudo,study
vallisit,pseudo,study
nones,pseudo,study
stips,pseudo,study
crown,real,study
surgery,real,study
theer,pseudo,study
prease,pseudo,study
nonsense,real,study
grix,pseudo,study
practice,real,study
stross,pseudo,study
crurch,pseudo,study
poison,real,study
picture,real,study
lore,real,study
iggitation,pseudo,study
scrength,pseudo,study
lace,real,study
witness,real,study
wall,real,study
president,real,study
license,real,study
number,real,study
giles,pseudo,study
number,real,study
seconds,real,study
president,real,study
