gnard,pseudo,study
spraw,pseudo,study
rhurch,pseudo,study
giant,real,study
flench,pseudo,study
nis,pseudo,study
decision,real,study
colour,real,study
sail,real,study
thich,pseudo,study
situation,real,study
crell,pseudo,study
pump,real,study
streer,pseudo,study
longuisher,pseudo,study
attliction,pseudo,study
pair,real,study
pork,real,study
guy,real,study
kreen,pseudo,study
prile,pseudo,study
language,real,study
soldier,real,study
attliction,pseudo,study
skarts,pseudo,study
shroad,pseudo,study
rink,real,study
promise,real,study
crust,real,study
ginds,pseudo,study
nairs,pseudo,study
crust,real,study
sneep,pseudo,study
crell,pseudo,study
vense,pseudo,study
dorld,pseudo,study
ratio,real,study
coal,real,study
hook,real,study
rocket,real,study
flight,real,study
froo,pseudo,study
evidence,real,study
rocket,real,study
juns,pseudo,study
sail,real,study
yates,pseudo,study
police,real,study
colour,real,study
tree,real,study
drowblin,pseudo,study
shem,pseudo,study
rhurch,pseudo,study
vense,pseudo,study
dorld,pseudo,study
leg,real,study
null,real,study
promise,real,study
throm,pseudo,study
wig,real,study
longuisher,pseudo,study
leg,real,study
mule,real,study
brots,pseudo,study
pork,real,study
streer,pseudo,study
swars,pseudo,study
ratio,real,study
stinds,pseudo,study
fren,pseudo,study
poker,real,study
sergeant,real,study
guy,real,study
juns,pseudo,study
vills,pseudo,study
fault,real,study
flench,pseudo,study
situation,real,study
shem,pseudo,study
pair,real,study
feed,real,study
prile,pseudo,study
evidence,real,study
student,real,study
fight,real,study
dunch,pseudo,study
load,real,study
pike,real,study
student,real,study
altitude,real,study
thich,pseudo,study
van,real,study
zip,real,study
zip,real,study
spet,pseudo,study
spet,pseudo,study
fault,real,study
throm,pseudo,study
stould,pseudo,study
kreen,pseudo,study
aggall,pseudo,study
aggall,pseudo,study
giant,real,study
fren,pseudo,study
van,real,study
thome,pseudo,study
treleton,pseudo,study
dunch,pseudo,study
swars,pseudo,study
trecimen,pseudo,study
treleton,pseudo,study
vills,pseudo,study
frawn,pseudo,study
stinds,pseudo,study
ginds,pseudo,study
drowblin,pseudo,study
phream,pseudo,study
feed,real,study
rink,real,study
dose,real,study
language,real,study
thome,pseudo,study
pope,real,study
sergeant,real,study
police,real,study
stould,pseudo,study
poker,real,study
brots,pseudo,study
pump,real,study
gnard,pseudo,study
purpose,real,study
hook,real,study
null,real,study
flight,real,study
wig,real,study
decision,real,study
sneep,pseudo,study
yates,pseudo,study
altitude,real,study
froo,pseudo,study
frawn,pseudo,study
spraw,pseudo,study
phream,pseudo,study
sived,pseudo,study
fight,real,study
nis,pseudo,study
pope,real,study
skarts,pseudo,study
tree,real,study
soldier,real,study
coal,real,study
pike,real,study
load,real,study
dose,real,study
trecimen,pseudo,study
sived,pseudo,study
purpose,real,study
nairs,pseudo,study
mule,real,study
shroad,pseudo,study
