186,pseudo,study
147,pseudo,study
123,pseudo,study
116,pseudo,study
215,pseudo,study
30,real,study
34,pseudo,study
55,pseudo,study
71,real,study
204,pseudo,study
182,real,study
54,pseudo,study
204,pseudo,study
191,pseudo,study
230,real,study
191,pseudo,study
91,real,study
228,real,study
54,pseudo,study
18,pseudo,study
84,real,study
70,real,study
228,real,study
40,real,study
20,real,study
62,real,study
50,real,study
18,real,study
185,pseudo,study
24,pseudo,study
160,pseudo,study
11,pseudo,study
20,real,study
24,pseudo,study
40,real,study
102,real,study
4,real,study
82,pseudo,study
30,pseudo,study
107,pseudo,study
154,pseudo,study
114,pseudo,study
30,real,study
186,pseudo,study
179,real,study
134,real,study
221,pseudo,study
113,real,study
81,real,study
103,real,study
156,pseudo,study
237,pseudo,study
199,pseudo,study
89,real,study
154,pseudo,study
162,real,study
14,pseudo,study
225,real,study
4,pseudo,study
209,pseudo,study
10,real,study
4,pseudo,study
102,real,study
34,pseudo,study
92,pseudo,study
209,pseudo,study
185,pseudo,study
42,pseudo,study
69,real,study
29,pseudo,study
179,real,study
71,real,study
30,pseudo,study
172,pseudo,study
147,pseudo,study
182,real,study
131,pseudo,study
50,real,study
18,pseudo,study
35,pseudo,study
82,pseudo,study
81,real,study
108,real,study
199,pseudo,study
69,real,study
237,real,study
108,real,study
21,real,study
225,real,study
116,pseudo,study
131,real,study
18,real,study
11,pseudo,study
194,real,study
99,real,study
84,real,study
91,real,study
13,pseudo,study
70,real,study
55,pseudo,study
29,real,study
12,real,study
12,real,study
29,real,study
62,real,study
99,pseudo,study
128,real,study
239,pseudo,study
140,pseudo,study
162,real,study
114,pseudo,study
94,pseudo,study
28,real,study
131,real,study
35,pseudo,study
230,real,study
123,pseudo,study
134,real,study
172,pseudo,study
135,real,study
145,pseudo,study
194,real,study
42,pseudo,study
29,pseudo,study
94,pseudo,study
215,pseudo,study
99,pseudo,study
240,real,study
237,pseudo,study
4,real,study
128,real,study
93,real,study
14,pseudo,study
135,real,study
178,real,study
99,real,study
237,real,study
209,real,study
113,real,study
156,pseudo,study
240,real,study
175,pseudo,study
145,pseudo,study
21,real,study
140,pseudo,study
107,pseudo,study
92,pseudo,study
160,pseudo,study
93,real,study
221,pseudo,study
178,real,study
103,real,study
10,real,study
89,real,study
239,pseudo,study
131,pseudo,study
13,pseudo,study
209,real,study
175,pseudo,study
28,real,study
