78,pseudo,study
172,pseudo,study
172,pseudo,study
110,pseudo,study
140,pseudo,study
40,pseudo,study
235,real,study
113,real,study
179,real,study
100,real,study
232,pseudo,study
7,pseudo,study
92,pseudo,study
157,real,study
115,pseudo,study
221,pseudo,study
69,pseudo,study
238,real,study
99,pseudo,study
32,real,study
21,pseudo,study
120,pseudo,study
12,pseudo,study
15,real,study
70,real,study
178,real,study
180,real,study
120,pseudo,study
65,pseudo,study
158,real,study
123,real,study
92,real,study
77,pseudo,study
40,pseudo,study
92,pseudo,study
7,pseudo,study
106,pseudo,study
74,real,study
72,pseudo,study
30,pseudo,study
30,pseudo,study
234,real,study
121,pseudo,study
185,pseudo,study
79,real,study
226,real,study
55,pseudo,study
108,real,study
29,real,study
29,real,study
227,real,study
157,real,study
106,pseudo,study
171,pseudo,study
109,pseudo,study
6,real,study
179,real,study
135,pseudo,study
121,pseudo,study
217,pseudo,study
165,real,study
131,real,study
91,pseudo,study
67,real,study
115,pseudo,study
56,real,study
232,pseudo,study
7,real,study
79,real,study
194,real,study
70,pseudo,study
196,real,study
86,real,study
146,real,study
22,real,study
226,real,study
108,pseudo,study
146,real,study
135,pseudo,study
227,real,study
74,real,study
109,pseudo,study
38,pseudo,study
100,real,study
65,pseudo,study
21,pseudo,study
12,pseudo,study
221,pseudo,study
185,real,study
194,pseudo,study
131,real,study
165,pseudo,study
194,real,study
158,real,study
28,real,study
78,pseudo,study
34,pseudo,study
234,real,study
40,real,study
28,real,study
34,pseudo,study
69,pseudo,study
169,pseudo,study
217,pseudo,study
185,pseudo,study
108,real,study
62,pseudo,study
171,pseudo,study
110,pseudo,study
99,pseudo,study
40,real,study
36,real,study
22,real,study
169,pseudo,study
113,real,study
6,real,study
70,pseudo,study
217,real,study
60,pseudo,study
182,pseudo,study
127,pseudo,study
55,pseudo,study
217,real,study
72,pseudo,study
91,pseudo,study
127,pseudo,study
235,real,study
178,real,study
194,pseudo,study
165,pseudo,study
123,real,study
62,pseudo,study
185,real,study
77,pseudo,study
86,real,study
108,pseudo,study
148,real,study
238,real,study
182,pseudo,study
67,real,study
200,real,study
70,real,study
56,real,study
165,real,study
61,pseudo,study
38,pseudo,study
61,pseudo,study
140,pseudo,study
15,real,study
2,real,study
200,real,study
180,real,study
36,real,study
60,pseudo,study
32,real,study
7,real,study
92,real,study
196,real,study
148,real,study
2,real,study
