stass,pseudo,study
neld,pseudo,study
mint,real,study
marriage,real,study
vorse,pseudo,study
cable,real,study
aggall,pseudo,study
borms,pseudo,study
shreet,pseudo,study
treleton,pseudo,study
breakfast,real,study
fun,real,study
feed,real,study
chelp,pseudo,study
yates,pseudo,study
gheet,pseudo,study
wuite,pseudo,study
congruoat,pseudo,study
chocolate,real,study
soy,real,study
shreet,pseudo,study
decision,real,study
percent,real,study
wresh,pseudo,study
interview,real,study
mint,real,study
downstairs,real,study
pork,real,study
glear,pseudo,study
forge,real,study
borms,pseudo,study
cable,real,study
accident,real,study
number,real,study
degs,pseudo,study
bead,real,study
pould,pseudo,study
program,real,study
yates,pseudo,study
crives,pseudo,study
block,real,study
thite,pseudo,study
percent,real,study
massage,real,study
thars,pseudo,study
wall,real,study
sail,real,study
tourse,pseudo,study
glanslator,pseudo,study
torch,real,study
block,real,study
neld,pseudo,study
crop,real,study
wash,real,study
fun,real,study
glanslator,pseudo,study
massage,real,study
yoke,real,study
chelp,pseudo,study
phream,pseudo,study
gnard,pseudo,study
trap,real,study
sneep,pseudo,study
sheriff,real,study
gheet,pseudo,study
prunk,pseudo,study
filtraneon,pseudo,study
trap,real,study
fold,real,study
attliction,pseudo,study
thite,pseudo,study
bathroom,real,study
froo,pseudo,study
wames,pseudo,study
number,real,study
drowblin,pseudo,study
vorse,pseudo,study
thich,pseudo,study
pork,real,study
downstairs,real,study
prile,pseudo,study
cone,real,study
stass,pseudo,study
eye,real,study
target,real,study
kitchen,real,study
degs,pseudo,study
phream,pseudo,study
cone,real,study
interest,real,study
gnard,pseudo,study
bathroom,real,study
brinds,pseudo,study
prether,pseudo,study
sail,real,study
feed,real,study
glear,pseudo,study
attliction,pseudo,study
floth,pseudo,study
chould,pseudo,study
evidence,real,study
marriage,real,study
sheriff,real,study
soy,real,study
wig,real,study
interview,real,study
trour,pseudo,study
fold,real,study
cruth,pseudo,study
treleton,pseudo,study
accident,real,study
pike,real,study
wames,pseudo,study
crop,real,study
river,real,study
thars,pseudo,study
filtraneon,pseudo,study
swort,pseudo,study
wall,real,study
froo,pseudo,study
wig,real,study
interest,real,study
chould,pseudo,study
crives,pseudo,study
eye,real,study
trour,pseudo,study
evidence,real,study
sneep,pseudo,study
wash,real,study
tourse,pseudo,study
program,real,study
swort,pseudo,study
forge,real,study
bead,real,study
yoke,real,study
care,real,study
torch,real,study
drowblin,pseudo,study
wuite,pseudo,study
floth,pseudo,study
target,real,study
care,real,study
pike,real,study
prether,pseudo,study
wresh,pseudo,study
decision,real,study
aggall,pseudo,study
prunk,pseudo,study
congruoat,pseudo,study
prile,pseudo,study
theer,pseudo,study
river,real,study
brinds,pseudo,study
pould,pseudo,study
chocolate,real,study
thich,pseudo,study
breakfast,real,study
theer,pseudo,study
kitchen,real,study
cruth,pseudo,study
