skarts,pseudo,study
firm,real,study
shape,real,study
wiece,pseudo,study
nones,pseudo,study
shape,real,study
doll,real,study
rords,pseudo,study
frost,real,study
grectral,pseudo,study
ginds,pseudo,study
splangle,pseudo,study
thome,pseudo,study
phank,pseudo,study
poison,real,study
ginger,real,study
mood,real,study
creath,pseudo,study
dream,real,study
bile,real,study
swars,pseudo,study
trecimen,pseudo,study
choud,pseudo,study
nuse,pseudo,study
phrass,pseudo,study
anybody,real,study
poison,real,study
crown,real,study
fission,real,study
crurch,pseudo,study
rush,real,study
slit,real,study
cise,pseudo,study
camp,real,study
director,real,study
staff,real,study
mart,real,study
phrass,pseudo,study
nacts,pseudo,study
opinion,real,study
motel,real,study
grive,pseudo,study
bleast,pseudo,study
anybody,real,study
thines,pseudo,study
scine,pseudo,study
director,real,study
nacts,pseudo,study
twan,pseudo,study
sire,real,study
nuse,pseudo,study
lawn,real,study
slen,pseudo,study
opinion,real,study
grape,real,study
mesh,real,study
grape,real,study
cise,pseudo,study
phank,pseudo,study
midnight,real,study
staff,real,study
giles,pseudo,study
grive,pseudo,study
fountain,real,study
stim,pseudo,study
camp,real,study
plales,pseudo,study
yesterday,real,study
doll,real,study
tiss,pseudo,study
weather,real,study
pair,real,study
colour,real,study
rords,pseudo,study
crase,pseudo,study
thown,pseudo,study
stredule,pseudo,study
mart,real,study
thome,pseudo,study
dream,real,study
thairs,pseudo,study
stink,real,study
jet,real,study
bile,real,study
wiece,pseudo,study
thines,pseudo,study
chicken,real,study
ginger,real,study
professor,real,study
inniberal,pseudo,study
rush,real,study
lawn,real,study
priend,pseudo,study
midnight,real,study
slouresce,pseudo,study
crurch,pseudo,study
twan,pseudo,study
trecimen,pseudo,study
gown,real,study
weather,real,study
smeed,pseudo,study
ginds,pseudo,study
jet,real,study
tomorrow,real,study
dorld,pseudo,study
crock,real,study
stink,real,study
priend,pseudo,study
slouresce,pseudo,study
mesh,real,study
splangle,pseudo,study
stredule,pseudo,study
colour,real,study
motel,real,study
fission,real,study
zip,real,study
giles,pseudo,study
zip,real,study
thairs,pseudo,study
shight,pseudo,study
creath,pseudo,study
nones,pseudo,study
stim,pseudo,study
yesterday,real,study
sire,real,study
gown,real,study
mood,real,study
dorld,pseudo,study
drum,real,study
spoes,pseudo,study
slen,pseudo,study
fountain,real,study
choud,pseudo,study
frince,pseudo,study
grectral,pseudo,study
swars,pseudo,study
plales,pseudo,study
bleast,pseudo,study
bolt,real,study
crown,real,study
tomorrow,real,study
pair,real,study
bolt,real,study
frost,real,study
scine,pseudo,study
crock,real,study
spoes,pseudo,study
tiss,pseudo,study
thown,pseudo,study
firm,real,study
drum,real,study
inniberal,pseudo,study
chicken,real,study
crase,pseudo,study
shight,pseudo,study
smeed,pseudo,study
professor,real,study
slit,real,study
frince,pseudo,study
skarts,pseudo,study
