160,pseudo,study
21,real,study
99,real,study
146,real,study
146,real,study
193,real,study
131,pseudo,study
26,pseudo,study
79,pseudo,study
121,real,study
75,real,study
13,real,study
14,pseudo,study
73,real,study
56,real,study
97,pseudo,study
75,pseudo,study
62,pseudo,study
1,real,study
54,real,study
114,pseudo,study
104,pseudo,study
154,pseudo,study
59,real,study
42,real,study
42,real,study
45,pseudo,study
121,real,study
65,real,study
67,real,study
236,real,study
12,real,study
58,pseudo,study
86,pseudo,study
178,real,study
63,pseudo,study
12,real,study
110,pseudo,study
202,real,study
208,real,study
63,pseudo,study
104,pseudo,study
17,pseudo,study
25,pseudo,study
14,pseudo,study
213,real,study
131,real,study
137,real,study
206,real,study
154,pseudo,study
141,real,study
115,pseudo,study
75,pseudo,study
30,pseudo,study
88,pseudo,study
123,real,study
20,real,study
205,pseudo,study
18,pseudo,study
52,real,study
79,pseudo,study
75,real,study
174,pseudo,study
86,pseudo,study
180,real,study
127,real,study
13,real,study
147,pseudo,study
1,real,study
76,pseudo,study
228,real,study
27,pseudo,study
231,pseudo,study
40,pseudo,study
174,pseudo,study
150,real,study
131,real,study
229,real,study
21,real,study
93,pseudo,study
124,pseudo,study
208,real,study
30,pseudo,study
124,pseudo,study
137,real,study
131,pseudo,study
47,real,study
62,pseudo,study
102,pseudo,study
93,pseudo,study
99,real,study
65,real,study
27,pseudo,study
94,pseudo,study
151,real,study
34,pseudo,study
18,pseudo,study
8,pseudo,study
228,real,study
110,pseudo,study
123,real,study
229,real,study
213,real,study
71,pseudo,study
56,real,study
45,pseudo,study
2,pseudo,study
73,real,study
26,pseudo,study
8,real,study
8,real,study
85,real,study
52,real,study
151,real,study
193,real,study
49,real,study
236,real,study
40,pseudo,study
34,pseudo,study
228,pseudo,study
228,pseudo,study
102,pseudo,study
62,real,study
59,real,study
205,pseudo,study
141,real,study
55,real,study
20,real,study
47,real,study
62,real,study
76,pseudo,study
146,pseudo,study
16,pseudo,study
231,pseudo,study
58,pseudo,study
25,pseudo,study
71,pseudo,study
114,pseudo,study
55,real,study
127,real,study
17,pseudo,study
49,real,study
67,real,study
8,pseudo,study
54,real,study
202,real,study
147,pseudo,study
85,real,study
16,pseudo,study
97,pseudo,study
115,pseudo,study
160,pseudo,study
2,pseudo,study
206,real,study
180,real,study
150,real,study
88,pseudo,study
94,pseudo,study
178,real,study
146,pseudo,study
