238,pseudo,study
221,pseudo,study
4,pseudo,study
205,real,study
227,pseudo,study
1,pseudo,study
139,real,study
86,pseudo,study
201,real,study
64,real,study
142,pseudo,study
58,real,study
206,pseudo,study
134,pseudo,study
127,real,study
227,pseudo,study
37,pseudo,study
199,pseudo,study
12,pseudo,study
102,real,study
149,pseudo,study
233,real,study
4,real,study
164,pseudo,study
183,real,study
136,pseudo,study
133,pseudo,study
231,real,study
184,real,study
12,pseudo,study
78,real,study
150,real,study
208,real,study
126,real,study
9,real,study
23,real,study
21,real,study
201,real,study
112,pseudo,study
156,real,study
48,real,study
186,pseudo,study
105,pseudo,study
175,real,study
146,pseudo,study
184,real,study
94,pseudo,study
121,real,study
212,pseudo,study
126,real,study
107,pseudo,study
124,pseudo,study
153,pseudo,study
142,pseudo,study
105,pseudo,study
134,pseudo,study
90,pseudo,study
233,real,study
221,pseudo,study
193,pseudo,study
9,real,study
168,real,study
149,pseudo,study
71,pseudo,study
97,real,study
58,real,study
23,real,study
194,real,study
107,pseudo,study
224,pseudo,study
159,real,study
183,real,study
90,pseudo,study
170,real,study
172,pseudo,study
136,pseudo,study
187,pseudo,study
15,pseudo,study
159,real,study
15,pseudo,study
97,real,study
206,pseudo,study
60,real,study
105,real,study
147,pseudo,study
156,real,study
71,pseudo,study
205,real,study
57,pseudo,study
172,pseudo,study
93,pseudo,study
119,real,study
43,pseudo,study
175,real,study
168,real,study
231,real,study
59,real,study
208,real,study
1,real,study
153,pseudo,study
50,pseudo,study
146,pseudo,study
150,real,study
187,pseudo,study
1,real,study
238,pseudo,study
164,pseudo,study
78,real,study
55,pseudo,study
139,real,study
133,pseudo,study
48,real,study
17,real,study
33,real,study
170,real,study
105,real,study
50,pseudo,study
43,pseudo,study
119,real,study
64,real,study
93,pseudo,study
1,pseudo,study
157,real,study
121,real,study
21,real,study
4,real,study
4,pseudo,study
102,pseudo,study
141,pseudo,study
149,real,study
18,real,study
86,pseudo,study
186,pseudo,study
59,real,study
102,pseudo,study
57,pseudo,study
112,pseudo,study
37,pseudo,study
55,pseudo,study
70,real,study
157,real,study
60,real,study
212,pseudo,study
149,real,study
224,pseudo,study
17,real,study
70,real,study
127,real,study
124,pseudo,study
141,pseudo,study
194,real,study
196,real,study
196,real,study
102,real,study
33,real,study
193,pseudo,study
147,pseudo,study
18,real,study
94,pseudo,study
199,pseudo,study
