gheet,pseudo,study
crase,pseudo,study
crime,real,study
change,real,study
witness,real,study
cright,pseudo,study
community,real,study
seam,real,study
president,real,study
felse,pseudo,study
vonce,pseudo,study
song,real,study
vills,pseudo,study
slen,pseudo,study
phants,pseudo,study
swith,pseudo,study
nones,pseudo,study
cloose,pseudo,study
cable,real,study
pump,real,study
pump,real,study
stips,pseudo,study
wresh,pseudo,study
zands,pseudo,study
prile,pseudo,study
glow,real,study
shandstand,pseudo,study
inniberal,pseudo,study
soy,real,study
crown,real,study
thich,pseudo,study
cloose,pseudo,study
nonsense,real,study
song,real,study
vorse,pseudo,study
nairs,pseudo,study
spords,pseudo,study
seam,real,study
pould,pseudo,study
shape,real,study
yared,pseudo,study
dagger,real,study
vorse,pseudo,study
krey,pseudo,study
vense,pseudo,study
fear,real,study
neld,pseudo,study
glanslator,pseudo,study
zount,pseudo,study
skrong,pseudo,study
troes,pseudo,study
nones,pseudo,study
lust,real,study
guy,real,study
null,real,study
wig,real,study
doe,real,study
spice,real,study
yared,pseudo,study
twan,pseudo,study
shees,pseudo,study
yats,pseudo,study
shandstand,pseudo,study
wonder,real,study
streer,pseudo,study
river,real,study
guy,real,study
license,real,study
spoes,pseudo,study
wig,real,study
season,real,study
number,real,study
gheet,pseudo,study
felse,pseudo,study
null,real,study
crown,real,study
skrong,pseudo,study
grive,pseudo,study
fear,real,study
swith,pseudo,study
firm,real,study
shees,pseudo,study
patient,real,study
zount,pseudo,study
pould,pseudo,study
soy,real,study
change,real,study
gentleman,real,study
troes,pseudo,study
crime,real,study
cright,pseudo,study
lust,real,study
yats,pseudo,study
hook,real,study
twan,pseudo,study
master,real,study
krey,pseudo,study
patient,real,study
nairs,pseudo,study
witness,real,study
glow,real,study
weather,real,study
neld,pseudo,study
glanslator,pseudo,study
page,real,study
crase,pseudo,study
surgery,real,study
rhurch,pseudo,study
miracle,real,study
grive,pseudo,study
wresh,pseudo,study
shape,real,study
spords,pseudo,study
gown,real,study
wonder,real,study
prile,pseudo,study
vills,pseudo,study
gentleman,real,study
slen,pseudo,study
page,real,study
weather,real,study
community,real,study
cable,real,study
season,real,study
hook,real,study
thet,pseudo,study
thich,pseudo,study
river,real,study
grape,real,study
phank,pseudo,study
streer,pseudo,study
rhurch,pseudo,study
skarts,pseudo,study
vense,pseudo,study
slit,real,study
doe,real,study
skarts,pseudo,study
miracle,real,study
thet,pseudo,study
inniberal,pseudo,study
phank,pseudo,study
master,real,study
number,real,study
nonsense,real,study
license,real,study
gown,real,study
surgery,real,study
spice,real,study
zands,pseudo,study
grape,real,study
stips,pseudo,study
phants,pseudo,study
dagger,real,study
spoes,pseudo,study
slit,real,study
vonce,pseudo,study
restaurant,real,study
president,real,study
firm,real,study
restaurant,real,study
