chorce,pseudo,study
bunk,real,study
husband,real,study
clief,pseudo,study
blark,pseudo,study
swest,pseudo,study
decision,real,study
wall,real,study
bang,real,study
thines,pseudo,study
gomes,pseudo,study
box,real,study
nis,pseudo,study
spell,real,study
nis,pseudo,study
pike,real,study
mees,pseudo,study
kreat,pseudo,study
lore,real,study
wort,real,study
plense,pseudo,study
insurance,real,study
crock,real,study
cruth,pseudo,study
snells,pseudo,study
pup,real,study
demon,real,study
interview,real,study
dorth,pseudo,study
plense,pseudo,study
chain,real,study
pruit,pseudo,study
bit,real,study
smeed,pseudo,study
glam,pseudo,study
gomes,pseudo,study
tiss,pseudo,study
rocket,real,study
pruit,pseudo,study
pange,pseudo,study
truce,real,study
bunk,real,study
iggitation,pseudo,study
clept,pseudo,study
pitch,real,study
whoss,pseudo,study
clief,pseudo,study
rocket,real,study
truce,real,study
chip,real,study
tomorrow,real,study
midnight,real,study
bastard,real,study
blass,pseudo,study
trour,pseudo,study
iggitation,pseudo,study
pup,real,study
bang,real,study
tiss,pseudo,study
snats,pseudo,study
interview,real,study
chorce,pseudo,study
creath,pseudo,study
snells,pseudo,study
crock,real,study
rent,real,study
attorney,real,study
jury,real,study
forge,real,study
tomorrow,real,study
swars,pseudo,study
stitch,real,study
throuch,pseudo,study
pitch,real,study
science,real,study
kreat,pseudo,study
wort,real,study
ego,real,study
smorth,pseudo,study
crell,pseudo,study
bile,real,study
stitch,real,study
trail,real,study
practice,real,study
swest,pseudo,study
bolt,real,study
drist,pseudo,study
chip,real,study
thown,pseudo,study
wall,real,study
chain,real,study
snow,real,study
blark,pseudo,study
attorney,real,study
whoss,pseudo,study
mart,real,study
creath,pseudo,study
snow,real,study
jury,real,study
gath,pseudo,study
priend,pseudo,study
leer,real,study
cleist,pseudo,study
zalk,pseudo,study
bile,real,study
promise,real,study
demon,real,study
thines,pseudo,study
smorth,pseudo,study
tourse,pseudo,study
practice,real,study
rent,real,study
bolt,real,study
mart,real,study
prounds,pseudo,study
priend,pseudo,study
mees,pseudo,study
smone,pseudo,study
science,real,study
leer,real,study
smeed,pseudo,study
prounds,pseudo,study
dreril,pseudo,study
gath,pseudo,study
box,real,study
promise,real,study
decision,real,study
swars,pseudo,study
pange,pseudo,study
insurance,real,study
cruth,pseudo,study
lore,real,study
trour,pseudo,study
snats,pseudo,study
smone,pseudo,study
thown,pseudo,study
sheriff,real,study
bastard,real,study
forge,real,study
midnight,real,study
pike,real,study
froud,pseudo,study
crell,pseudo,study
dorth,pseudo,study
clept,pseudo,study
dreril,pseudo,study
blass,pseudo,study
bit,real,study
cleist,pseudo,study
tourse,pseudo,study
ego,real,study
zalk,pseudo,study
froud,pseudo,study
glam,pseudo,study
husband,real,study
throuch,pseudo,study
sheriff,real,study
trail,real,study
spell,real,study
drist,pseudo,study
