22,pseudo,study
202,real,study
191,real,study
25,real,study
21,pseudo,study
112,real,study
119,pseudo,study
31,pseudo,study
75,real,study
238,real,study
213,pseudo,study
223,real,study
17,real,study
163,real,study
222,pseudo,study
134,pseudo,study
111,pseudo,study
212,pseudo,study
179,pseudo,study
197,pseudo,study
95,pseudo,study
54,real,study
205,pseudo,study
205,pseudo,study
31,pseudo,study
17,pseudo,study
16,real,study
147,real,study
100,real,study
132,real,study
137,real,study
157,pseudo,study
223,real,study
238,pseudo,study
145,pseudo,study
71,pseudo,study
105,real,study
145,pseudo,study
21,pseudo,study
96,pseudo,study
119,real,study
179,pseudo,study
180,pseudo,study
216,real,study
206,pseudo,study
180,pseudo,study
41,pseudo,study
215,pseudo,study
197,pseudo,study
158,pseudo,study
134,pseudo,study
16,real,study
112,real,study
100,real,study
13,real,study
37,real,study
80,real,study
10,real,study
2,pseudo,study
71,pseudo,study
63,pseudo,study
202,real,study
216,pseudo,study
41,pseudo,study
188,pseudo,study
217,real,study
172,real,study
224,real,study
203,pseudo,study
60,real,study
238,real,study
166,pseudo,study
137,real,study
208,real,study
119,real,study
97,real,study
167,real,study
234,pseudo,study
60,real,study
54,real,study
111,pseudo,study
226,real,study
63,pseudo,study
66,pseudo,study
170,real,study
159,real,study
170,real,study
172,real,study
133,pseudo,study
75,real,study
188,pseudo,study
105,pseudo,study
208,pseudo,study
174,real,study
226,real,study
192,real,study
217,real,study
22,pseudo,study
212,pseudo,study
72,pseudo,study
136,pseudo,study
17,pseudo,study
13,real,study
105,pseudo,study
19,pseudo,study
159,real,study
163,real,study
208,real,study
222,pseudo,study
234,pseudo,study
2,pseudo,study
53,pseudo,study
167,real,study
25,real,study
72,pseudo,study
15,real,study
97,real,study
96,pseudo,study
132,real,study
84,pseudo,study
15,real,study
208,pseudo,study
114,real,study
10,real,study
174,real,study
216,pseudo,study
37,real,study
236,real,study
147,real,study
158,pseudo,study
238,pseudo,study
88,real,study
4,real,study
203,pseudo,study
206,pseudo,study
213,pseudo,study
119,pseudo,study
4,real,study
95,pseudo,study
236,real,study
215,pseudo,study
216,real,study
136,pseudo,study
157,pseudo,study
166,pseudo,study
66,pseudo,study
19,pseudo,study
191,real,study
114,real,study
17,real,study
53,pseudo,study
179,real,study
192,real,study
133,pseudo,study
224,real,study
84,pseudo,study
179,real,study
88,real,study
105,real,study
80,real,study
