69,real,study
149,real,study
231,real,study
134,pseudo,study
34,real,study
163,real,study
17,pseudo,study
212,pseudo,study
107,pseudo,study
101,real,study
186,pseudo,study
144,pseudo,study
212,pseudo,study
69,pseudo,study
156,real,study
88,real,study
41,pseudo,study
169,pseudo,study
6,pseudo,study
149,real,study
112,real,study
116,pseudo,study
87,pseudo,study
1,pseudo,study
96,pseudo,study
6,real,study
156,real,study
81,pseudo,study
202,real,study
218,pseudo,study
9,pseudo,study
180,real,study
173,pseudo,study
187,real,study
86,real,study
139,pseudo,study
41,pseudo,study
163,real,study
193,real,study
134,pseudo,study
77,real,study
187,real,study
57,pseudo,study
87,pseudo,study
70,pseudo,study
27,real,study
113,pseudo,study
126,pseudo,study
71,pseudo,study
29,pseudo,study
126,pseudo,study
193,real,study
55,pseudo,study
113,real,study
55,pseudo,study
137,pseudo,study
146,real,study
183,real,study
159,real,study
218,pseudo,study
109,real,study
137,pseudo,study
96,pseudo,study
133,pseudo,study
57,pseudo,study
170,pseudo,study
89,real,study
147,pseudo,study
121,real,study
115,pseudo,study
71,pseudo,study
231,pseudo,study
216,real,study
147,pseudo,study
71,real,study
216,real,study
112,real,study
88,pseudo,study
134,real,study
90,pseudo,study
11,real,study
227,real,study
27,real,study
6,real,study
86,real,study
98,real,study
69,real,study
1,pseudo,study
23,real,study
67,real,study
224,real,study
70,pseudo,study
109,real,study
231,real,study
69,pseudo,study
144,pseudo,study
55,real,study
98,real,study
113,pseudo,study
139,pseudo,study
186,pseudo,study
170,pseudo,study
31,pseudo,study
24,pseudo,study
14,pseudo,study
224,real,study
6,pseudo,study
134,real,study
107,pseudo,study
17,pseudo,study
35,real,study
115,pseudo,study
164,pseudo,study
34,real,study
77,real,study
202,real,study
180,real,study
121,real,study
71,real,study
227,real,study
31,pseudo,study
197,real,study
166,real,study
169,pseudo,study
146,real,study
176,pseudo,study
175,real,study
90,pseudo,study
81,pseudo,study
11,real,study
19,pseudo,study
42,real,study
231,pseudo,study
225,real,study
133,pseudo,study
183,real,study
113,real,study
24,pseudo,study
88,pseudo,study
14,pseudo,study
29,pseudo,study
19,pseudo,study
197,real,study
42,real,study
164,pseudo,study
159,real,study
67,real,study
23,real,study
116,pseudo,study
225,real,study
55,real,study
101,real,study
175,real,study
35,real,study
176,pseudo,study
88,real,study
89,real,study
166,real,study
173,pseudo,study
9,pseudo,study
