jince,pseudo,study
chould,pseudo,study
fountain,real,study
interview,real,study
director,real,study
coal,real,study
gheet,pseudo,study
sire,real,study
brans,pseudo,study
veen,pseudo,study
account,real,study
drong,pseudo,study
process,real,study
throuch,pseudo,study
master,real,study
dunch,pseudo,study
zalls,pseudo,study
altitude,real,study
emergency,real,study
director,real,study
swars,pseudo,study
motel,real,study
brer,pseudo,study
gheet,pseudo,study
plene,pseudo,study
freeze,real,study
grix,pseudo,study
football,real,study
yesterday,real,study
scruck,pseudo,study
jouse,pseudo,study
wash,real,study
throuch,pseudo,study
staff,real,study
van,real,study
states,real,study
zalk,pseudo,study
fun,real,study
jouse,pseudo,study
nis,pseudo,study
twose,pseudo,study
crell,pseudo,study
crallow,pseudo,study
glasses,real,study
stitch,real,study
box,real,study
door,real,study
brinds,pseudo,study
chip,real,study
prave,pseudo,study
process,real,study
jince,pseudo,study
flind,pseudo,study
chip,real,study
scine,pseudo,study
drowblin,pseudo,study
phall,pseudo,study
account,real,study
stitch,real,study
vonce,pseudo,study
keaves,pseudo,study
condition,real,study
freeze,real,study
teacher,real,study
crown,real,study
reectont,pseudo,study
nis,pseudo,study
twose,pseudo,study
hank,real,study
snells,pseudo,study
wash,real,study
greal,pseudo,study
zalk,pseudo,study
crallow,pseudo,study
football,real,study
condition,real,study
streer,pseudo,study
crell,pseudo,study
hatch,real,study
bay,real,study
snells,pseudo,study
streer,pseudo,study
hank,real,study
reectont,pseudo,study
prave,pseudo,study
glow,real,study
pange,pseudo,study
drowblin,pseudo,study
van,real,study
pump,real,study
spords,pseudo,study
flind,pseudo,study
greal,pseudo,study
bit,real,study
sire,real,study
dunch,pseudo,study
slen,pseudo,study
cleist,pseudo,study
bullet,real,study
swars,pseudo,study
spraw,pseudo,study
wiece,pseudo,study
box,real,study
brinds,pseudo,study
trote,pseudo,study
states,real,study
door,real,study
zalls,pseudo,study
coal,real,study
voved,pseudo,study
ego,real,study
scine,pseudo,study
hatch,real,study
motel,real,study
veen,pseudo,study
cleist,pseudo,study
interview,real,study
phall,pseudo,study
leg,real,study
drong,pseudo,study
crown,real,study
trote,pseudo,study
wiece,pseudo,study
brer,pseudo,study
miracle,real,study
glow,real,study
axe,real,study
vonce,pseudo,study
staff,real,study
keaves,pseudo,study
bay,real,study
plate,real,study
load,real,study
master,real,study
bit,real,study
slen,pseudo,study
fun,real,study
bullet,real,study
pange,pseudo,study
glasses,real,study
scruck,pseudo,study
fountain,real,study
emergency,real,study
pump,real,study
grix,pseudo,study
chould,pseudo,study
miracle,real,study
spraw,pseudo,study
altitude,real,study
ego,real,study
plene,pseudo,study
yesterday,real,study
load,real,study
leg,real,study
teacher,real,study
voved,pseudo,study
spords,pseudo,study
plate,real,study
brans,pseudo,study
axe,real,study
