vallisit,pseudo,study
splim,pseudo,study
muck,real,study
pights,pseudo,study
groys,pseudo,study
page,real,study
cright,pseudo,study
crop,real,study
rirls,pseudo,study
toast,real,study
groys,pseudo,study
cring,pseudo,study
doe,real,study
wames,pseudo,study
bleast,pseudo,study
lawn,real,study
tree,real,study
princess,real,study
wort,real,study
yoke,real,study
tith,pseudo,study
stry,pseudo,study
dinner,real,study
guy,real,study
guy,real,study
cruth,pseudo,study
wonder,real,study
muck,real,study
ginger,real,study
chelp,pseudo,study
null,real,study
fission,real,study
mart,real,study
prile,pseudo,study
birch,real,study
rirls,pseudo,study
vallisit,pseudo,study
nones,pseudo,study
pike,real,study
chicken,real,study
dream,real,study
torch,real,study
witness,real,study
tree,real,study
dinner,real,study
soldier,real,study
toast,real,study
gath,pseudo,study
peads,pseudo,study
situation,real,study
machine,real,study
hook,real,study
husband,real,study
yoke,real,study
thines,pseudo,study
doe,real,study
chicken,real,study
gomes,pseudo,study
stent,pseudo,study
throm,pseudo,study
congruoat,pseudo,study
brinner,pseudo,study
shight,pseudo,study
nones,pseudo,study
yats,pseudo,study
wosts,pseudo,study
bleast,pseudo,study
thars,pseudo,study
decision,real,study
strimes,pseudo,study
husband,real,study
torch,real,study
spell,real,study
trecimen,pseudo,study
cring,pseudo,study
princess,real,study
birch,real,study
thars,pseudo,study
support,real,study
neld,pseudo,study
cruth,pseudo,study
ginger,real,study
taid,pseudo,study
congruoat,pseudo,study
cright,pseudo,study
page,real,study
spell,real,study
marriage,real,study
wax,real,study
tomorrow,real,study
dream,real,study
shandstand,pseudo,study
trecimen,pseudo,study
lab,real,study
null,real,study
creer,pseudo,study
midnight,real,study
peads,pseudo,study
machine,real,study
taid,pseudo,study
situation,real,study
midnight,real,study
tith,pseudo,study
stross,pseudo,study
prile,pseudo,study
thines,pseudo,study
stry,pseudo,study
accident,real,study
crop,real,study
wax,real,study
hook,real,study
pights,pseudo,study
lawn,real,study
shight,pseudo,study
yats,pseudo,study
throm,pseudo,study
pike,real,study
strimes,pseudo,study
wort,real,study
lab,real,study
support,real,study
fission,real,study
accident,real,study
splim,pseudo,study
strope,pseudo,study
pleasure,real,study
creer,pseudo,study
chelp,pseudo,study
gars,pseudo,study
stent,pseudo,study
spice,real,study
yared,pseudo,study
tomorrow,real,study
filtraneon,pseudo,study
brinner,pseudo,study
clars,pseudo,study
soldier,real,study
wonder,real,study
wames,pseudo,study
filtraneon,pseudo,study
spoes,pseudo,study
gill,real,study
spice,real,study
witness,real,study
neld,pseudo,study
gill,real,study
wosts,pseudo,study
clars,pseudo,study
stross,pseudo,study
marriage,real,study
strope,pseudo,study
gomes,pseudo,study
gath,pseudo,study
decision,real,study
spoes,pseudo,study
shandstand,pseudo,study
mart,real,study
yared,pseudo,study
pleasure,real,study
gars,pseudo,study
