6,real,study
211,real,study
29,real,study
127,real,study
55,real,study
178,pseudo,study
160,real,study
107,real,study
117,real,study
179,real,study
24,pseudo,study
192,real,study
109,pseudo,study
11,real,study
91,real,study
117,pseudo,study
77,real,study
61,pseudo,study
96,pseudo,study
154,real,study
115,real,study
38,real,study
41,pseudo,study
22,real,study
1,pseudo,study
184,pseudo,study
127,real,study
48,real,study
240,pseudo,study
170,pseudo,study
233,real,study
3,pseudo,study
113,real,study
142,real,study
60,real,study
118,pseudo,study
123,pseudo,study
219,real,study
217,pseudo,study
76,pseudo,study
160,real,study
72,pseudo,study
235,real,study
95,real,study
149,pseudo,study
49,pseudo,study
91,pseudo,study
91,pseudo,study
11,pseudo,study
14,real,study
225,pseudo,study
211,real,study
77,real,study
227,real,study
100,pseudo,study
92,real,study
178,pseudo,study
40,pseudo,study
72,pseudo,study
62,real,study
135,real,study
240,pseudo,study
115,real,study
100,pseudo,study
21,real,study
233,real,study
92,pseudo,study
189,pseudo,study
120,pseudo,study
117,real,study
165,pseudo,study
123,real,study
5,real,study
45,pseudo,study
107,real,study
118,pseudo,study
165,pseudo,study
91,real,study
123,pseudo,study
125,pseudo,study
184,pseudo,study
209,real,study
167,pseudo,study
189,pseudo,study
192,real,study
48,real,study
179,real,study
217,pseudo,study
125,pseudo,study
49,pseudo,study
29,real,study
55,real,study
92,real,study
38,real,study
70,real,study
227,real,study
198,pseudo,study
61,pseudo,study
40,pseudo,study
43,pseudo,study
135,real,study
21,real,study
141,pseudo,study
120,pseudo,study
219,real,study
3,pseudo,study
54,real,study
53,real,study
114,real,study
225,pseudo,study
128,real,study
41,pseudo,study
39,pseudo,study
43,pseudo,study
128,real,study
141,pseudo,study
62,real,study
28,real,study
121,pseudo,study
60,real,study
24,pseudo,study
6,real,study
22,real,study
149,pseudo,study
172,pseudo,study
134,pseudo,study
167,pseudo,study
117,pseudo,study
114,real,study
134,pseudo,study
142,real,study
53,real,study
92,pseudo,study
235,real,study
96,pseudo,study
14,real,study
198,pseudo,study
109,pseudo,study
209,real,study
76,pseudo,study
154,real,study
54,real,study
1,pseudo,study
121,pseudo,study
172,pseudo,study
113,real,study
197,pseudo,study
123,real,study
30,pseudo,study
45,pseudo,study
70,real,study
95,real,study
170,pseudo,study
11,real,study
39,pseudo,study
30,pseudo,study
197,pseudo,study
28,real,study
11,pseudo,study
5,real,study
