64,real,study
151,pseudo,study
214,pseudo,study
98,pseudo,study
65,real,study
5,pseudo,study
151,real,study
135,pseudo,study
72,real,study
138,pseudo,study
237,real,study
84,pseudo,study
53,real,study
112,pseudo,study
208,real,study
236,pseudo,study
236,pseudo,study
179,pseudo,study
2,pseudo,study
174,real,study
155,pseudo,study
152,real,study
212,real,study
3,pseudo,study
133,pseudo,study
217,real,study
163,real,study
201,real,study
142,pseudo,study
216,pseudo,study
63,real,study
202,pseudo,study
2,pseudo,study
152,real,study
166,pseudo,study
3,pseudo,study
165,pseudo,study
161,real,study
216,pseudo,study
61,real,study
221,real,study
230,pseudo,study
140,pseudo,study
207,pseudo,study
112,pseudo,study
229,pseudo,study
186,pseudo,study
73,pseudo,study
72,real,study
153,pseudo,study
61,real,study
165,pseudo,study
137,real,study
63,real,study
199,real,study
217,real,study
117,real,study
118,pseudo,study
168,pseudo,study
205,real,study
71,pseudo,study
117,pseudo,study
239,pseudo,study
22,real,study
168,pseudo,study
214,real,study
79,real,study
228,real,study
137,real,study
138,pseudo,study
228,real,study
214,pseudo,study
155,pseudo,study
24,pseudo,study
208,real,study
151,pseudo,study
197,real,study
139,pseudo,study
24,pseudo,study
201,real,study
79,pseudo,study
237,real,study
5,pseudo,study
98,pseudo,study
160,real,study
86,pseudo,study
99,pseudo,study
79,real,study
155,real,study
101,real,study
161,real,study
126,real,study
212,real,study
139,pseudo,study
213,pseudo,study
45,real,study
151,real,study
30,pseudo,study
213,pseudo,study
90,real,study
91,real,study
71,pseudo,study
73,pseudo,study
86,pseudo,study
178,real,study
214,real,study
153,pseudo,study
186,pseudo,study
136,real,study
140,pseudo,study
22,real,study
196,pseudo,study
136,real,study
99,pseudo,study
79,pseudo,study
45,real,study
155,real,study
229,pseudo,study
117,real,study
197,real,study
166,pseudo,study
47,real,study
202,pseudo,study
230,pseudo,study
179,pseudo,study
199,real,study
30,pseudo,study
94,real,study
91,real,study
90,real,study
53,real,study
163,real,study
94,pseudo,study
239,pseudo,study
47,real,study
160,real,study
142,pseudo,study
159,real,study
101,real,study
126,real,study
13,real,study
135,pseudo,study
196,pseudo,study
205,real,study
104,real,study
94,real,study
133,pseudo,study
64,real,study
118,pseudo,study
13,real,study
117,pseudo,study
84,pseudo,study
221,real,study
65,real,study
207,pseudo,study
94,pseudo,study
104,real,study
174,real,study
159,real,study
178,real,study
