smands,pseudo,study
bang,real,study
bud,real,study
leer,real,study
swean,pseudo,study
strimes,pseudo,study
cring,pseudo,study
gnard,pseudo,study
tocks,pseudo,study
swean,pseudo,study
iggitation,pseudo,study
chelp,pseudo,study
phall,pseudo,study
captain,real,study
fold,real,study
pleaties,pseudo,study
tith,pseudo,study
door,real,study
science,real,study
attorney,real,study
spones,pseudo,study
phall,pseudo,study
skrong,pseudo,study
thairs,pseudo,study
firm,real,study
captain,real,study
dinner,real,study
mask,real,study
kreat,pseudo,study
iggitation,pseudo,study
novice,real,study
gars,pseudo,study
gars,pseudo,study
grix,pseudo,study
meat,real,study
coal,real,study
weather,real,study
clars,pseudo,study
grix,pseudo,study
blied,pseudo,study
altitude,real,study
froud,pseudo,study
stent,pseudo,study
blied,pseudo,study
someone,real,study
gath,pseudo,study
breakfast,real,study
whoss,pseudo,study
chocolate,real,study
crell,pseudo,study
smorth,pseudo,study
seam,real,study
cring,pseudo,study
chelp,pseudo,study
hole,real,study
weather,real,study
centre,real,study
phrise,pseudo,study
cone,real,study
bud,real,study
flind,pseudo,study
rocket,real,study
season,real,study
throm,pseudo,study
phants,pseudo,study
skrong,pseudo,study
leer,real,study
princess,real,study
cat,real,study
tree,real,study
coal,real,study
science,real,study
ginger,real,study
clars,pseudo,study
firm,real,study
cat,real,study
page,real,study
dinner,real,study
gath,pseudo,study
himes,pseudo,study
centre,real,study
downstairs,real,study
phants,pseudo,study
kreat,pseudo,study
tocks,pseudo,study
door,real,study
greal,pseudo,study
yared,pseudo,study
pleaties,pseudo,study
princess,real,study
meat,real,study
feed,real,study
crell,pseudo,study
bang,real,study
whoss,pseudo,study
patient,real,study
novice,real,study
spones,pseudo,study
fratements,pseudo,study
feed,real,study
stent,pseudo,study
yared,pseudo,study
strimes,pseudo,study
anybody,real,study
season,real,study
bullet,real,study
seam,real,study
tith,pseudo,study
dune,real,study
tree,real,study
arrenuate,pseudo,study
brinner,pseudo,study
greal,pseudo,study
creath,pseudo,study
flind,pseudo,study
mask,real,study
zount,pseudo,study
frars,pseudo,study
downstairs,real,study
zount,pseudo,study
river,real,study
arrenuate,pseudo,study
froud,pseudo,study
krey,pseudo,study
vord,pseudo,study
dune,real,study
bullet,real,study
frars,pseudo,study
krey,pseudo,study
rocket,real,study
van,real,study
throm,pseudo,study
vord,pseudo,study
hole,real,study
page,real,study
himes,pseudo,study
van,real,study
thairs,pseudo,study
gnard,pseudo,study
fratements,pseudo,study
someone,real,study
gill,real,study
altitude,real,study
gill,real,study
ginger,real,study
cone,real,study
patient,real,study
chocolate,real,study
breakfast,real,study
daughter,real,study
river,real,study
smorth,pseudo,study
fold,real,study
creath,pseudo,study
attorney,real,study
brinner,pseudo,study
phrise,pseudo,study
daughter,real,study
anybody,real,study
smands,pseudo,study
