motel,real,study
crust,real,study
shem,pseudo,study
bit,real,study
dagger,real,study
nairs,pseudo,study
jouse,pseudo,study
vonce,pseudo,study
zalls,pseudo,study
harp,real,study
situation,real,study
spled,pseudo,study
shees,pseudo,study
marriage,real,study
treleton,pseudo,study
cable,real,study
splim,pseudo,study
soy,real,study
lust,real,study
longuisher,pseudo,study
wort,real,study
prave,pseudo,study
spice,real,study
smise,pseudo,study
suspect,real,study
colour,real,study
chorce,pseudo,study
brans,pseudo,study
glow,real,study
husband,real,study
toast,real,study
pleasure,real,study
spled,pseudo,study
congruoat,pseudo,study
professor,real,study
stross,pseudo,study
monster,real,study
box,real,study
insurance,real,study
blark,pseudo,study
professor,real,study
emergency,real,study
wax,real,study
spice,real,study
trap,real,study
splim,pseudo,study
colour,real,study
treleton,pseudo,study
stips,pseudo,study
neld,pseudo,study
stould,pseudo,study
giant,real,study
zalls,pseudo,study
smise,pseudo,study
gentleman,real,study
trecimen,pseudo,study
situation,real,study
peach,real,study
soy,real,study
massage,real,study
chorce,pseudo,study
swith,pseudo,study
stredule,pseudo,study
jouse,pseudo,study
congruoat,pseudo,study
spet,pseudo,study
crust,real,study
jince,pseudo,study
fass,pseudo,study
boose,pseudo,study
vonce,pseudo,study
zalk,pseudo,study
dagger,real,study
nairs,pseudo,study
care,real,study
insurance,real,study
prayer,real,study
demon,real,study
glear,pseudo,study
scruck,pseudo,study
peach,real,study
rirls,pseudo,study
jince,pseudo,study
fass,pseudo,study
longuisher,pseudo,study
marriage,real,study
motel,real,study
theer,pseudo,study
demon,real,study
pope,real,study
sived,pseudo,study
lust,real,study
massage,real,study
glow,real,study
boose,pseudo,study
trote,pseudo,study
pope,real,study
sign,real,study
giant,real,study
aggall,pseudo,study
scruck,pseudo,study
aggall,pseudo,study
spet,pseudo,study
prave,pseudo,study
suspect,real,study
crop,real,study
neld,pseudo,study
box,real,study
stross,pseudo,study
chip,real,study
glear,pseudo,study
prayer,real,study
blark,pseudo,study
sign,real,study
drum,real,study
trap,real,study
shoe,real,study
shees,pseudo,study
toast,real,study
whilk,pseudo,study
brans,pseudo,study
stould,pseudo,study
monster,real,study
gentleman,real,study
chip,real,study
quarter,real,study
bit,real,study
whilk,pseudo,study
drum,real,study
crop,real,study
emergency,real,study
cable,real,study
brinds,pseudo,study
care,real,study
husband,real,study
theer,pseudo,study
ginds,pseudo,study
flinness,pseudo,study
harp,real,study
quarter,real,study
trecimen,pseudo,study
wort,real,study
grape,real,study
rirls,pseudo,study
stips,pseudo,study
brinds,pseudo,study
stredule,pseudo,study
sived,pseudo,study
phrass,pseudo,study
ginds,pseudo,study
pleasure,real,study
trote,pseudo,study
swith,pseudo,study
shem,pseudo,study
grape,real,study
zalk,pseudo,study
flinness,pseudo,study
wax,real,study
phrass,pseudo,study
shoe,real,study
