75,pseudo,study
4,pseudo,study
62,pseudo,study
240,real,study
195,pseudo,study
206,real,study
55,pseudo,study
29,real,study
152,pseudo,study
110,pseudo,study
153,pseudo,study
49,real,study
65,real,study
14,real,study
108,pseudo,study
221,pseudo,study
168,pseudo,study
5,real,study
160,pseudo,study
214,real,study
233,real,study
98,pseudo,study
115,real,study
55,pseudo,study
212,real,study
83,real,study
124,real,study
174,pseudo,study
87,real,study
98,real,study
80,pseudo,study
10,pseudo,study
193,real,study
14,real,study
239,pseudo,study
30,real,study
65,pseudo,study
38,pseudo,study
116,real,study
186,real,study
212,real,study
175,pseudo,study
39,pseudo,study
45,real,study
173,real,study
110,pseudo,study
227,real,study
115,pseudo,study
104,pseudo,study
116,real,study
115,pseudo,study
237,pseudo,study
149,pseudo,study
57,real,study
83,real,study
219,real,study
237,pseudo,study
6,real,study
62,pseudo,study
104,pseudo,study
1,pseudo,study
214,real,study
57,pseudo,study
184,real,study
147,pseudo,study
123,real,study
79,real,study
175,real,study
160,pseudo,study
221,pseudo,study
30,pseudo,study
125,pseudo,study
232,pseudo,study
118,pseudo,study
14,pseudo,study
240,pseudo,study
240,pseudo,study
125,pseudo,study
108,pseudo,study
213,real,study
187,real,study
113,pseudo,study
75,pseudo,study
45,real,study
145,real,study
195,pseudo,study
14,pseudo,study
115,real,study
219,real,study
51,real,study
63,real,study
10,pseudo,study
87,real,study
98,pseudo,study
49,pseudo,study
37,pseudo,study
147,pseudo,study
139,real,study
153,pseudo,study
65,real,study
57,real,study
225,pseudo,study
175,real,study
6,pseudo,study
184,real,study
63,real,study
113,pseudo,study
98,real,study
239,pseudo,study
49,real,study
139,real,study
225,pseudo,study
6,real,study
193,real,study
186,real,study
124,real,study
118,pseudo,study
123,real,study
37,pseudo,study
168,pseudo,study
152,pseudo,study
6,pseudo,study
206,real,study
145,real,study
174,pseudo,study
228,pseudo,study
233,real,study
136,real,study
19,real,study
19,real,study
5,real,study
220,real,study
30,real,study
49,pseudo,study
227,real,study
79,real,study
187,real,study
39,pseudo,study
51,real,study
232,pseudo,study
1,pseudo,study
29,real,study
11,real,study
240,real,study
149,pseudo,study
173,real,study
11,real,study
136,real,study
213,real,study
220,real,study
143,real,study
57,pseudo,study
175,pseudo,study
228,pseudo,study
143,real,study
65,pseudo,study
80,pseudo,study
30,pseudo,study
4,pseudo,study
38,pseudo,study
