208,pseudo,study
216,pseudo,study
21,pseudo,study
111,real,study
137,real,study
226,real,study
79,pseudo,study
125,pseudo,study
36,real,study
46,real,study
110,real,study
182,pseudo,study
181,pseudo,study
228,pseudo,study
64,pseudo,study
28,real,study
151,real,study
117,real,study
193,pseudo,study
9,real,study
233,pseudo,study
9,real,study
29,real,study
94,real,study
65,pseudo,study
228,real,study
217,real,study
117,real,study
53,real,study
53,real,study
28,real,study
181,pseudo,study
149,pseudo,study
64,real,study
152,real,study
62,pseudo,study
166,pseudo,study
182,real,study
108,pseudo,study
30,pseudo,study
166,pseudo,study
153,real,study
182,real,study
136,real,study
92,pseudo,study
228,pseudo,study
138,pseudo,study
121,pseudo,study
50,real,study
103,pseudo,study
4,real,study
32,real,study
105,real,study
46,pseudo,study
109,pseudo,study
222,pseudo,study
64,real,study
149,pseudo,study
103,real,study
82,pseudo,study
109,pseudo,study
136,pseudo,study
81,real,study
104,pseudo,study
173,real,study
44,real,study
226,pseudo,study
142,pseudo,study
139,real,study
226,real,study
167,pseudo,study
229,real,study
75,real,study
222,pseudo,study
32,real,study
229,real,study
120,pseudo,study
59,real,study
202,pseudo,study
136,real,study
102,real,study
195,pseudo,study
116,real,study
83,pseudo,study
123,pseudo,study
216,pseudo,study
173,real,study
43,pseudo,study
177,pseudo,study
111,real,study
167,pseudo,study
103,pseudo,study
208,pseudo,study
7,real,study
152,real,study
138,pseudo,study
233,pseudo,study
36,real,study
202,pseudo,study
217,real,study
137,real,study
228,real,study
226,pseudo,study
120,pseudo,study
7,real,study
66,pseudo,study
193,pseudo,study
79,pseudo,study
25,real,study
80,real,study
123,pseudo,study
108,pseudo,study
110,real,study
63,real,study
83,pseudo,study
46,pseudo,study
103,real,study
29,real,study
81,real,study
82,pseudo,study
64,pseudo,study
139,real,study
182,pseudo,study
116,real,study
121,pseudo,study
46,real,study
142,pseudo,study
66,pseudo,study
94,real,study
171,pseudo,study
105,real,study
104,pseudo,study
195,pseudo,study
19,real,study
21,pseudo,study
19,real,study
63,real,study
43,pseudo,study
49,real,study
44,real,study
239,pseudo,study
151,real,study
92,pseudo,study
136,pseudo,study
153,real,study
49,real,study
171,pseudo,study
80,real,study
177,pseudo,study
125,pseudo,study
239,pseudo,study
25,real,study
4,real,study
50,real,study
62,pseudo,study
59,real,study
65,pseudo,study
30,pseudo,study
75,real,study
102,real,study
