project,real,study
flight,real,study
prayer,real,study
novice,real,study
monster,real,study
blark,pseudo,study
respect,real,study
fold,real,study
strat,pseudo,study
crime,real,study
mesh,real,study
mesh,real,study
today,real,study
phream,pseudo,study
shirl,pseudo,study
nairs,pseudo,study
forge,real,study
bang,real,study
prayer,real,study
cise,pseudo,study
massage,real,study
tourse,pseudo,study
blark,pseudo,study
woice,pseudo,study
nairs,pseudo,study
change,real,study
woice,pseudo,study
cleep,pseudo,study
shirl,pseudo,study
dose,real,study
dountian,pseudo,study
kreen,pseudo,study
tourse,pseudo,study
flight,real,study
today,real,study
smone,pseudo,study
borms,pseudo,study
shroad,pseudo,study
pot,real,study
press,real,study
change,real,study
forge,real,study
spept,pseudo,study
crallest,pseudo,study
seam,real,study
trour,pseudo,study
level,real,study
shroad,pseudo,study
jury,real,study
dountian,pseudo,study
smise,pseudo,study
drum,real,study
sneep,pseudo,study
shees,pseudo,study
care,real,study
phants,pseudo,study
strat,pseudo,study
spept,pseudo,study
splangle,pseudo,study
mood,real,study
twade,pseudo,study
plis,pseudo,study
borms,pseudo,study
quarter,real,study
sergeant,real,study
mule,real,study
bomb,real,study
company,real,study
smands,pseudo,study
bunk,real,study
crallest,pseudo,study
someone,real,study
pives,pseudo,study
kreat,pseudo,study
dune,real,study
sign,real,study
smands,pseudo,study
glear,pseudo,study
smone,pseudo,study
sergeant,real,study
president,real,study
plis,pseudo,study
splangle,pseudo,study
cleep,pseudo,study
fold,real,study
stredule,pseudo,study
crime,real,study
bunk,real,study
care,real,study
meems,pseudo,study
mood,real,study
release,real,study
snow,real,study
kreat,pseudo,study
swean,pseudo,study
stredule,pseudo,study
kreen,pseudo,study
bang,real,study
project,real,study
jury,real,study
massage,real,study
quarter,real,study
sneep,pseudo,study
yeave,pseudo,study
number,real,study
dune,real,study
frars,pseudo,study
priend,pseudo,study
dose,real,study
cat,real,study
otterings,pseudo,study
gown,real,study
phream,pseudo,study
swean,pseudo,study
sign,real,study
dorth,pseudo,study
bomb,real,study
number,real,study
glear,pseudo,study
thet,pseudo,study
company,real,study
press,real,study
respect,real,study
priend,pseudo,study
release,real,study
ratio,real,study
vord,pseudo,study
health,real,study
smise,pseudo,study
otterings,pseudo,study
meems,pseudo,study
pot,real,study
dorth,pseudo,study
rhurch,pseudo,study
level,real,study
stass,pseudo,study
novice,real,study
someone,real,study
president,real,study
ratio,real,study
mule,real,study
snow,real,study
drum,real,study
health,real,study
pives,pseudo,study
shees,pseudo,study
monster,real,study
seam,real,study
rhurch,pseudo,study
yeave,pseudo,study
stass,pseudo,study
trour,pseudo,study
thet,pseudo,study
phants,pseudo,study
cise,pseudo,study
frars,pseudo,study
gown,real,study
twade,pseudo,study
cat,real,study
vord,pseudo,study
