season,real,study
fault,real,study
smeed,pseudo,study
clept,pseudo,study
shape,real,study
shance,pseudo,study
hese,pseudo,study
rent,real,study
abbunition,pseudo,study
diet,real,study
shin,real,study
yates,pseudo,study
sprint,real,study
tranders,pseudo,study
manager,real,study
downstairs,real,study
wife,real,study
glanslator,pseudo,study
grape,real,study
phank,pseudo,study
trap,real,study
wife,real,study
glanslator,pseudo,study
clept,pseudo,study
arrenuate,pseudo,study
troat,pseudo,study
phank,pseudo,study
shin,real,study
stomes,pseudo,study
rush,real,study
ruin,real,study
shape,real,study
feed,real,study
centre,real,study
giles,pseudo,study
shance,pseudo,study
clief,pseudo,study
nonsense,real,study
vills,pseudo,study
magazine,real,study
grive,pseudo,study
rush,real,study
clief,pseudo,study
fight,real,study
jet,real,study
tregs,pseudo,study
stips,pseudo,study
sap,real,study
zands,pseudo,study
pup,real,study
practice,real,study
jet,real,study
stim,pseudo,study
nurse,real,study
position,real,study
wall,real,study
fault,real,study
yates,pseudo,study
sprint,real,study
floor,real,study
breakfast,real,study
stomes,pseudo,study
blied,pseudo,study
magazine,real,study
rent,real,study
spet,pseudo,study
swort,pseudo,study
fonths,pseudo,study
creath,pseudo,study
floor,real,study
sap,real,study
tregs,pseudo,study
leer,real,study
zands,pseudo,study
par,real,study
vills,pseudo,study
downstairs,real,study
fratements,pseudo,study
nonsense,real,study
nurse,real,study
fratements,pseudo,study
pope,real,study
pup,real,study
wall,real,study
chocolate,real,study
stim,pseudo,study
juns,pseudo,study
fonths,pseudo,study
rords,pseudo,study
mint,real,study
hese,pseudo,study
blied,pseudo,study
stips,pseudo,study
pope,real,study
bile,real,study
lace,real,study
greast,pseudo,study
himes,pseudo,study
grive,pseudo,study
chocolate,real,study
crase,pseudo,study
weather,real,study
diet,real,study
dorld,pseudo,study
juns,pseudo,study
vorse,pseudo,study
swort,pseudo,study
tiss,pseudo,study
lace,real,study
fight,real,study
grape,real,study
aggall,pseudo,study
position,real,study
skarts,pseudo,study
greast,pseudo,study
giles,pseudo,study
science,real,study
tiss,pseudo,study
shore,real,study
arrenuate,pseudo,study
science,real,study
thairs,pseudo,study
smeed,pseudo,study
brots,pseudo,study
strept,pseudo,study
creath,pseudo,study
grectral,pseudo,study
practice,real,study
thairs,pseudo,study
stink,real,study
brots,pseudo,study
feed,real,study
spet,pseudo,study
vorse,pseudo,study
grectral,pseudo,study
stink,real,study
hospital,real,study
himes,pseudo,study
shore,real,study
mint,real,study
breakfast,real,study
par,real,study
trap,real,study
bile,real,study
abbunition,pseudo,study
skarts,pseudo,study
manager,real,study
crase,pseudo,study
tranders,pseudo,study
strept,pseudo,study
leer,real,study
weather,real,study
aggall,pseudo,study
troat,pseudo,study
centre,real,study
rords,pseudo,study
season,real,study
ruin,real,study
dorld,pseudo,study
hospital,real,study
