94,real,study
76,real,study
13,real,study
176,real,study
198,pseudo,study
139,pseudo,study
45,real,study
225,real,study
191,real,study
176,pseudo,study
29,real,study
105,real,study
191,pseudo,study
182,real,study
81,real,study
183,real,study
216,real,study
117,pseudo,study
11,real,study
81,pseudo,study
212,real,study
7,pseudo,study
213,pseudo,study
106,real,study
204,pseudo,study
117,real,study
31,real,study
71,real,study
143,real,study
43,pseudo,study
118,real,study
164,real,study
126,real,study
90,pseudo,study
176,pseudo,study
195,pseudo,study
236,real,study
53,real,study
175,real,study
19,real,study
178,real,study
95,pseudo,study
143,real,study
64,pseudo,study
51,pseudo,study
175,real,study
191,real,study
105,pseudo,study
118,real,study
204,pseudo,study
198,pseudo,study
148,pseudo,study
97,pseudo,study
170,real,study
76,pseudo,study
167,real,study
185,pseudo,study
90,pseudo,study
165,pseudo,study
108,real,study
201,pseudo,study
168,pseudo,study
173,pseudo,study
71,real,study
108,real,study
186,real,study
1,pseudo,study
87,pseudo,study
212,real,study
191,pseudo,study
51,pseudo,study
117,pseudo,study
76,real,study
183,real,study
13,pseudo,study
19,real,study
33,real,study
182,real,study
64,pseudo,study
11,real,study
223,pseudo,study
146,pseudo,study
201,pseudo,study
82,real,study
216,real,study
66,pseudo,study
13,pseudo,study
81,pseudo,study
57,real,study
76,pseudo,study
53,real,study
63,pseudo,study
33,pseudo,study
117,real,study
45,real,study
195,pseudo,study
31,real,study
33,pseudo,study
223,pseudo,study
213,pseudo,study
89,pseudo,study
169,pseudo,study
168,pseudo,study
236,real,study
95,pseudo,study
81,real,study
168,real,study
126,real,study
33,real,study
1,pseudo,study
226,pseudo,study
164,real,study
178,real,study
185,pseudo,study
57,real,study
186,real,study
13,real,study
82,real,study
29,real,study
5,pseudo,study
77,real,study
106,real,study
106,pseudo,study
63,pseudo,study
205,pseudo,study
94,real,study
165,pseudo,study
146,pseudo,study
5,pseudo,study
27,real,study
169,pseudo,study
187,pseudo,study
167,real,study
89,pseudo,study
105,real,study
148,pseudo,study
139,pseudo,study
106,pseudo,study
205,pseudo,study
168,real,study
173,real,study
173,pseudo,study
105,pseudo,study
87,pseudo,study
43,pseudo,study
34,real,study
97,pseudo,study
173,real,study
225,real,study
224,pseudo,study
226,pseudo,study
170,real,study
66,pseudo,study
176,real,study
34,real,study
7,pseudo,study
77,real,study
27,real,study
187,pseudo,study
224,pseudo,study
