57,real,study
228,pseudo,study
144,real,study
48,real,study
25,pseudo,study
80,pseudo,study
15,real,study
193,real,study
33,pseudo,study
232,real,study
6,real,study
105,real,study
79,pseudo,study
130,pseudo,study
230,real,study
144,real,study
52,real,study
8,pseudo,study
228,pseudo,study
96,pseudo,study
30,pseudo,study
130,pseudo,study
55,pseudo,study
45,real,study
105,real,study
23,pseudo,study
35,real,study
135,real,study
209,pseudo,study
62,pseudo,study
68,real,study
114,pseudo,study
198,real,study
141,pseudo,study
230,pseudo,study
230,pseudo,study
85,pseudo,study
186,real,study
166,real,study
47,pseudo,study
25,pseudo,study
198,real,study
219,pseudo,study
71,real,study
85,pseudo,study
57,real,study
35,real,study
55,pseudo,study
183,real,study
177,real,study
62,pseudo,study
122,real,study
223,pseudo,study
235,pseudo,study
219,pseudo,study
79,pseudo,study
208,pseudo,study
91,real,study
186,real,study
96,pseudo,study
93,real,study
63,real,study
64,pseudo,study
195,pseudo,study
163,pseudo,study
225,real,study
63,real,study
208,pseudo,study
156,pseudo,study
108,pseudo,study
72,real,study
108,pseudo,study
169,real,study
231,pseudo,study
225,pseudo,study
15,real,study
3,real,study
3,real,study
33,pseudo,study
48,real,study
225,real,study
236,pseudo,study
169,real,study
49,real,study
145,real,study
209,pseudo,study
1,pseudo,study
91,real,study
172,pseudo,study
175,pseudo,study
145,real,study
12,real,study
172,pseudo,study
98,real,study
204,pseudo,study
53,real,study
45,real,study
161,pseudo,study
236,pseudo,study
52,real,study
30,pseudo,study
146,pseudo,study
41,pseudo,study
114,pseudo,study
229,real,study
227,real,study
98,real,study
230,real,study
231,pseudo,study
165,real,study
23,pseudo,study
175,pseudo,study
122,real,study
183,real,study
53,real,study
142,real,study
156,pseudo,study
220,pseudo,study
235,pseudo,study
203,pseudo,study
71,real,study
166,real,study
49,real,study
72,real,study
165,real,study
93,real,study
204,pseudo,study
8,pseudo,study
203,pseudo,study
234,pseudo,study
229,real,study
195,pseudo,study
85,real,study
146,pseudo,study
234,pseudo,study
225,pseudo,study
79,real,study
6,real,study
142,real,study
64,pseudo,study
1,pseudo,study
141,pseudo,study
220,pseudo,study
79,real,study
227,real,study
193,real,study
128,real,study
128,real,study
135,real,study
161,pseudo,study
232,real,study
80,pseudo,study
68,real,study
12,real,study
223,pseudo,study
47,pseudo,study
177,real,study
163,pseudo,study
85,real,study
41,pseudo,study
