bell,real,study
slouresce,pseudo,study
slouresce,pseudo,study
dountian,pseudo,study
theer,pseudo,study
attorney,real,study
trail,real,study
ratio,real,study
crase,pseudo,study
spones,pseudo,study
filtraneon,pseudo,study
theer,pseudo,study
tract,real,study
bile,real,study
lawn,real,study
flight,real,study
date,real,study
pork,real,study
wuite,pseudo,study
peach,real,study
wort,real,study
thairs,pseudo,study
peach,real,study
pleaties,pseudo,study
blourig,pseudo,study
target,real,study
bell,real,study
brans,pseudo,study
shem,pseudo,study
zalls,pseudo,study
cloose,pseudo,study
prether,pseudo,study
sprint,real,study
groys,pseudo,study
wig,real,study
wiece,pseudo,study
stredule,pseudo,study
filtraneon,pseudo,study
wig,real,study
nont,pseudo,study
crell,pseudo,study
hook,real,study
bile,real,study
phrass,pseudo,study
nont,pseudo,study
streer,pseudo,study
brer,pseudo,study
dountian,pseudo,study
phrass,pseudo,study
axe,real,study
coal,real,study
machine,real,study
trings,pseudo,study
bullet,real,study
clept,pseudo,study
suspect,real,study
bullet,real,study
floth,pseudo,study
corner,real,study
nonsense,real,study
daughter,real,study
midnight,real,study
wort,real,study
poison,real,study
splim,pseudo,study
cable,real,study
voved,pseudo,study
frawn,pseudo,study
pork,real,study
brans,pseudo,study
choth,pseudo,study
dreptical,pseudo,study
frawn,pseudo,study
thown,pseudo,study
blourig,pseudo,study
cable,real,study
ratio,real,study
bathroom,real,study
tree,real,study
machine,real,study
prounds,pseudo,study
shem,pseudo,study
hook,real,study
prether,pseudo,study
support,real,study
date,real,study
groys,pseudo,study
wuite,pseudo,study
iggitation,pseudo,study
trecimen,pseudo,study
evidence,real,study
dreptical,pseudo,study
stink,real,study
thairs,pseudo,study
attorney,real,study
ghare,pseudo,study
release,real,study
meat,real,study
trap,real,study
captain,real,study
poison,real,study
thome,pseudo,study
glear,pseudo,study
shape,real,study
trings,pseudo,study
flight,real,study
release,real,study
axe,real,study
bathroom,real,study
officer,real,study
tract,real,study
crase,pseudo,study
iggitation,pseudo,study
daughter,real,study
trour,pseudo,study
thown,pseudo,study
nonsense,real,study
tree,real,study
lawn,real,study
wiece,pseudo,study
trail,real,study
suspect,real,study
evidence,real,study
cloose,pseudo,study
sprint,real,study
stink,real,study
anybody,real,study
zalls,pseudo,study
crell,pseudo,study
pleaties,pseudo,study
officer,real,study
support,real,study
anybody,real,study
floth,pseudo,study
shape,real,study
captain,real,study
ghare,pseudo,study
motel,real,study
thome,pseudo,study
target,real,study
coal,real,study
spones,pseudo,study
cruth,pseudo,study
splim,pseudo,study
clept,pseudo,study
prounds,pseudo,study
midnight,real,study
motel,real,study
cruth,pseudo,study
glear,pseudo,study
voved,pseudo,study
corner,real,study
brer,pseudo,study
trecimen,pseudo,study
trap,real,study
choth,pseudo,study
stredule,pseudo,study
streer,pseudo,study
meat,real,study
trour,pseudo,study
