longuisher,pseudo,study
frost,real,study
telp,pseudo,study
lab,real,study
breakfast,real,study
rent,real,study
himes,pseudo,study
glanslator,pseudo,study
greal,pseudo,study
chicken,real,study
mint,real,study
sire,real,study
dunch,pseudo,study
camp,real,study
frost,real,study
spraw,pseudo,study
crown,real,study
grive,pseudo,study
twose,pseudo,study
nuse,pseudo,study
phank,pseudo,study
glanslator,pseudo,study
account,real,study
himes,pseudo,study
student,real,study
crop,real,study
football,real,study
master,real,study
scruck,pseudo,study
chess,real,study
tocks,pseudo,study
colour,real,study
fission,real,study
fold,real,study
greal,pseudo,study
skrong,pseudo,study
nuse,pseudo,study
spled,pseudo,study
drowblin,pseudo,study
position,real,study
yoke,real,study
colour,real,study
football,real,study
frince,pseudo,study
wax,real,study
glow,real,study
taid,pseudo,study
frars,pseudo,study
drowblin,pseudo,study
scruck,pseudo,study
seam,real,study
sire,real,study
miracle,real,study
zands,pseudo,study
spell,real,study
skrong,pseudo,study
seconds,real,study
felse,pseudo,study
press,real,study
zip,real,study
leg,real,study
spled,pseudo,study
crallow,pseudo,study
dinner,real,study
chess,real,study
shight,pseudo,study
spords,pseudo,study
fonths,pseudo,study
zip,real,study
birch,real,study
glow,real,study
eye,real,study
arrailig,pseudo,study
rent,real,study
account,real,study
shight,pseudo,study
press,real,study
neld,pseudo,study
spept,pseudo,study
spoes,pseudo,study
dagger,real,study
eye,real,study
seam,real,study
lab,real,study
dinner,real,study
frince,pseudo,study
soldier,real,study
crown,real,study
dagger,real,study
strimes,pseudo,study
gath,pseudo,study
frars,pseudo,study
fission,real,study
pould,pseudo,study
spords,pseudo,study
troes,pseudo,study
spept,pseudo,study
taid,pseudo,study
prease,pseudo,study
picture,real,study
soldier,real,study
yoke,real,study
skreets,pseudo,study
boose,pseudo,study
crop,real,study
blark,pseudo,study
tocks,pseudo,study
phank,pseudo,study
police,real,study
fonths,pseudo,study
gath,pseudo,study
position,real,study
seconds,real,study
skreets,pseudo,study
birch,real,study
cring,pseudo,study
miracle,real,study
doll,real,study
police,real,study
mint,real,study
student,real,study
wax,real,study
telp,pseudo,study
blark,pseudo,study
picture,real,study
novice,real,study
longuisher,pseudo,study
level,real,study
breakfast,real,study
arrailig,pseudo,study
felse,pseudo,study
troes,pseudo,study
fight,real,study
master,real,study
borms,pseudo,study
neld,pseudo,study
spraw,pseudo,study
prease,pseudo,study
spell,real,study
leg,real,study
fight,real,study
doll,real,study
camp,real,study
chicken,real,study
level,real,study
twose,pseudo,study
borms,pseudo,study
reectont,pseudo,study
strimes,pseudo,study
reectont,pseudo,study
fold,real,study
grive,pseudo,study
dunch,pseudo,study
spoes,pseudo,study
pould,pseudo,study
zands,pseudo,study
boose,pseudo,study
crallow,pseudo,study
novice,real,study
cring,pseudo,study
