202,pseudo,study
210,pseudo,study
117,pseudo,study
47,pseudo,study
21,pseudo,study
209,pseudo,study
193,pseudo,study
22,real,study
187,real,study
58,real,study
87,pseudo,study
75,real,study
117,pseudo,study
178,pseudo,study
6,real,study
133,pseudo,study
41,real,study
82,pseudo,study
179,real,study
193,pseudo,study
90,pseudo,study
115,pseudo,study
68,real,study
94,real,study
232,pseudo,study
115,pseudo,study
86,pseudo,study
87,pseudo,study
74,real,study
201,real,study
181,pseudo,study
167,real,study
73,pseudo,study
173,real,study
180,real,study
153,pseudo,study
33,real,study
59,real,study
23,real,study
110,real,study
73,pseudo,study
36,pseudo,study
162,real,study
19,pseudo,study
15,real,study
44,pseudo,study
113,real,study
180,pseudo,study
180,pseudo,study
158,pseudo,study
3,real,study
229,real,study
154,pseudo,study
19,pseudo,study
71,pseudo,study
17,pseudo,study
208,real,study
21,pseudo,study
3,real,study
140,pseudo,study
213,real,study
33,real,study
213,real,study
124,real,study
164,real,study
21,real,study
125,real,study
230,real,study
139,pseudo,study
208,real,study
139,pseudo,study
154,pseudo,study
179,real,study
68,real,study
60,real,study
15,real,study
181,pseudo,study
164,real,study
6,real,study
44,real,study
92,real,study
133,pseudo,study
126,pseudo,study
117,real,study
175,real,study
40,real,study
86,pseudo,study
236,pseudo,study
232,pseudo,study
167,real,study
202,pseudo,study
40,real,study
51,pseudo,study
45,real,study
229,real,study
124,real,study
121,pseudo,study
142,pseudo,study
133,real,study
51,pseudo,study
22,real,study
114,pseudo,study
142,pseudo,study
117,real,study
49,pseudo,study
162,real,study
217,pseudo,study
94,real,study
160,real,study
153,pseudo,study
236,pseudo,study
158,pseudo,study
50,pseudo,study
119,real,study
92,real,study
75,real,study
114,pseudo,study
178,pseudo,study
23,real,study
47,pseudo,study
210,pseudo,study
90,pseudo,study
140,pseudo,study
71,pseudo,study
133,real,study
201,real,study
160,real,study
45,real,study
85,pseudo,study
175,real,study
180,real,study
41,real,study
60,real,study
21,real,study
125,real,study
36,pseudo,study
18,pseudo,study
85,pseudo,study
50,pseudo,study
33,pseudo,study
44,pseudo,study
44,real,study
59,real,study
49,pseudo,study
113,real,study
17,pseudo,study
33,pseudo,study
126,pseudo,study
110,real,study
209,pseudo,study
187,real,study
121,pseudo,study
217,pseudo,study
230,real,study
82,pseudo,study
119,real,study
58,real,study
74,real,study
18,pseudo,study
173,real,study
