129,pseudo,study
30,real,study
71,pseudo,study
102,real,study
14,real,study
74,pseudo,study
61,pseudo,study
214,real,study
45,pseudo,study
208,real,study
67,pseudo,study
170,real,study
153,real,study
24,pseudo,study
194,pseudo,study
52,pseudo,study
137,real,study
168,real,study
67,pseudo,study
128,pseudo,study
113,pseudo,study
80,pseudo,study
172,real,study
135,real,study
45,pseudo,study
92,real,study
107,pseudo,study
61,real,study
59,pseudo,study
201,pseudo,study
227,real,study
193,pseudo,study
222,pseudo,study
208,real,study
25,pseudo,study
201,pseudo,study
24,pseudo,study
195,pseudo,study
70,pseudo,study
56,pseudo,study
76,real,study
81,real,study
76,pseudo,study
98,pseudo,study
80,pseudo,study
102,pseudo,study
198,pseudo,study
77,pseudo,study
198,pseudo,study
170,real,study
222,pseudo,study
180,real,study
210,real,study
183,real,study
149,real,study
19,pseudo,study
16,pseudo,study
164,real,study
131,pseudo,study
131,pseudo,study
18,real,study
22,pseudo,study
89,real,study
194,pseudo,study
163,real,study
179,real,study
9,real,study
181,pseudo,study
104,pseudo,study
37,real,study
175,pseudo,study
98,pseudo,study
179,real,study
55,real,study
153,real,study
114,pseudo,study
164,real,study
67,real,study
137,real,study
190,real,study
67,real,study
114,pseudo,study
180,real,study
227,real,study
61,pseudo,study
168,real,study
74,pseudo,study
85,real,study
163,real,study
27,pseudo,study
85,real,study
185,real,study
19,pseudo,study
188,pseudo,study
188,pseudo,study
13,real,study
14,real,study
52,pseudo,study
71,pseudo,study
18,real,study
70,pseudo,study
92,real,study
204,real,study
92,pseudo,study
76,pseudo,study
22,pseudo,study
216,real,study
13,real,study
25,pseudo,study
166,real,study
185,real,study
59,pseudo,study
181,pseudo,study
81,real,study
55,real,study
113,pseudo,study
102,real,study
104,pseudo,study
83,pseudo,study
210,real,study
61,real,study
193,pseudo,study
107,real,study
204,real,study
77,pseudo,study
224,real,study
175,pseudo,study
166,real,study
7,real,study
9,real,study
190,real,study
102,pseudo,study
117,real,study
225,pseudo,study
75,pseudo,study
30,real,study
216,real,study
149,real,study
117,real,study
89,real,study
172,real,study
135,real,study
92,pseudo,study
7,real,study
224,real,study
56,pseudo,study
83,pseudo,study
76,real,study
129,pseudo,study
75,pseudo,study
225,pseudo,study
107,pseudo,study
195,pseudo,study
214,real,study
107,real,study
16,pseudo,study
183,real,study
27,pseudo,study
37,real,study
128,pseudo,study
