peads,pseudo,study
breakfast,real,study
jet,real,study
flinness,pseudo,study
floor,real,study
pleaties,pseudo,study
hatch,real,study
frince,pseudo,study
torch,real,study
sap,real,study
program,real,study
muck,real,study
arrailig,pseudo,study
sneep,pseudo,study
dose,real,study
lace,real,study
grape,real,study
breakfast,real,study
snells,pseudo,study
novice,real,study
care,real,study
program,real,study
trap,real,study
jet,real,study
frars,pseudo,study
novice,real,study
lace,real,study
stomes,pseudo,study
scrength,pseudo,study
throuch,pseudo,study
scine,pseudo,study
purpose,real,study
muck,real,study
care,real,study
purpose,real,study
aggall,pseudo,study
throm,pseudo,study
phrise,pseudo,study
wresh,pseudo,study
phrise,pseudo,study
chorce,pseudo,study
pot,real,study
sived,pseudo,study
audience,real,study
ginger,real,study
daughter,real,study
plene,pseudo,study
corner,real,study
blass,pseudo,study
load,real,study
pork,real,study
snells,pseudo,study
corner,real,study
shance,pseudo,study
torch,real,study
evidence,real,study
cone,real,study
change,real,study
river,real,study
company,real,study
sived,pseudo,study
rhurch,pseudo,study
emergency,real,study
stross,pseudo,study
floor,real,study
captain,real,study
dountian,pseudo,study
stink,real,study
dountian,pseudo,study
smands,pseudo,study
blass,pseudo,study
frars,pseudo,study
tree,real,study
arrailig,pseudo,study
frince,pseudo,study
longuisher,pseudo,study
throm,pseudo,study
pould,pseudo,study
crop,real,study
fratements,pseudo,study
ginger,real,study
scrength,pseudo,study
scine,pseudo,study
splangle,pseudo,study
history,real,study
throuch,pseudo,study
creath,pseudo,study
frawn,pseudo,study
glasses,real,study
change,real,study
pot,real,study
splangle,pseudo,study
drum,real,study
evidence,real,study
pould,pseudo,study
load,real,study
stross,pseudo,study
hatch,real,study
cone,real,study
drum,real,study
crop,real,study
skarts,pseudo,study
science,real,study
brots,pseudo,study
wresh,pseudo,study
tourse,pseudo,study
officer,real,study
officer,real,study
history,real,study
fratements,pseudo,study
stink,real,study
sap,real,study
page,real,study
cable,real,study
science,real,study
company,real,study
clept,pseudo,study
daughter,real,study
page,real,study
cable,real,study
pork,real,study
trap,real,study
frawn,pseudo,study
rhurch,pseudo,study
sneep,pseudo,study
smands,pseudo,study
longuisher,pseudo,study
fass,pseudo,study
aggall,pseudo,study
skarts,pseudo,study
brots,pseudo,study
tourse,pseudo,study
captain,real,study
creath,pseudo,study
peads,pseudo,study
kitchen,real,study
river,real,study
plene,pseudo,study
keaves,pseudo,study
stomes,pseudo,study
keaves,pseudo,study
priend,pseudo,study
brer,pseudo,study
grape,real,study
fass,pseudo,study
shance,pseudo,study
brer,pseudo,study
audience,real,study
vorse,pseudo,study
vorse,pseudo,study
tree,real,study
flinness,pseudo,study
kitchen,real,study
clept,pseudo,study
glasses,real,study
dose,real,study
pleaties,pseudo,study
emergency,real,study
priend,pseudo,study
chorce,pseudo,study
