shin,real,study
promise,real,study
treleton,pseudo,study
chain,real,study
season,real,study
fun,real,study
reectont,pseudo,study
sheriff,real,study
promise,real,study
gath,pseudo,study
spoes,pseudo,study
felse,pseudo,study
interest,real,study
treleton,pseudo,study
attorney,real,study
jend,pseudo,study
dralactite,pseudo,study
spet,pseudo,study
sheriff,real,study
crust,real,study
gath,pseudo,study
attorney,real,study
stim,pseudo,study
jend,pseudo,study
flind,pseudo,study
wames,pseudo,study
thich,pseudo,study
wames,pseudo,study
rords,pseudo,study
football,real,study
pump,real,study
situation,real,study
himes,pseudo,study
nonsense,real,study
krench,pseudo,study
zip,real,study
crime,real,study
fold,real,study
shandstand,pseudo,study
yeave,pseudo,study
practice,real,study
axe,real,study
spell,real,study
nacts,pseudo,study
vills,pseudo,study
trail,real,study
dinner,real,study
strept,pseudo,study
box,real,study
surprise,real,study
practice,real,study
pump,real,study
choud,pseudo,study
zip,real,study
axe,real,study
bang,real,study
reectont,pseudo,study
rords,pseudo,study
yoke,real,study
dream,real,study
prounds,pseudo,study
nonsense,real,study
vills,pseudo,study
pitch,real,study
prounds,pseudo,study
situation,real,study
crime,real,study
greast,pseudo,study
miracle,real,study
chain,real,study
interview,real,study
strept,pseudo,study
nont,pseudo,study
decision,real,study
brans,pseudo,study
interview,real,study
kreen,pseudo,study
surprise,real,study
spet,pseudo,study
zands,pseudo,study
lawn,real,study
spell,real,study
plense,pseudo,study
nont,pseudo,study
twan,pseudo,study
degs,pseudo,study
twan,pseudo,study
dreptical,pseudo,study
dinner,real,study
nacts,pseudo,study
wort,real,study
plense,pseudo,study
master,real,study
himes,pseudo,study
crase,pseudo,study
bang,real,study
yeave,pseudo,study
wort,real,study
death,real,study
spoes,pseudo,study
kreen,pseudo,study
thars,pseudo,study
stent,pseudo,study
decision,real,study
ghare,pseudo,study
brans,pseudo,study
dralactite,pseudo,study
fun,real,study
trail,real,study
clars,pseudo,study
wroke,pseudo,study
crust,real,study
strat,pseudo,study
firm,real,study
interest,real,study
wife,real,study
yoke,real,study
box,real,study
zands,pseudo,study
krench,pseudo,study
thet,pseudo,study
shandstand,pseudo,study
season,real,study
strat,pseudo,study
greast,pseudo,study
wife,real,study
aim,real,study
firm,real,study
null,real,study
wroke,pseudo,study
pitch,real,study
degs,pseudo,study
stim,pseudo,study
fold,real,study
master,real,study
poker,real,study
vord,pseudo,study
stent,pseudo,study
suspect,real,study
flind,pseudo,study
football,real,study
ghare,pseudo,study
death,real,study
aim,real,study
dreptical,pseudo,study
thich,pseudo,study
choud,pseudo,study
thet,pseudo,study
suspect,real,study
shin,real,study
miracle,real,study
thars,pseudo,study
clars,pseudo,study
lawn,real,study
dream,real,study
felse,pseudo,study
null,real,study
vord,pseudo,study
poker,real,study
crase,pseudo,study
