210,pseudo,study
200,pseudo,study
58,pseudo,study
68,real,study
151,real,study
66,pseudo,study
118,pseudo,study
58,pseudo,study
42,pseudo,study
85,pseudo,study
236,real,study
124,real,study
147,pseudo,study
238,real,study
20,real,study
93,real,study
109,real,study
97,real,study
46,real,study
46,real,study
45,pseudo,study
95,pseudo,study
68,pseudo,study
213,real,study
107,pseudo,study
106,real,study
231,pseudo,study
124,pseudo,study
68,pseudo,study
72,pseudo,study
123,real,study
1,real,study
86,pseudo,study
31,real,study
108,pseudo,study
136,pseudo,study
176,pseudo,study
1,real,study
151,pseudo,study
216,real,study
108,real,study
116,real,study
143,real,study
172,pseudo,study
109,real,study
124,real,study
19,pseudo,study
133,pseudo,study
151,real,study
45,pseudo,study
65,pseudo,study
65,pseudo,study
75,real,study
38,pseudo,study
87,pseudo,study
164,pseudo,study
170,real,study
240,pseudo,study
40,real,study
92,real,study
108,real,study
87,pseudo,study
216,real,study
106,real,study
47,real,study
31,real,study
6,real,study
187,real,study
38,pseudo,study
20,real,study
172,pseudo,study
44,pseudo,study
3,pseudo,study
7,pseudo,study
81,real,study
19,pseudo,study
95,pseudo,study
162,pseudo,study
107,pseudo,study
44,pseudo,study
150,pseudo,study
175,pseudo,study
30,real,study
123,pseudo,study
7,pseudo,study
167,real,study
72,real,study
30,real,study
210,pseudo,study
86,pseudo,study
190,pseudo,study
84,real,study
160,real,study
150,real,study
162,pseudo,study
124,pseudo,study
203,pseudo,study
176,pseudo,study
187,real,study
150,pseudo,study
190,pseudo,study
57,real,study
203,pseudo,study
97,real,study
89,real,study
236,real,study
116,real,study
101,pseudo,study
61,real,study
238,real,study
164,pseudo,study
136,pseudo,study
213,real,study
85,pseudo,study
147,pseudo,study
92,real,study
6,real,study
89,real,study
160,real,study
66,pseudo,study
50,real,study
170,real,study
202,real,study
101,pseudo,study
202,real,study
108,pseudo,study
75,real,study
72,real,study
68,real,study
93,real,study
175,pseudo,study
118,pseudo,study
133,pseudo,study
105,pseudo,study
84,real,study
77,pseudo,study
77,pseudo,study
123,pseudo,study
167,real,study
3,pseudo,study
81,real,study
50,real,study
123,real,study
47,real,study
61,real,study
180,real,study
145,real,study
40,real,study
145,real,study
200,pseudo,study
180,real,study
150,real,study
57,real,study
151,pseudo,study
105,pseudo,study
231,pseudo,study
42,pseudo,study
143,real,study
240,pseudo,study
72,pseudo,study
