162,real,study
235,pseudo,study
231,real,study
124,pseudo,study
116,pseudo,study
23,real,study
101,pseudo,study
9,pseudo,study
5,pseudo,study
109,pseudo,study
82,real,study
26,real,study
36,real,study
65,real,study
110,real,study
224,pseudo,study
142,real,study
148,real,study
4,real,study
87,real,study
134,pseudo,study
138,real,study
24,pseudo,study
36,real,study
77,real,study
7,real,study
49,real,study
95,pseudo,study
216,real,study
182,pseudo,study
162,real,study
214,pseudo,study
3,real,study
89,real,study
233,pseudo,study
48,pseudo,study
124,real,study
42,pseudo,study
134,pseudo,study
228,pseudo,study
41,real,study
117,pseudo,study
165,pseudo,study
86,real,study
152,pseudo,study
25,pseudo,study
92,pseudo,study
42,pseudo,study
214,pseudo,study
231,real,study
213,real,study
98,pseudo,study
24,pseudo,study
97,real,study
133,real,study
12,real,study
208,real,study
27,pseudo,study
125,pseudo,study
96,real,study
9,pseudo,study
2,pseudo,study
150,pseudo,study
88,pseudo,study
224,pseudo,study
161,pseudo,study
124,pseudo,study
190,pseudo,study
151,pseudo,study
237,pseudo,study
88,pseudo,study
12,real,study
130,real,study
135,pseudo,study
235,real,study
125,pseudo,study
235,pseudo,study
35,real,study
208,real,study
43,real,study
133,real,study
52,real,study
53,real,study
194,pseudo,study
59,pseudo,study
43,real,study
25,pseudo,study
53,pseudo,study
124,real,study
165,pseudo,study
237,pseudo,study
109,pseudo,study
95,pseudo,study
190,pseudo,study
65,real,study
204,pseudo,study
111,real,study
150,pseudo,study
101,pseudo,study
153,real,study
109,real,study
194,pseudo,study
216,real,study
26,real,study
228,pseudo,study
143,real,study
53,real,study
182,pseudo,study
53,pseudo,study
49,pseudo,study
27,real,study
86,real,study
213,real,study
18,pseudo,study
52,real,study
161,pseudo,study
27,real,study
165,real,study
87,real,study
152,pseudo,study
109,real,study
2,pseudo,study
48,pseudo,study
165,real,study
151,pseudo,study
82,real,study
5,pseudo,study
143,real,study
89,real,study
111,real,study
138,real,study
23,real,study
235,real,study
204,pseudo,study
35,real,study
135,pseudo,study
142,real,study
3,real,study
49,pseudo,study
96,pseudo,study
41,real,study
96,pseudo,study
98,pseudo,study
77,real,study
49,real,study
59,pseudo,study
116,pseudo,study
96,real,study
27,pseudo,study
153,real,study
7,real,study
233,pseudo,study
117,pseudo,study
110,real,study
130,real,study
4,real,study
97,real,study
92,pseudo,study
148,real,study
18,pseudo,study
