juns,pseudo,study
yats,pseudo,study
massage,real,study
practice,real,study
president,real,study
stass,pseudo,study
thite,pseudo,study
husband,real,study
froo,pseudo,study
plate,real,study
ruin,real,study
froo,pseudo,study
quarter,real,study
plales,pseudo,study
shape,real,study
grix,pseudo,study
grix,pseudo,study
thars,pseudo,study
null,real,study
neld,pseudo,study
greast,pseudo,study
princess,real,study
seconds,real,study
stass,pseudo,study
lore,real,study
husband,real,study
drowblin,pseudo,study
zands,pseudo,study
community,real,study
crust,real,study
slit,real,study
rocket,real,study
chelp,pseudo,study
block,real,study
throuch,pseudo,study
bastard,real,study
swith,pseudo,study
language,real,study
fratements,pseudo,study
sneep,pseudo,study
hese,pseudo,study
yoke,real,study
plales,pseudo,study
sprint,real,study
strept,pseudo,study
pope,real,study
river,real,study
crell,pseudo,study
thars,pseudo,study
hank,real,study
lore,real,study
frost,real,study
yats,pseudo,study
block,real,study
frost,real,study
sneep,pseudo,study
rocket,real,study
juns,pseudo,study
slit,real,study
kreen,pseudo,study
interview,real,study
mint,real,study
frawn,pseudo,study
sprint,real,study
crust,real,study
hese,pseudo,study
woice,pseudo,study
bomb,real,study
dinner,real,study
mule,real,study
null,real,study
swith,pseudo,study
wresh,pseudo,study
meems,pseudo,study
practice,real,study
neld,pseudo,study
soy,real,study
interview,real,study
woice,pseudo,study
ratio,real,study
bastard,real,study
wresh,pseudo,study
meems,pseudo,study
tract,real,study
soy,real,study
phrass,pseudo,study
river,real,study
dinner,real,study
mule,real,study
sergeant,real,study
muck,real,study
krench,pseudo,study
pope,real,study
thome,pseudo,study
plate,real,study
seconds,real,study
plood,pseudo,study
crell,pseudo,study
fratements,pseudo,study
shroad,pseudo,study
tract,real,study
greast,pseudo,study
kreen,pseudo,study
krench,pseudo,study
choth,pseudo,study
yoke,real,study
cat,real,study
plood,pseudo,study
mask,real,study
longuisher,pseudo,study
muck,real,study
throuch,pseudo,study
shape,real,study
trecimen,pseudo,study
skrong,pseudo,study
corner,real,study
language,real,study
bomb,real,study
par,real,study
community,real,study
president,real,study
par,real,study
sergeant,real,study
trecimen,pseudo,study
ruin,real,study
plense,pseudo,study
skrong,pseudo,study
wuite,pseudo,study
drowblin,pseudo,study
hank,real,study
mees,pseudo,study
wuite,pseudo,study
load,real,study
mask,real,study
strept,pseudo,study
corner,real,study
load,real,study
thome,pseudo,study
thite,pseudo,study
plense,pseudo,study
chelp,pseudo,study
longuisher,pseudo,study
choth,pseudo,study
blourig,pseudo,study
frars,pseudo,study
frars,pseudo,study
zands,pseudo,study
mees,pseudo,study
dorld,pseudo,study
quarter,real,study
massage,real,study
mint,real,study
princess,real,study
shroad,pseudo,study
blourig,pseudo,study
cat,real,study
phrass,pseudo,study
ratio,real,study
dorld,pseudo,study
frawn,pseudo,study
