prunk,pseudo,study
stinds,pseudo,study
thet,pseudo,study
arrenuate,pseudo,study
giant,real,study
snells,pseudo,study
giant,real,study
vord,pseudo,study
crop,real,study
treleton,pseudo,study
thines,pseudo,study
plis,pseudo,study
trail,real,study
blied,pseudo,study
neast,pseudo,study
magazine,real,study
sin,real,study
spords,pseudo,study
wife,real,study
twade,pseudo,study
dose,real,study
flight,real,study
jet,real,study
prave,pseudo,study
tranders,pseudo,study
wash,real,study
snats,pseudo,study
altitude,real,study
frince,pseudo,study
target,real,study
creer,pseudo,study
plis,pseudo,study
lace,real,study
snats,pseudo,study
jet,real,study
dunch,pseudo,study
cable,real,study
trail,real,study
motel,real,study
prave,pseudo,study
arrenuate,pseudo,study
stink,real,study
dunch,pseudo,study
doll,real,study
floor,real,study
wax,real,study
emergency,real,study
license,real,study
blass,pseudo,study
wax,real,study
concert,real,study
attorney,real,study
trote,pseudo,study
brinner,pseudo,study
choud,pseudo,study
ginger,real,study
troat,pseudo,study
creer,pseudo,study
teacher,real,study
spoes,pseudo,study
tourse,pseudo,study
clief,pseudo,study
pitch,real,study
emergency,real,study
doll,real,study
respect,real,study
tham,pseudo,study
student,real,study
rent,real,study
motel,real,study
iggitation,pseudo,study
kreat,pseudo,study
seam,real,study
blied,pseudo,study
attorney,real,study
vord,pseudo,study
leg,real,study
miracle,real,study
professor,real,study
twade,pseudo,study
snells,pseudo,study
scrength,pseudo,study
license,real,study
truce,real,study
teacher,real,study
spords,pseudo,study
pump,real,study
lab,real,study
dose,real,study
splangle,pseudo,study
neast,pseudo,study
filtraneon,pseudo,study
cable,real,study
splangle,pseudo,study
thet,pseudo,study
wash,real,study
date,real,study
pump,real,study
skreets,pseudo,study
troat,pseudo,study
scrength,pseudo,study
stent,pseudo,study
glasses,real,study
sived,pseudo,study
lace,real,study
plene,pseudo,study
clief,pseudo,study
iggitation,pseudo,study
floor,real,study
blass,pseudo,study
flight,real,study
spoes,pseudo,study
sived,pseudo,study
fass,pseudo,study
respect,real,study
sin,real,study
choud,pseudo,study
tourse,pseudo,study
kreat,pseudo,study
pitch,real,study
magazine,real,study
crop,real,study
prunk,pseudo,study
swort,pseudo,study
axe,real,study
altitude,real,study
treleton,pseudo,study
thines,pseudo,study
wife,real,study
tham,pseudo,study
lab,real,study
brinner,pseudo,study
fass,pseudo,study
student,real,study
stent,pseudo,study
plene,pseudo,study
seam,real,study
cloose,pseudo,study
prayer,real,study
target,real,study
leg,real,study
professor,real,study
stinds,pseudo,study
trote,pseudo,study
filtraneon,pseudo,study
skreets,pseudo,study
truce,real,study
rent,real,study
glasses,real,study
miracle,real,study
prayer,real,study
concert,real,study
swort,pseudo,study
cloose,pseudo,study
axe,real,study
tranders,pseudo,study
frince,pseudo,study
date,real,study
stink,real,study
ginger,real,study
