211,real,study
216,pseudo,study
219,pseudo,study
144,pseudo,study
21,pseudo,study
68,real,study
160,real,study
78,pseudo,study
61,real,study
238,real,study
5,pseudo,study
83,pseudo,study
139,real,study
104,real,study
68,real,study
41,real,study
199,real,study
31,pseudo,study
126,pseudo,study
7,real,study
56,pseudo,study
139,pseudo,study
119,pseudo,study
197,pseudo,study
43,real,study
38,pseudo,study
68,pseudo,study
82,real,study
23,real,study
7,real,study
182,pseudo,study
229,pseudo,study
100,pseudo,study
189,pseudo,study
83,pseudo,study
101,real,study
167,pseudo,study
70,pseudo,study
238,pseudo,study
174,real,study
159,real,study
216,pseudo,study
107,real,study
81,pseudo,study
219,pseudo,study
26,real,study
182,pseudo,study
198,real,study
50,real,study
91,real,study
199,real,study
28,pseudo,study
84,real,study
142,pseudo,study
238,pseudo,study
60,pseudo,study
60,pseudo,study
144,pseudo,study
70,pseudo,study
220,real,study
49,pseudo,study
80,real,study
80,real,study
147,real,study
217,pseudo,study
97,real,study
177,real,study
86,real,study
49,pseudo,study
185,pseudo,study
97,real,study
107,real,study
61,real,study
126,pseudo,study
188,real,study
43,real,study
94,real,study
14,real,study
73,pseudo,study
98,pseudo,study
188,real,study
182,real,study
159,real,study
78,pseudo,study
139,real,study
211,real,study
73,pseudo,study
235,real,study
68,pseudo,study
189,pseudo,study
226,pseudo,study
101,real,study
185,pseudo,study
50,real,study
26,real,study
84,real,study
119,pseudo,study
177,real,study
130,real,study
98,pseudo,study
220,real,study
221,pseudo,study
130,real,study
197,pseudo,study
139,pseudo,study
221,pseudo,study
14,real,study
91,real,study
110,real,study
104,real,study
28,pseudo,study
215,pseudo,study
181,pseudo,study
227,real,study
124,real,study
147,real,study
23,real,study
235,real,study
211,pseudo,study
174,real,study
58,real,study
125,pseudo,study
222,pseudo,study
56,pseudo,study
31,pseudo,study
160,real,study
66,pseudo,study
41,real,study
125,pseudo,study
21,pseudo,study
198,real,study
184,pseudo,study
217,pseudo,study
239,real,study
82,real,study
124,real,study
58,real,study
66,pseudo,study
238,real,study
229,pseudo,study
167,pseudo,study
94,real,study
114,real,study
182,real,study
239,real,study
211,pseudo,study
86,real,study
114,real,study
226,pseudo,study
222,pseudo,study
215,pseudo,study
110,real,study
5,pseudo,study
181,pseudo,study
142,pseudo,study
81,pseudo,study
184,pseudo,study
38,pseudo,study
227,real,study
100,pseudo,study
