130,real,study
60,pseudo,study
39,real,study
99,real,study
30,pseudo,study
43,real,study
88,pseudo,study
91,real,study
60,pseudo,study
199,real,study
195,real,study
37,real,study
80,real,study
131,real,study
52,pseudo,study
84,real,study
120,pseudo,study
231,pseudo,study
190,real,study
179,real,study
178,real,study
93,real,study
30,pseudo,study
231,pseudo,study
116,pseudo,study
90,real,study
174,pseudo,study
3,real,study
104,pseudo,study
167,pseudo,study
98,real,study
6,pseudo,study
117,pseudo,study
190,real,study
174,pseudo,study
189,pseudo,study
155,real,study
45,real,study
190,pseudo,study
91,real,study
13,pseudo,study
206,real,study
195,real,study
116,pseudo,study
170,pseudo,study
113,real,study
39,pseudo,study
199,real,study
166,pseudo,study
131,real,study
20,real,study
165,pseudo,study
52,pseudo,study
129,pseudo,study
23,pseudo,study
215,pseudo,study
45,real,study
142,real,study
142,real,study
179,real,study
144,pseudo,study
96,pseudo,study
37,real,study
198,real,study
130,real,study
34,real,study
104,pseudo,study
103,real,study
158,pseudo,study
76,pseudo,study
2,pseudo,study
169,real,study
156,pseudo,study
89,real,study
202,real,study
34,real,study
155,pseudo,study
182,real,study
8,pseudo,study
88,pseudo,study
3,real,study
181,pseudo,study
89,real,study
239,real,study
166,pseudo,study
189,pseudo,study
90,real,study
103,real,study
6,real,study
85,pseudo,study
71,real,study
178,real,study
23,pseudo,study
155,pseudo,study
180,real,study
45,pseudo,study
198,real,study
195,pseudo,study
107,real,study
8,pseudo,study
144,pseudo,study
215,pseudo,study
99,real,study
39,pseudo,study
155,real,study
41,pseudo,study
2,pseudo,study
151,real,study
71,real,study
167,pseudo,study
232,real,study
151,real,study
49,real,study
111,pseudo,study
170,pseudo,study
45,pseudo,study
49,real,study
6,pseudo,study
190,pseudo,study
181,pseudo,study
206,real,study
165,pseudo,study
113,real,study
182,real,study
238,real,study
107,real,study
158,pseudo,study
130,pseudo,study
239,real,study
13,pseudo,study
180,real,study
169,real,study
130,pseudo,study
76,pseudo,study
208,pseudo,study
129,pseudo,study
93,real,study
6,real,study
98,real,study
41,pseudo,study
232,real,study
208,pseudo,study
84,real,study
39,real,study
43,real,study
123,pseudo,study
228,pseudo,study
96,pseudo,study
228,pseudo,study
195,pseudo,study
123,pseudo,study
20,real,study
120,pseudo,study
202,real,study
156,pseudo,study
111,pseudo,study
85,pseudo,study
80,real,study
238,real,study
117,pseudo,study
