today,real,study
camp,real,study
vord,pseudo,study
smands,pseudo,study
jet,real,study
sap,real,study
stomes,pseudo,study
cat,real,study
thairs,pseudo,study
dream,real,study
test,real,study
borms,pseudo,study
thome,pseudo,study
load,real,study
hatch,real,study
woice,pseudo,study
swean,pseudo,study
quarter,real,study
drowblin,pseudo,study
wash,real,study
floth,pseudo,study
bead,real,study
muck,real,study
fren,pseudo,study
fass,pseudo,study
ghare,pseudo,study
base,real,study
brer,pseudo,study
pork,real,study
process,real,study
sin,real,study
crallow,pseudo,study
wife,real,study
poison,real,study
muck,real,study
brans,pseudo,study
kreen,pseudo,study
whilk,pseudo,study
clars,pseudo,study
pork,real,study
strat,pseudo,study
mask,real,study
shroad,pseudo,study
breakfast,real,study
kreen,pseudo,study
stomes,pseudo,study
poison,real,study
ghare,pseudo,study
brer,pseudo,study
dreptical,pseudo,study
pleasure,real,study
quarter,real,study
mint,real,study
crust,real,study
twose,pseudo,study
frawn,pseudo,study
tract,real,study
fass,pseudo,study
frawn,pseudo,study
wames,pseudo,study
gween,pseudo,study
floth,pseudo,study
gars,pseudo,study
monster,real,study
soldier,real,study
student,real,study
wash,real,study
whilk,pseudo,study
care,real,study
fren,pseudo,study
swean,pseudo,study
bay,real,study
woice,pseudo,study
crives,pseudo,study
football,real,study
borms,pseudo,study
flinness,pseudo,study
crives,pseudo,study
trote,pseudo,study
phrise,pseudo,study
monster,real,study
gween,pseudo,study
shight,pseudo,study
thars,pseudo,study
smands,pseudo,study
motel,real,study
princess,real,study
test,real,study
shight,pseudo,study
drowblin,pseudo,study
cat,real,study
dream,real,study
mint,real,study
bay,real,study
thars,pseudo,study
par,real,study
picture,real,study
gars,pseudo,study
throm,pseudo,study
dralactite,pseudo,study
student,real,study
thome,pseudo,study
soldier,real,study
vord,pseudo,study
nont,pseudo,study
scruck,pseudo,study
scruck,pseudo,study
picture,real,study
dralactite,pseudo,study
release,real,study
brans,pseudo,study
peach,real,study
crust,real,study
trote,pseudo,study
shroad,pseudo,study
twose,pseudo,study
jet,real,study
nont,pseudo,study
clars,pseudo,study
throm,pseudo,study
wind,real,study
motel,real,study
bead,real,study
altitude,real,study
par,real,study
load,real,study
tith,pseudo,study
mask,real,study
breakfast,real,study
football,real,study
crallow,pseudo,study
frince,pseudo,study
strat,pseudo,study
release,real,study
stry,pseudo,study
wind,real,study
frince,pseudo,study
camp,real,study
pleasure,real,study
process,real,study
dose,real,study
flinness,pseudo,study
altitude,real,study
wife,real,study
phrise,pseudo,study
hatch,real,study
tract,real,study
stry,pseudo,study
dose,real,study
base,real,study
care,real,study
tith,pseudo,study
sin,real,study
dreptical,pseudo,study
today,real,study
sap,real,study
wames,pseudo,study
thairs,pseudo,study
princess,real,study
peach,real,study
