sneep,pseudo,study
colour,real,study
bell,real,study
bell,real,study
keaves,pseudo,study
cring,pseudo,study
veen,pseudo,study
wax,real,study
stould,pseudo,study
twade,pseudo,study
block,real,study
neast,pseudo,study
peck,real,study
novice,real,study
hese,pseudo,study
phream,pseudo,study
stass,pseudo,study
stim,pseudo,study
nurse,real,study
whope,pseudo,study
gill,real,study
phall,pseudo,study
police,real,study
support,real,study
nurse,real,study
ginger,real,study
prunk,pseudo,study
opinion,real,study
respect,real,study
pights,pseudo,study
smise,pseudo,study
pights,pseudo,study
sire,real,study
cone,real,study
phall,pseudo,study
novice,real,study
strimes,pseudo,study
strope,pseudo,study
dune,real,study
fonths,pseudo,study
stink,real,study
pope,real,study
zalls,pseudo,study
corner,real,study
account,real,study
chocolate,real,study
company,real,study
corner,real,study
centre,real,study
strimes,pseudo,study
sign,real,study
crallest,pseudo,study
pives,pseudo,study
pength,pseudo,study
cleep,pseudo,study
rords,pseudo,study
tham,pseudo,study
thite,pseudo,study
stim,pseudo,study
pleaties,pseudo,study
centre,real,study
rink,real,study
door,real,study
account,real,study
support,real,study
wax,real,study
trings,pseudo,study
manager,real,study
press,real,study
chocolate,real,study
crurch,pseudo,study
press,real,study
pength,pseudo,study
phream,pseudo,study
toast,real,study
poker,real,study
cone,real,study
death,real,study
arrenuate,pseudo,study
hese,pseudo,study
opinion,real,study
torch,real,study
yates,pseudo,study
door,real,study
feed,real,study
feed,real,study
phrass,pseudo,study
thite,pseudo,study
bomb,real,study
someone,real,study
jince,pseudo,study
rirls,pseudo,study
wroke,pseudo,study
shance,pseudo,study
crallest,pseudo,study
swort,pseudo,study
stass,pseudo,study
bomb,real,study
death,real,study
pives,pseudo,study
torch,real,study
shance,pseudo,study
pleaties,pseudo,study
peck,real,study
tree,real,study
toast,real,study
someone,real,study
pope,real,study
cleep,pseudo,study
tree,real,study
block,real,study
fonths,pseudo,study
gill,real,study
tham,pseudo,study
rirls,pseudo,study
bathroom,real,study
swort,pseudo,study
stink,real,study
sergeant,real,study
rink,real,study
company,real,study
respect,real,study
rords,pseudo,study
veen,pseudo,study
poker,real,study
sergeant,real,study
keaves,pseudo,study
wosts,pseudo,study
crurch,pseudo,study
dune,real,study
wroke,pseudo,study
meat,real,study
wosts,pseudo,study
smise,pseudo,study
filtraneon,pseudo,study
twade,pseudo,study
strope,pseudo,study
sign,real,study
police,real,study
colour,real,study
whope,pseudo,study
yates,pseudo,study
neast,pseudo,study
sire,real,study
sneep,pseudo,study
flight,real,study
trings,pseudo,study
cring,pseudo,study
flight,real,study
zalls,pseudo,study
arrenuate,pseudo,study
bathroom,real,study
manager,real,study
phrass,pseudo,study
filtraneon,pseudo,study
jince,pseudo,study
ginger,real,study
meat,real,study
stould,pseudo,study
prunk,pseudo,study
