102,real,study
140,pseudo,study
25,pseudo,study
144,real,study
10,pseudo,study
70,real,study
165,real,study
150,real,study
230,pseudo,study
11,pseudo,study
10,real,study
115,pseudo,study
100,real,study
24,pseudo,study
60,real,study
4,pseudo,study
14,real,study
103,real,study
5,real,study
14,real,study
97,real,study
200,real,study
104,pseudo,study
234,pseudo,study
130,pseudo,study
15,real,study
142,pseudo,study
206,real,study
150,real,study
9,real,study
125,real,study
103,real,study
178,pseudo,study
111,real,study
100,pseudo,study
17,pseudo,study
209,real,study
48,pseudo,study
127,pseudo,study
102,real,study
101,pseudo,study
230,pseudo,study
14,pseudo,study
104,pseudo,study
124,real,study
70,real,study
55,real,study
157,real,study
111,pseudo,study
232,pseudo,study
226,real,study
144,real,study
240,pseudo,study
157,real,study
3,pseudo,study
181,real,study
14,pseudo,study
215,pseudo,study
44,real,study
15,real,study
19,pseudo,study
111,real,study
74,pseudo,study
11,pseudo,study
32,pseudo,study
21,pseudo,study
25,pseudo,study
35,pseudo,study
17,pseudo,study
194,real,study
26,pseudo,study
155,real,study
130,real,study
220,pseudo,study
232,pseudo,study
130,pseudo,study
206,real,study
92,real,study
215,real,study
131,pseudo,study
100,pseudo,study
215,pseudo,study
42,real,study
140,pseudo,study
3,pseudo,study
91,real,study
3,real,study
237,pseudo,study
153,pseudo,study
46,real,study
60,real,study
137,pseudo,study
237,real,study
42,real,study
200,real,study
111,pseudo,study
63,real,study
46,real,study
22,real,study
234,pseudo,study
193,pseudo,study
16,pseudo,study
142,pseudo,study
215,real,study
237,real,study
193,pseudo,study
155,real,study
22,real,study
63,real,study
4,pseudo,study
101,pseudo,study
3,real,study
9,real,study
97,real,study
125,real,study
226,real,study
69,pseudo,study
10,real,study
100,real,study
131,pseudo,study
194,real,study
21,pseudo,study
19,pseudo,study
32,pseudo,study
88,real,study
127,pseudo,study
74,pseudo,study
44,real,study
153,pseudo,study
92,real,study
181,real,study
88,real,study
10,pseudo,study
184,pseudo,study
91,real,study
26,pseudo,study
177,real,study
220,pseudo,study
115,pseudo,study
48,pseudo,study
16,pseudo,study
137,pseudo,study
178,pseudo,study
55,real,study
69,pseudo,study
24,pseudo,study
35,pseudo,study
184,pseudo,study
124,real,study
165,real,study
5,real,study
133,real,study
91,pseudo,study
240,pseudo,study
130,real,study
133,real,study
177,real,study
91,pseudo,study
237,pseudo,study
209,real,study
