163,real,study
16,real,study
178,real,study
169,pseudo,study
240,pseudo,study
132,pseudo,study
59,real,study
159,real,study
24,real,study
89,real,study
137,real,study
171,pseudo,study
181,real,study
200,real,study
76,pseudo,study
99,real,study
48,pseudo,study
98,pseudo,study
236,real,study
207,pseudo,study
2,real,study
202,pseudo,study
155,pseudo,study
223,real,study
137,real,study
54,pseudo,study
154,real,study
187,pseudo,study
28,real,study
199,pseudo,study
24,pseudo,study
120,pseudo,study
120,pseudo,study
170,real,study
194,pseudo,study
226,pseudo,study
214,real,study
196,real,study
226,pseudo,study
167,pseudo,study
2,pseudo,study
9,pseudo,study
140,real,study
59,real,study
100,pseudo,study
28,real,study
81,pseudo,study
91,pseudo,study
96,real,study
78,real,study
191,pseudo,study
178,real,study
67,pseudo,study
43,pseudo,study
202,real,study
112,pseudo,study
203,real,study
181,real,study
124,pseudo,study
124,pseudo,study
98,pseudo,study
9,pseudo,study
125,pseudo,study
185,pseudo,study
205,real,study
48,pseudo,study
81,pseudo,study
1,real,study
130,real,study
222,pseudo,study
138,real,study
2,pseudo,study
180,pseudo,study
31,real,study
233,real,study
138,real,study
240,pseudo,study
112,pseudo,study
61,pseudo,study
43,pseudo,study
45,pseudo,study
185,pseudo,study
16,real,study
233,real,study
236,real,study
211,pseudo,study
76,pseudo,study
31,real,study
214,real,study
30,real,study
202,pseudo,study
207,pseudo,study
178,pseudo,study
229,pseudo,study
152,pseudo,study
192,real,study
91,pseudo,study
159,real,study
184,real,study
222,pseudo,study
30,real,study
19,real,study
169,pseudo,study
196,real,study
196,pseudo,study
201,pseudo,study
154,real,study
74,real,study
201,pseudo,study
223,real,study
45,pseudo,study
194,real,study
180,pseudo,study
194,pseudo,study
100,pseudo,study
140,real,study
192,real,study
125,pseudo,study
92,real,study
99,real,study
61,pseudo,study
229,pseudo,study
163,real,study
155,pseudo,study
167,pseudo,study
19,real,study
39,real,study
132,pseudo,study
89,real,study
152,pseudo,study
211,pseudo,study
202,real,study
58,real,study
205,real,study
203,real,study
191,pseudo,study
74,real,study
92,real,study
178,pseudo,study
2,real,study
130,real,study
24,pseudo,study
39,real,study
199,pseudo,study
187,pseudo,study
184,real,study
24,real,study
58,real,study
96,real,study
170,real,study
234,real,study
171,pseudo,study
54,pseudo,study
78,real,study
194,real,study
1,real,study
234,real,study
196,pseudo,study
200,real,study
67,pseudo,study
