sail,real,study
pope,real,study
choud,pseudo,study
facks,pseudo,study
jend,pseudo,study
drum,real,study
jend,pseudo,study
otterings,pseudo,study
treleton,pseudo,study
today,real,study
par,real,study
shin,real,study
rink,real,study
clief,pseudo,study
abbunition,pseudo,study
phream,pseudo,study
shroad,pseudo,study
cise,pseudo,study
crime,real,study
jince,pseudo,study
mask,real,study
bead,real,study
mask,real,study
swith,pseudo,study
dune,real,study
sheriff,real,study
cise,pseudo,study
otterings,pseudo,study
nairs,pseudo,study
shirl,pseudo,study
sail,real,study
dorld,pseudo,study
lace,real,study
smands,pseudo,study
today,real,study
hospital,real,study
smeed,pseudo,study
mule,real,study
cleist,pseudo,study
ginger,real,study
vills,pseudo,study
shoe,real,study
someone,real,study
insurance,real,study
swene,pseudo,study
bastard,real,study
bastard,real,study
gheet,pseudo,study
fren,pseudo,study
rocket,real,study
glasses,real,study
sheriff,real,study
scine,pseudo,study
treleton,pseudo,study
fountain,real,study
magazine,real,study
dream,real,study
gentleman,real,study
dorld,pseudo,study
shirl,pseudo,study
jince,pseudo,study
drum,real,study
trote,pseudo,study
harp,real,study
trial,real,study
shroad,pseudo,study
dose,real,study
rocket,real,study
toast,real,study
centre,real,study
shance,pseudo,study
swene,pseudo,study
base,real,study
arrenuate,pseudo,study
fratements,pseudo,study
flench,pseudo,study
scine,pseudo,study
phream,pseudo,study
fratements,pseudo,study
ego,real,study
plense,pseudo,study
centre,real,study
trote,pseudo,study
crock,real,study
block,real,study
dune,real,study
wind,real,study
dream,real,study
fren,pseudo,study
gomes,pseudo,study
cleist,pseudo,study
plense,pseudo,study
par,real,study
nairs,pseudo,study
shoe,real,study
choud,pseudo,study
flench,pseudo,study
smands,pseudo,study
magazine,real,study
pleasure,real,study
rink,real,study
pope,real,study
trial,real,study
base,real,study
abbunition,pseudo,study
tranders,pseudo,study
harp,real,study
splangle,pseudo,study
crock,real,study
tourse,pseudo,study
shin,real,study
van,real,study
dose,real,study
weather,real,study
phall,pseudo,study
block,real,study
stim,pseudo,study
wind,real,study
pleasure,real,study
juns,pseudo,study
whoss,pseudo,study
ego,real,study
hospital,real,study
facks,pseudo,study
tourse,pseudo,study
clief,pseudo,study
bead,real,study
dreril,pseudo,study
phall,pseudo,study
dreril,pseudo,study
juns,pseudo,study
vills,pseudo,study
woice,pseudo,study
arrenuate,pseudo,study
insurance,real,study
woice,pseudo,study
shance,pseudo,study
gnard,pseudo,study
bit,real,study
gentleman,real,study
ginger,real,study
smeed,pseudo,study
gheet,pseudo,study
gnard,pseudo,study
someone,real,study
gomes,pseudo,study
lace,real,study
stim,pseudo,study
mule,real,study
van,real,study
crime,real,study
glasses,real,study
fountain,real,study
toast,real,study
bit,real,study
tranders,pseudo,study
weather,real,study
swith,pseudo,study
whoss,pseudo,study
splangle,pseudo,study
