drist,pseudo,study
vallisit,pseudo,study
gween,pseudo,study
swort,pseudo,study
pives,pseudo,study
peads,pseudo,study
muck,real,study
director,real,study
season,real,study
snells,pseudo,study
cone,real,study
wash,real,study
sign,real,study
fear,real,study
swest,pseudo,study
rush,real,study
trools,pseudo,study
wall,real,study
change,real,study
freeze,real,study
ginds,pseudo,study
language,real,study
giant,real,study
slit,real,study
gween,pseudo,study
science,real,study
bleast,pseudo,study
giant,real,study
neast,pseudo,study
troat,pseudo,study
cright,pseudo,study
language,real,study
pitch,real,study
fault,real,study
season,real,study
sneep,pseudo,study
hank,real,study
peads,pseudo,study
purpose,real,study
kreen,pseudo,study
health,real,study
forge,real,study
drong,pseudo,study
swort,pseudo,study
froud,pseudo,study
shandstand,pseudo,study
states,real,study
hatch,real,study
throuch,pseudo,study
chain,real,study
half,real,study
pitch,real,study
bleast,pseudo,study
downstairs,real,study
flinness,pseudo,study
science,real,study
flinness,pseudo,study
yared,pseudo,study
wresh,pseudo,study
surgery,real,study
priend,pseudo,study
process,real,study
floor,real,study
stips,pseudo,study
fad,real,study
muck,real,study
chip,real,study
wall,real,study
pruit,pseudo,study
stry,pseudo,study
page,real,study
hatch,real,study
monster,real,study
forge,real,study
wife,real,study
president,real,study
flind,pseudo,study
null,real,study
wresh,pseudo,study
crurch,pseudo,study
shandstand,pseudo,study
wife,real,study
bay,real,study
cone,real,study
process,real,study
yared,pseudo,study
tith,pseudo,study
nones,pseudo,study
hank,real,study
page,real,study
inniberal,pseudo,study
chould,pseudo,study
troat,pseudo,study
ginds,pseudo,study
shreet,pseudo,study
creath,pseudo,study
creath,pseudo,study
snells,pseudo,study
bay,real,study
sneep,pseudo,study
pives,pseudo,study
patient,real,study
purpose,real,study
stips,pseudo,study
vonce,pseudo,study
shreet,pseudo,study
cright,pseudo,study
strept,pseudo,study
neast,pseudo,study
monster,real,study
director,real,study
throuch,pseudo,study
condition,real,study
flind,pseudo,study
states,real,study
health,real,study
chould,pseudo,study
slit,real,study
freeze,real,study
president,real,study
gars,pseudo,study
sign,real,study
tith,pseudo,study
vallisit,pseudo,study
gars,pseudo,study
swest,pseudo,study
floor,real,study
downstairs,real,study
drist,pseudo,study
nones,pseudo,study
rush,real,study
song,real,study
trools,pseudo,study
inniberal,pseudo,study
jouse,pseudo,study
surgery,real,study
fear,real,study
change,real,study
pruit,pseudo,study
wash,real,study
froud,pseudo,study
condition,real,study
kreen,pseudo,study
null,real,study
jouse,pseudo,study
strept,pseudo,study
stry,pseudo,study
chain,real,study
drong,pseudo,study
priend,pseudo,study
patient,real,study
fad,real,study
tiss,pseudo,study
song,real,study
chip,real,study
tiss,pseudo,study
vonce,pseudo,study
fault,real,study
half,real,study
crurch,pseudo,study
