123,real,study
2,real,study
239,pseudo,study
223,pseudo,study
122,real,study
147,pseudo,study
123,real,study
90,pseudo,study
32,real,study
154,pseudo,study
2,real,study
32,real,study
203,real,study
216,real,study
45,pseudo,study
223,pseudo,study
179,pseudo,study
224,pseudo,study
177,real,study
41,pseudo,study
118,pseudo,study
152,real,study
179,pseudo,study
103,pseudo,study
11,pseudo,study
173,pseudo,study
114,pseudo,study
161,pseudo,study
151,pseudo,study
152,real,study
11,pseudo,study
81,real,study
52,real,study
36,real,study
97,pseudo,study
157,pseudo,study
105,real,study
192,real,study
14,pseudo,study
100,real,study
154,pseudo,study
227,real,study
216,pseudo,study
192,real,study
231,pseudo,study
46,real,study
103,pseudo,study
109,pseudo,study
36,pseudo,study
165,real,study
240,real,study
123,pseudo,study
199,pseudo,study
17,pseudo,study
118,pseudo,study
86,real,study
33,real,study
123,pseudo,study
36,real,study
122,real,study
14,real,study
103,real,study
97,pseudo,study
137,pseudo,study
114,pseudo,study
34,pseudo,study
219,real,study
232,real,study
216,real,study
91,real,study
73,real,study
212,pseudo,study
213,real,study
77,pseudo,study
211,real,study
231,pseudo,study
46,real,study
14,real,study
157,pseudo,study
151,real,study
232,real,study
199,pseudo,study
105,real,study
111,pseudo,study
137,pseudo,study
226,pseudo,study
161,pseudo,study
105,pseudo,study
117,real,study
137,real,study
215,pseudo,study
220,real,study
36,pseudo,study
72,pseudo,study
109,pseudo,study
222,real,study
203,real,study
137,real,study
240,real,study
238,real,study
220,real,study
173,real,study
157,real,study
77,pseudo,study
21,pseudo,study
117,real,study
222,real,study
41,pseudo,study
107,pseudo,study
103,real,study
99,real,study
45,pseudo,study
60,pseudo,study
224,pseudo,study
195,real,study
108,pseudo,study
91,real,study
151,real,study
107,pseudo,study
21,pseudo,study
33,real,study
86,real,study
226,pseudo,study
72,pseudo,study
14,pseudo,study
177,real,study
81,real,study
219,real,study
157,real,study
52,real,study
173,pseudo,study
18,real,study
165,real,study
195,real,study
212,pseudo,study
100,real,study
147,pseudo,study
111,pseudo,study
239,pseudo,study
73,real,study
99,real,study
151,pseudo,study
211,real,study
173,real,study
227,real,study
60,pseudo,study
18,real,study
108,pseudo,study
216,pseudo,study
111,real,study
34,pseudo,study
67,pseudo,study
215,pseudo,study
90,pseudo,study
105,pseudo,study
238,real,study
17,pseudo,study
213,real,study
111,real,study
67,pseudo,study
