33,real,study
18,pseudo,study
18,real,study
201,real,study
25,pseudo,study
232,real,study
11,pseudo,study
121,pseudo,study
143,real,study
50,real,study
85,real,study
20,pseudo,study
168,real,study
206,real,study
168,pseudo,study
213,pseudo,study
93,real,study
110,pseudo,study
62,pseudo,study
151,pseudo,study
172,real,study
126,real,study
132,pseudo,study
199,pseudo,study
70,pseudo,study
119,pseudo,study
77,real,study
17,pseudo,study
51,pseudo,study
172,real,study
190,pseudo,study
202,real,study
110,real,study
145,pseudo,study
126,real,study
112,pseudo,study
12,real,study
18,pseudo,study
3,pseudo,study
230,pseudo,study
238,real,study
239,pseudo,study
1,pseudo,study
41,real,study
110,real,study
152,real,study
134,pseudo,study
135,pseudo,study
167,pseudo,study
27,real,study
165,real,study
240,real,study
206,real,study
10,real,study
51,real,study
14,pseudo,study
99,pseudo,study
12,real,study
70,pseudo,study
31,real,study
96,pseudo,study
60,real,study
132,pseudo,study
223,real,study
99,pseudo,study
51,real,study
18,real,study
203,pseudo,study
116,pseudo,study
36,pseudo,study
158,real,study
135,pseudo,study
134,pseudo,study
26,real,study
110,pseudo,study
239,pseudo,study
51,pseudo,study
178,real,study
17,pseudo,study
36,pseudo,study
41,real,study
161,pseudo,study
158,real,study
64,pseudo,study
151,real,study
203,pseudo,study
238,real,study
151,real,study
56,pseudo,study
93,real,study
77,real,study
3,pseudo,study
1,pseudo,study
194,real,study
6,pseudo,study
53,pseudo,study
85,real,study
27,real,study
62,pseudo,study
19,pseudo,study
138,real,study
14,pseudo,study
188,pseudo,study
33,real,study
151,pseudo,study
165,real,study
42,real,study
119,pseudo,study
168,pseudo,study
190,pseudo,study
59,real,study
64,pseudo,study
25,pseudo,study
201,real,study
163,pseudo,study
8,real,study
59,real,study
112,pseudo,study
167,pseudo,study
96,pseudo,study
199,pseudo,study
145,pseudo,study
178,real,study
106,real,study
152,real,study
56,pseudo,study
230,pseudo,study
53,pseudo,study
8,real,study
106,real,study
121,pseudo,study
31,real,study
42,real,study
6,pseudo,study
62,real,study
230,real,study
60,real,study
213,pseudo,study
230,real,study
20,pseudo,study
62,real,study
11,pseudo,study
26,real,study
223,real,study
194,real,study
50,real,study
168,real,study
150,real,study
138,real,study
232,real,study
10,real,study
240,real,study
116,pseudo,study
163,pseudo,study
188,pseudo,study
202,real,study
150,real,study
19,pseudo,study
161,pseudo,study
143,real,study
