witness,real,study
target,real,study
giant,real,study
soldier,real,study
whoss,pseudo,study
keaves,pseudo,study
support,real,study
glam,pseudo,study
rink,real,study
daughter,real,study
creath,pseudo,study
keaves,pseudo,study
spept,pseudo,study
evidence,real,study
stinds,pseudo,study
trial,real,study
tham,pseudo,study
evidence,real,study
interest,real,study
corner,real,study
attorney,real,study
trings,pseudo,study
rocket,real,study
master,real,study
dunch,pseudo,study
fonths,pseudo,study
sheriff,real,study
wife,real,study
voved,pseudo,study
blied,pseudo,study
novice,real,study
ratio,real,study
creer,pseudo,study
swene,pseudo,study
dunch,pseudo,study
swars,pseudo,study
krench,pseudo,study
rocket,real,study
throm,pseudo,study
smone,pseudo,study
plales,pseudo,study
clars,pseudo,study
mood,real,study
wall,real,study
grix,pseudo,study
grive,pseudo,study
science,real,study
care,real,study
frince,pseudo,study
condition,real,study
trour,pseudo,study
nis,pseudo,study
mesh,real,study
altitude,real,study
interest,real,study
number,real,study
sail,real,study
wall,real,study
mood,real,study
trings,pseudo,study
care,real,study
sign,real,study
spell,real,study
number,real,study
trour,pseudo,study
nis,pseudo,study
frince,pseudo,study
altitude,real,study
sail,real,study
gentleman,real,study
choud,pseudo,study
witness,real,study
plales,pseudo,study
blark,pseudo,study
master,real,study
season,real,study
box,real,study
company,real,study
swene,pseudo,study
condition,real,study
police,real,study
smone,pseudo,study
swars,pseudo,study
hank,real,study
season,real,study
shack,real,study
attliction,pseudo,study
throuch,pseudo,study
clars,pseudo,study
grive,pseudo,study
cise,pseudo,study
sign,real,study
smise,pseudo,study
bead,real,study
snells,pseudo,study
blark,pseudo,study
blied,pseudo,study
zalk,pseudo,study
attliction,pseudo,study
sheriff,real,study
wuite,pseudo,study
crurch,pseudo,study
pope,real,study
throuch,pseudo,study
troat,pseudo,study
spept,pseudo,study
cise,pseudo,study
grix,pseudo,study
rink,real,study
glam,pseudo,study
borms,pseudo,study
borms,pseudo,study
stinds,pseudo,study
gentleman,real,study
attorney,real,study
support,real,study
daughter,real,study
zalk,pseudo,study
choud,pseudo,study
police,real,study
spet,pseudo,study
plate,real,study
box,real,study
tranders,pseudo,study
giant,real,study
creer,pseudo,study
mesh,real,study
company,real,study
smise,pseudo,study
pights,pseudo,study
bead,real,study
wuite,pseudo,study
corner,real,study
tranders,pseudo,study
novice,real,study
spell,real,study
creath,pseudo,study
whoss,pseudo,study
spet,pseudo,study
hank,real,study
wife,real,study
trial,real,study
meat,real,study
science,real,study
target,real,study
pights,pseudo,study
krench,pseudo,study
soldier,real,study
shack,real,study
ratio,real,study
troat,pseudo,study
plate,real,study
meat,real,study
snells,pseudo,study
throm,pseudo,study
tham,pseudo,study
crurch,pseudo,study
fonths,pseudo,study
voved,pseudo,study
pope,real,study
