leg,real,study
eye,real,study
vord,pseudo,study
pitch,real,study
frawn,pseudo,study
machine,real,study
nairs,pseudo,study
juns,pseudo,study
cring,pseudo,study
spled,pseudo,study
prounds,pseudo,study
stitch,real,study
block,real,study
release,real,study
prounds,pseudo,study
practice,real,study
plood,pseudo,study
tocks,pseudo,study
phrise,pseudo,study
zands,pseudo,study
crallow,pseudo,study
lace,real,study
prether,pseudo,study
lawn,real,study
pitch,real,study
cring,pseudo,study
frars,pseudo,study
picture,real,study
pair,real,study
cloose,pseudo,study
jince,pseudo,study
marriage,real,study
torch,real,study
license,real,study
shreet,pseudo,study
spoes,pseudo,study
block,real,study
mees,pseudo,study
cloose,pseudo,study
swean,pseudo,study
arrenuate,pseudo,study
stitch,real,study
juns,pseudo,study
press,real,study
smands,pseudo,study
dorth,pseudo,study
prether,pseudo,study
trail,real,study
crase,pseudo,study
sived,pseudo,study
vense,pseudo,study
door,real,study
smands,pseudo,study
torch,real,study
marriage,real,study
restaurant,real,study
bud,real,study
null,real,study
peach,real,study
fun,real,study
floor,real,study
spled,pseudo,study
press,real,study
sived,pseudo,study
boose,pseudo,study
zalls,pseudo,study
lace,real,study
pruit,pseudo,study
swean,pseudo,study
null,real,study
leg,real,study
dorth,pseudo,study
lawn,real,study
chess,real,study
pair,real,study
zands,pseudo,study
wiece,pseudo,study
peck,real,study
interview,real,study
cleep,pseudo,study
bang,real,study
eye,real,study
release,real,study
plis,pseudo,study
phrise,pseudo,study
veen,pseudo,study
interview,real,study
veen,pseudo,study
wiece,pseudo,study
pot,real,study
frawn,pseudo,study
plood,pseudo,study
tocks,pseudo,study
sin,real,study
vord,pseudo,study
pot,real,study
boose,pseudo,study
thines,pseudo,study
practice,real,study
zip,real,study
door,real,study
fun,real,study
thines,pseudo,study
strept,pseudo,study
pruit,pseudo,study
suspect,real,study
river,real,study
fault,real,study
aggall,pseudo,study
today,real,study
plis,pseudo,study
bud,real,study
aim,real,study
shreet,pseudo,study
change,real,study
nairs,pseudo,study
cleep,pseudo,study
opinion,real,study
degs,pseudo,study
peach,real,study
spoes,pseudo,study
opinion,real,study
shees,pseudo,study
bell,real,study
chess,real,study
kreen,pseudo,study
shight,pseudo,study
picture,real,study
arrenuate,pseudo,study
zalls,pseudo,study
restaurant,real,study
machine,real,study
degs,pseudo,study
kreen,pseudo,study
change,real,study
frars,pseudo,study
floor,real,study
crallow,pseudo,study
mees,pseudo,study
shees,pseudo,study
sprint,real,study
today,real,study
shight,pseudo,study
aim,real,study
suspect,real,study
fault,real,study
trail,real,study
peck,real,study
bang,real,study
zip,real,study
sprint,real,study
aggall,pseudo,study
river,real,study
strept,pseudo,study
license,real,study
crase,pseudo,study
bell,real,study
sin,real,study
jince,pseudo,study
vense,pseudo,study
