88,pseudo,study
216,pseudo,study
155,pseudo,study
40,real,study
187,real,study
73,pseudo,study
136,real,study
39,real,study
233,real,study
123,pseudo,study
162,real,study
229,pseudo,study
39,real,study
2,pseudo,study
110,pseudo,study
185,real,study
156,pseudo,study
214,real,study
201,real,study
61,pseudo,study
132,pseudo,study
70,pseudo,study
135,real,study
90,real,study
56,pseudo,study
61,pseudo,study
238,pseudo,study
73,pseudo,study
24,real,study
59,pseudo,study
114,pseudo,study
170,pseudo,study
171,pseudo,study
198,real,study
56,pseudo,study
53,pseudo,study
70,pseudo,study
38,real,study
139,real,study
45,pseudo,study
54,pseudo,study
18,real,study
45,pseudo,study
133,pseudo,study
58,pseudo,study
208,real,study
180,real,study
59,pseudo,study
228,pseudo,study
179,pseudo,study
15,pseudo,study
123,pseudo,study
40,real,study
185,real,study
170,pseudo,study
229,pseudo,study
114,pseudo,study
146,real,study
71,pseudo,study
135,real,study
121,real,study
192,real,study
201,real,study
96,pseudo,study
187,real,study
128,pseudo,study
15,pseudo,study
38,real,study
218,real,study
148,real,study
240,real,study
103,pseudo,study
99,real,study
219,real,study
99,real,study
148,real,study
190,pseudo,study
162,real,study
198,real,study
86,pseudo,study
20,real,study
42,pseudo,study
167,pseudo,study
197,pseudo,study
192,real,study
210,pseudo,study
54,pseudo,study
149,real,study
146,real,study
61,real,study
167,pseudo,study
46,pseudo,study
184,real,study
18,real,study
20,real,study
223,real,study
218,real,study
86,pseudo,study
112,real,study
156,pseudo,study
184,real,study
24,real,study
115,real,study
216,pseudo,study
2,pseudo,study
131,real,study
208,real,study
121,real,study
96,pseudo,study
149,real,study
112,real,study
59,real,study
156,real,study
238,pseudo,study
222,real,study
219,real,study
240,real,study
233,real,study
155,pseudo,study
43,real,study
47,pseudo,study
115,real,study
47,pseudo,study
88,pseudo,study
64,real,study
110,pseudo,study
58,pseudo,study
179,pseudo,study
180,real,study
195,real,study
90,real,study
136,real,study
59,real,study
228,pseudo,study
195,real,study
223,real,study
190,pseudo,study
43,real,study
109,pseudo,study
42,pseudo,study
53,pseudo,study
46,pseudo,study
128,pseudo,study
12,pseudo,study
61,real,study
109,pseudo,study
103,pseudo,study
131,real,study
132,pseudo,study
171,pseudo,study
133,pseudo,study
222,real,study
71,pseudo,study
139,real,study
210,pseudo,study
64,real,study
12,pseudo,study
156,real,study
197,pseudo,study
214,real,study
