106,real,study
103,real,study
59,pseudo,study
164,pseudo,study
109,pseudo,study
118,real,study
173,pseudo,study
219,real,study
221,pseudo,study
197,real,study
164,pseudo,study
51,pseudo,study
191,real,study
37,real,study
53,pseudo,study
209,real,study
15,pseudo,study
69,pseudo,study
197,pseudo,study
106,real,study
17,pseudo,study
153,pseudo,study
12,pseudo,study
146,real,study
82,pseudo,study
18,pseudo,study
141,real,study
207,real,study
207,real,study
219,real,study
82,pseudo,study
22,real,study
37,pseudo,study
58,pseudo,study
159,pseudo,study
15,pseudo,study
112,real,study
5,pseudo,study
217,pseudo,study
43,real,study
95,pseudo,study
43,real,study
117,real,study
111,real,study
137,pseudo,study
34,real,study
173,real,study
66,real,study
212,pseudo,study
215,real,study
44,real,study
64,real,study
237,pseudo,study
182,real,study
112,real,study
77,pseudo,study
187,real,study
131,pseudo,study
143,real,study
109,pseudo,study
152,real,study
77,real,study
139,pseudo,study
31,pseudo,study
173,real,study
124,real,study
182,real,study
107,real,study
140,pseudo,study
12,pseudo,study
66,real,study
221,pseudo,study
3,pseudo,study
110,pseudo,study
153,pseudo,study
180,real,study
17,pseudo,study
77,pseudo,study
211,real,study
27,real,study
224,real,study
188,real,study
140,pseudo,study
46,real,study
176,pseudo,study
210,real,study
118,real,study
145,pseudo,study
237,pseudo,study
58,pseudo,study
201,real,study
204,real,study
37,pseudo,study
210,real,study
204,real,study
220,real,study
13,pseudo,study
53,pseudo,study
46,pseudo,study
124,real,study
56,pseudo,study
56,pseudo,study
197,real,study
131,pseudo,study
22,real,study
84,real,study
3,pseudo,study
13,pseudo,study
197,pseudo,study
31,pseudo,study
200,pseudo,study
188,pseudo,study
69,pseudo,study
143,real,study
176,pseudo,study
191,real,study
159,pseudo,study
44,real,study
5,pseudo,study
77,real,study
117,real,study
201,real,study
111,real,study
46,real,study
224,real,study
57,pseudo,study
95,pseudo,study
14,pseudo,study
145,pseudo,study
64,real,study
180,real,study
211,real,study
51,pseudo,study
57,pseudo,study
188,pseudo,study
200,pseudo,study
188,real,study
220,real,study
173,pseudo,study
46,pseudo,study
110,pseudo,study
139,pseudo,study
27,real,study
141,real,study
215,real,study
107,real,study
212,pseudo,study
217,pseudo,study
137,pseudo,study
209,real,study
152,real,study
103,real,study
18,pseudo,study
187,real,study
84,real,study
34,real,study
37,real,study
14,pseudo,study
146,real,study
59,pseudo,study
