throm,pseudo,study
wroke,pseudo,study
gown,real,study
lore,real,study
blied,pseudo,study
massage,real,study
plis,pseudo,study
project,real,study
prave,pseudo,study
box,real,study
shees,pseudo,study
decision,real,study
krey,pseudo,study
shore,real,study
rirls,pseudo,study
glam,pseudo,study
dralactite,pseudo,study
sin,real,study
box,real,study
restaurant,real,study
krench,pseudo,study
attliction,pseudo,study
dralactite,pseudo,study
teacher,real,study
snats,pseudo,study
pike,real,study
smise,pseudo,study
skarts,pseudo,study
whope,pseudo,study
krench,pseudo,study
zount,pseudo,study
leer,real,study
smise,pseudo,study
froo,pseudo,study
plene,pseudo,study
thich,pseudo,study
chelp,pseudo,study
plis,pseudo,study
thars,pseudo,study
manager,real,study
whilk,pseudo,study
prayer,real,study
feed,real,study
project,real,study
license,real,study
scrength,pseudo,study
thars,pseudo,study
stomes,pseudo,study
twade,pseudo,study
death,real,study
attliction,pseudo,study
interest,real,study
teacher,real,study
chelp,pseudo,study
nacts,pseudo,study
throm,pseudo,study
pike,real,study
prave,pseudo,study
stould,pseudo,study
creer,pseudo,study
grectral,pseudo,study
plate,real,study
prunk,pseudo,study
interest,real,study
sin,real,study
interview,real,study
nis,pseudo,study
situation,real,study
spice,real,study
twade,pseudo,study
nis,pseudo,study
froo,pseudo,study
decision,real,study
blied,pseudo,study
cat,real,study
plene,pseudo,study
gill,real,study
number,real,study
mesh,real,study
poker,real,study
river,real,study
pup,real,study
death,real,study
company,real,study
plate,real,study
stross,pseudo,study
company,real,study
shees,pseudo,study
stass,pseudo,study
poker,real,study
interview,real,study
witness,real,study
nurse,real,study
massage,real,study
mesh,real,study
bunk,real,study
staff,real,study
percent,real,study
mees,pseudo,study
wroke,pseudo,study
twan,pseudo,study
plales,pseudo,study
grape,real,study
mood,real,study
restaurant,real,study
nacts,pseudo,study
license,real,study
thich,pseudo,study
stomes,pseudo,study
spice,real,study
staff,real,study
krey,pseudo,study
prunk,pseudo,study
witness,real,study
jury,real,study
pange,pseudo,study
stross,pseudo,study
pup,real,study
whilk,pseudo,study
pange,pseudo,study
nurse,real,study
giles,pseudo,study
lore,real,study
glam,pseudo,study
zount,pseudo,study
skarts,pseudo,study
plales,pseudo,study
gown,real,study
grectral,pseudo,study
tomorrow,real,study
shore,real,study
giles,pseudo,study
grape,real,study
leer,real,study
number,real,study
stould,pseudo,study
thines,pseudo,study
gill,real,study
whope,pseudo,study
creer,pseudo,study
river,real,study
cat,real,study
percent,real,study
door,real,study
door,real,study
twan,pseudo,study
manager,real,study
feed,real,study
prayer,real,study
snats,pseudo,study
rirls,pseudo,study
situation,real,study
thines,pseudo,study
mood,real,study
mees,pseudo,study
scrength,pseudo,study
jury,real,study
stass,pseudo,study
bunk,real,study
tomorrow,real,study
