respect,real,study
wames,pseudo,study
peck,real,study
guy,real,study
crallest,pseudo,study
chocolate,real,study
strope,pseudo,study
strat,pseudo,study
blass,pseudo,study
greast,pseudo,study
aim,real,study
opinion,real,study
stitch,real,study
pump,real,study
swean,pseudo,study
meems,pseudo,study
bang,real,study
hese,pseudo,study
greast,pseudo,study
pength,pseudo,study
keaves,pseudo,study
chocolate,real,study
brots,pseudo,study
surprise,real,study
zalk,pseudo,study
swean,pseudo,study
promise,real,study
vense,pseudo,study
marriage,real,study
crallest,pseudo,study
gag,real,study
torch,real,study
pair,real,study
bomb,real,study
jet,real,study
cleep,pseudo,study
slen,pseudo,study
phrise,pseudo,study
mart,real,study
concert,real,study
husband,real,study
smorth,pseudo,study
stinds,pseudo,study
strat,pseudo,study
degs,pseudo,study
demon,real,study
respect,real,study
demon,real,study
pights,pseudo,study
torch,real,study
meems,pseudo,study
plood,pseudo,study
stitch,real,study
sap,real,study
aggall,pseudo,study
phants,pseudo,study
yates,pseudo,study
vord,pseudo,study
vorse,pseudo,study
brots,pseudo,study
pump,real,study
bud,real,study
rhurch,pseudo,study
shack,real,study
promise,real,study
test,real,study
tregs,pseudo,study
marriage,real,study
aggall,pseudo,study
smorth,pseudo,study
cleep,pseudo,study
load,real,study
test,real,study
sap,real,study
swars,pseudo,study
rords,pseudo,study
phrise,pseudo,study
slen,pseudo,study
opinion,real,study
history,real,study
pair,real,study
audience,real,study
care,real,study
hese,pseudo,study
gag,real,study
professor,real,study
practice,real,study
guy,real,study
diet,real,study
crives,pseudo,study
degs,pseudo,study
firm,real,study
vord,pseudo,study
mart,real,study
care,real,study
veen,pseudo,study
altitude,real,study
congruoat,pseudo,study
community,real,study
pights,pseudo,study
professor,real,study
yates,pseudo,study
strope,pseudo,study
bomb,real,study
tregs,pseudo,study
swars,pseudo,study
surprise,real,study
concert,real,study
practice,real,study
load,real,study
bang,real,study
pength,pseudo,study
altitude,real,study
truce,real,study
husband,real,study
crust,real,study
truce,real,study
keaves,pseudo,study
aim,real,study
audience,real,study
stent,pseudo,study
emergency,real,study
crives,pseudo,study
phants,pseudo,study
sived,pseudo,study
yats,pseudo,study
diet,real,study
rords,pseudo,study
wosts,pseudo,study
wosts,pseudo,study
bolt,real,study
vense,pseudo,study
vorse,pseudo,study
soy,real,study
zalk,pseudo,study
chorce,pseudo,study
yats,pseudo,study
congruoat,pseudo,study
rhurch,pseudo,study
sived,pseudo,study
wames,pseudo,study
prile,pseudo,study
stent,pseudo,study
soy,real,study
shack,real,study
peck,real,study
emergency,real,study
prile,pseudo,study
history,real,study
community,real,study
veen,pseudo,study
firm,real,study
bud,real,study
chorce,pseudo,study
blass,pseudo,study
crust,real,study
bolt,real,study
plood,pseudo,study
jet,real,study
stinds,pseudo,study
