198,real,study
114,real,study
114,real,study
62,pseudo,study
20,pseudo,study
214,pseudo,study
129,real,study
75,pseudo,study
161,real,study
40,pseudo,study
11,real,study
214,pseudo,study
118,real,study
94,real,study
196,pseudo,study
175,pseudo,study
44,pseudo,study
196,pseudo,study
79,real,study
1,pseudo,study
11,real,study
172,pseudo,study
21,real,study
56,real,study
151,pseudo,study
209,pseudo,study
168,real,study
173,pseudo,study
176,pseudo,study
231,real,study
39,real,study
151,pseudo,study
168,real,study
62,pseudo,study
222,pseudo,study
187,pseudo,study
57,real,study
113,real,study
75,pseudo,study
222,pseudo,study
115,real,study
84,real,study
198,real,study
163,real,study
47,pseudo,study
207,pseudo,study
75,real,study
61,pseudo,study
97,real,study
166,pseudo,study
39,real,study
108,real,study
207,pseudo,study
213,pseudo,study
118,real,study
171,pseudo,study
97,pseudo,study
174,real,study
12,real,study
209,pseudo,study
213,real,study
27,pseudo,study
15,pseudo,study
44,pseudo,study
133,real,study
189,real,study
93,real,study
69,pseudo,study
201,real,study
143,real,study
69,pseudo,study
173,pseudo,study
147,pseudo,study
97,real,study
8,pseudo,study
101,pseudo,study
231,real,study
143,real,study
94,real,study
166,pseudo,study
21,real,study
215,pseudo,study
108,real,study
125,real,study
217,real,study
161,real,study
113,pseudo,study
177,real,study
133,real,study
8,pseudo,study
174,real,study
208,pseudo,study
84,pseudo,study
176,pseudo,study
129,real,study
114,pseudo,study
158,real,study
174,pseudo,study
142,pseudo,study
142,pseudo,study
24,real,study
115,real,study
140,pseudo,study
140,pseudo,study
119,real,study
158,real,study
97,pseudo,study
147,pseudo,study
177,real,study
213,real,study
79,real,study
58,real,study
125,real,study
58,real,study
46,real,study
56,real,study
163,real,study
171,pseudo,study
217,real,study
189,real,study
114,pseudo,study
219,real,study
214,real,study
40,pseudo,study
113,real,study
203,real,study
224,pseudo,study
172,pseudo,study
203,real,study
12,real,study
224,pseudo,study
178,pseudo,study
178,pseudo,study
84,real,study
46,real,study
75,real,study
155,pseudo,study
57,real,study
113,pseudo,study
47,pseudo,study
101,pseudo,study
208,pseudo,study
27,pseudo,study
215,pseudo,study
155,pseudo,study
1,pseudo,study
93,real,study
84,pseudo,study
20,pseudo,study
213,pseudo,study
175,pseudo,study
214,real,study
61,pseudo,study
187,pseudo,study
24,real,study
201,real,study
15,pseudo,study
219,real,study
119,real,study
174,pseudo,study
