158,real,study
63,pseudo,study
107,real,study
54,real,study
54,real,study
73,pseudo,study
230,real,study
3,pseudo,study
173,pseudo,study
208,pseudo,study
83,real,study
62,pseudo,study
146,real,study
131,real,study
236,pseudo,study
180,pseudo,study
124,pseudo,study
144,real,study
111,real,study
110,pseudo,study
198,pseudo,study
24,pseudo,study
180,pseudo,study
168,pseudo,study
51,pseudo,study
48,real,study
94,real,study
230,real,study
92,real,study
47,pseudo,study
188,real,study
105,pseudo,study
94,real,study
81,real,study
94,pseudo,study
136,real,study
212,real,study
110,pseudo,study
196,real,study
108,pseudo,study
14,pseudo,study
6,real,study
129,real,study
95,pseudo,study
53,pseudo,study
81,pseudo,study
144,real,study
196,real,study
49,real,study
235,real,study
165,pseudo,study
233,real,study
235,pseudo,study
165,pseudo,study
31,pseudo,study
81,real,study
97,pseudo,study
48,real,study
232,real,study
25,real,study
226,pseudo,study
51,real,study
80,real,study
129,real,study
23,real,study
148,pseudo,study
38,pseudo,study
46,pseudo,study
156,real,study
22,real,study
107,real,study
60,pseudo,study
211,real,study
131,real,study
80,real,study
148,pseudo,study
23,real,study
236,pseudo,study
2,pseudo,study
53,pseudo,study
211,real,study
235,pseudo,study
116,pseudo,study
209,pseudo,study
27,real,study
65,real,study
25,real,study
158,real,study
184,real,study
47,pseudo,study
27,real,study
95,pseudo,study
136,real,study
39,pseudo,study
208,pseudo,study
38,pseudo,study
226,pseudo,study
212,real,study
150,real,study
83,real,study
31,pseudo,study
96,pseudo,study
173,pseudo,study
97,pseudo,study
65,real,study
146,real,study
33,real,study
46,pseudo,study
73,pseudo,study
232,real,study
2,pseudo,study
51,pseudo,study
96,real,study
190,real,study
89,pseudo,study
63,pseudo,study
24,pseudo,study
184,real,study
96,pseudo,study
96,real,study
202,pseudo,study
108,pseudo,study
49,real,study
95,real,study
16,real,study
94,pseudo,study
33,real,study
105,pseudo,study
68,real,study
117,pseudo,study
14,pseudo,study
223,pseudo,study
95,real,study
6,real,study
209,pseudo,study
190,real,study
233,real,study
16,real,study
81,pseudo,study
62,pseudo,study
235,real,study
60,pseudo,study
202,pseudo,study
68,real,study
92,real,study
188,real,study
168,pseudo,study
22,real,study
111,real,study
39,pseudo,study
3,pseudo,study
89,pseudo,study
223,pseudo,study
116,pseudo,study
150,real,study
124,pseudo,study
51,real,study
156,real,study
117,pseudo,study
198,pseudo,study
