ego,real,study
process,real,study
spice,real,study
creath,pseudo,study
door,real,study
clars,pseudo,study
phote,pseudo,study
wosts,pseudo,study
rords,pseudo,study
yates,pseudo,study
froud,pseudo,study
spords,pseudo,study
phrise,pseudo,study
forge,real,study
states,real,study
chorce,pseudo,study
cleep,pseudo,study
shirl,pseudo,study
spoes,pseudo,study
veen,pseudo,study
froud,pseudo,study
vord,pseudo,study
prounds,pseudo,study
door,real,study
nont,pseudo,study
jet,real,study
meat,real,study
pair,real,study
marriage,real,study
peck,real,study
page,real,study
mood,real,study
longuisher,pseudo,study
prile,pseudo,study
guy,real,study
spords,pseudo,study
wash,real,study
chorce,pseudo,study
nones,pseudo,study
bit,real,study
yates,pseudo,study
community,real,study
skarts,pseudo,study
nurse,real,study
creath,pseudo,study
nonsense,real,study
bile,real,study
phrass,pseudo,study
change,real,study
longuisher,pseudo,study
spell,real,study
corner,real,study
surprise,real,study
marriage,real,study
frars,pseudo,study
fold,real,study
clars,pseudo,study
box,real,study
mood,real,study
neast,pseudo,study
forge,real,study
evidence,real,study
process,real,study
page,real,study
slouresce,pseudo,study
troes,pseudo,study
lore,real,study
troes,pseudo,study
nones,pseudo,study
trote,pseudo,study
peck,real,study
mule,real,study
phote,pseudo,study
yats,pseudo,study
groys,pseudo,study
zip,real,study
thown,pseudo,study
frost,real,study
phrise,pseudo,study
rords,pseudo,study
wresh,pseudo,study
yared,pseudo,study
change,real,study
lore,real,study
cat,real,study
states,real,study
mask,real,study
pair,real,study
evidence,real,study
taid,pseudo,study
thown,pseudo,study
wig,real,study
jet,real,study
surprise,real,study
mask,real,study
cleep,pseudo,study
aim,real,study
aim,real,study
stomes,pseudo,study
shroad,pseudo,study
spoes,pseudo,study
wash,real,study
frost,real,study
wresh,pseudo,study
voved,pseudo,study
tranders,pseudo,study
neast,pseudo,study
nont,pseudo,study
stomes,pseudo,study
frars,pseudo,study
crock,real,study
phrass,pseudo,study
smorth,pseudo,study
yats,pseudo,study
bead,real,study
crock,real,study
drum,real,study
spell,real,study
cat,real,study
skarts,pseudo,study
fight,real,study
bead,real,study
wosts,pseudo,study
voved,pseudo,study
prounds,pseudo,study
priend,pseudo,study
bile,real,study
trote,pseudo,study
prile,pseudo,study
smorth,pseudo,study
vord,pseudo,study
slouresce,pseudo,study
yared,pseudo,study
bit,real,study
fight,real,study
zip,real,study
tranders,pseudo,study
corner,real,study
priend,pseudo,study
ego,real,study
box,real,study
community,real,study
nonsense,real,study
wig,real,study
taid,pseudo,study
snow,real,study
shirl,pseudo,study
veen,pseudo,study
pength,pseudo,study
fold,real,study
guy,real,study
groys,pseudo,study
mule,real,study
pength,pseudo,study
nurse,real,study
meat,real,study
drum,real,study
snow,real,study
spice,real,study
shroad,pseudo,study
