snats,pseudo,study
mart,real,study
cruth,pseudo,study
zalk,pseudo,study
gomes,pseudo,study
science,real,study
thars,pseudo,study
wuite,pseudo,study
zalk,pseudo,study
release,real,study
wind,real,study
cring,pseudo,study
wax,real,study
wuite,pseudo,study
daughter,real,study
ratio,real,study
company,real,study
thairs,pseudo,study
nuse,pseudo,study
position,real,study
machine,real,study
bleast,pseudo,study
science,real,study
firm,real,study
cruth,pseudo,study
pruit,pseudo,study
dountian,pseudo,study
director,real,study
machine,real,study
cring,pseudo,study
half,real,study
staff,real,study
van,real,study
fountain,real,study
pup,real,study
thairs,pseudo,study
percent,real,study
giles,pseudo,study
dreptical,pseudo,study
theer,pseudo,study
firm,real,study
hese,pseudo,study
skreets,pseudo,study
twose,pseudo,study
flinness,pseudo,study
lace,real,study
percent,real,study
account,real,study
dreptical,pseudo,study
release,real,study
feed,real,study
chip,real,study
kreat,pseudo,study
mart,real,study
plense,pseudo,study
flench,pseudo,study
ghare,pseudo,study
respect,real,study
frawn,pseudo,study
birch,real,study
dountian,pseudo,study
staff,real,study
pup,real,study
interest,real,study
nuse,pseudo,study
gomes,pseudo,study
pives,pseudo,study
flight,real,study
crurch,pseudo,study
language,real,study
peach,real,study
support,real,study
skreets,pseudo,study
position,real,study
director,real,study
swene,pseudo,study
base,real,study
swene,pseudo,study
chelp,pseudo,study
neld,pseudo,study
twose,pseudo,study
jend,pseudo,study
mees,pseudo,study
toast,real,study
chelp,pseudo,study
princess,real,study
ratio,real,study
muck,real,study
interest,real,study
flinness,pseudo,study
iggitation,pseudo,study
inniberal,pseudo,study
pruit,pseudo,study
account,real,study
neld,pseudo,study
half,real,study
tract,real,study
peach,real,study
flench,pseudo,study
date,real,study
chip,real,study
wind,real,study
van,real,study
shem,pseudo,study
flight,real,study
toast,real,study
fountain,real,study
snats,pseudo,study
frawn,pseudo,study
shore,real,study
vills,pseudo,study
iggitation,pseudo,study
shem,pseudo,study
coal,real,study
date,real,study
support,real,study
bleast,pseudo,study
feed,real,study
jend,pseudo,study
rirls,pseudo,study
language,real,study
ghare,pseudo,study
wax,real,study
coal,real,study
daughter,real,study
company,real,study
base,real,study
tract,real,study
fonths,pseudo,study
pives,pseudo,study
vills,pseudo,study
plense,pseudo,study
respect,real,study
fonths,pseudo,study
inniberal,pseudo,study
mees,pseudo,study
trail,real,study
throuch,pseudo,study
theer,pseudo,study
giles,pseudo,study
birch,real,study
shore,real,study
prunk,pseudo,study
thars,pseudo,study
muck,real,study
princess,real,study
hese,pseudo,study
poison,real,study
floor,real,study
scruck,pseudo,study
trail,real,study
poison,real,study
floor,real,study
prunk,pseudo,study
rirls,pseudo,study
scruck,pseudo,study
throuch,pseudo,study
crurch,pseudo,study
kreat,pseudo,study
lace,real,study
